,X1,X2,X3,X4,X5,X6,X7,X8,Y1,Y2,ground_truth
0,0.98,514.5,294.0,110.25,7.0,2,0.0,0,0.25721218657320033,0.2809049286291408,0
1,0.98,514.5,294.0,110.25,7.0,3,0.0,0,0.25721218657320033,0.2809049286291408,0
2,0.98,514.5,294.0,110.25,7.0,4,0.0,0,0.25721218657320033,0.2809049286291408,0
3,0.98,514.5,294.0,110.25,7.0,5,0.0,0,0.25721218657320033,0.2809049286291408,0
4,0.9,563.5,318.5,122.5,7.0,2,0.0,0,0.39983823132919916,0.4680851063829788,0
5,0.9,563.5,318.5,122.5,7.0,3,0.0,0,0.41655432731194386,0.3899811473202262,0
6,0.9,563.5,318.5,122.5,7.0,4,0.0,0,0.3963332434618495,0.3840560193913278,0
7,0.9,563.5,318.5,122.5,7.0,5,0.0,0,0.06290050705095085,0.8712269852748818,1
8,0.86,588.0,294.0,147.0,7.0,2,0.0,0,0.36370989485036387,0.4416913546997037,0
9,0.86,588.0,294.0,147.0,7.0,3,0.0,0,0.3758425451604205,0.2981416644223,0
10,0.86,588.0,294.0,147.0,7.0,4,0.0,0,0.35939606362901044,0.33907891193105305,0
11,0.86,588.0,294.0,147.0,7.0,5,0.0,0,0.33162577514154756,0.45704282251548617,0
12,0.82,612.5,318.5,147.0,7.0,2,0.0,0,0.29765435427338904,0.3466199838405602,0
13,0.82,612.5,318.5,147.0,7.0,3,0.0,0,0.30736047452143433,0.2844061405871264,0
14,0.82,612.5,318.5,147.0,7.0,4,0.0,0,0.29495820976004306,0.2763264206840829,0
15,0.82,612.5,318.5,147.0,7.0,5,0.0,0,0.2688056079805877,0.3778615674656612,0
16,0.79,637.0,343.0,147.0,7.0,2,0.0,0,0.6069021299541655,0.7225962833288446,0
17,0.79,637.0,343.0,147.0,7.0,3,0.0,0,0.6441089242383391,0.5486129814166443,0
18,0.79,637.0,343.0,147.0,7.0,4,0.0,0,0.6368293340523051,0.5394559655265283,0
19,0.79,637.0,343.0,147.0,7.0,5,0.0,0,0.613103262334861,0.7686506867761917,0
20,0.76,661.5,416.5,122.5,7.0,2,0.0,0,0.5057967107036936,0.5087530298949636,0
21,0.76,661.5,416.5,122.5,7.0,3,0.0,0,0.4831490967915879,0.5057904659305144,0
22,0.76,661.5,416.5,122.5,7.0,4,0.0,0,0.5057967107036936,0.5087530298949636,0
23,0.76,661.5,416.5,122.5,7.0,5,0.0,0,0.4831490967915879,0.49824939402100726,0
24,0.74,686.0,245.0,220.5,3.5,2,0.0,0,0.0016176867080075485,0.0,0
25,0.74,686.0,245.0,220.5,3.5,3,0.0,0,0.0010784578053383564,0.007810395906275247,0
26,0.74,686.0,245.0,220.5,3.5,4,0.0,0,-0.11832975346226489,-0.4081500403284044,1
27,0.74,686.0,245.0,220.5,3.5,5,0.0,0,0.0008088433540037743,0.007271747912738991,0
28,0.71,710.5,269.5,220.5,3.5,2,0.0,0,-0.306045491799805,-0.3296128459036715,1
29,0.71,710.5,269.5,220.5,3.5,3,0.0,0,0.010514963602049093,0.022084567734985183,0
30,0.71,710.5,269.5,220.5,3.5,4,0.0,0,0.009706120248045291,0.010503635873956363,0
31,0.71,710.5,269.5,220.5,3.5,5,0.0,0,0.32216070164170385,-0.3513754163514628,1
32,0.69,735.0,294.0,220.5,3.5,2,0.0,0,0.02264761391210568,0.022623215728521384,0
33,0.69,735.0,294.0,220.5,3.5,3,0.0,0,0.35959353949688766,0.2836199742309476,1
34,0.69,735.0,294.0,220.5,3.5,4,0.0,0,0.02049069830142894,0.022353891731753284,0
35,0.69,735.0,294.0,220.5,3.5,5,0.0,0,0.021569156106767323,0.027740371667115515,0
36,0.66,759.5,318.5,220.5,3.5,2,0.0,0,0.0315448908061472,0.04039859951521679,0
37,0.66,759.5,318.5,220.5,3.5,3,0.0,0,0.029387975195470456,0.03582009157015892,0
38,0.66,759.5,318.5,220.5,3.5,4,0.0,0,0.029387975195470456,0.04039859951521679,0
39,0.66,759.5,318.5,220.5,3.5,5,0.0,0,0.029387975195470456,0.0333961755992459,0
40,0.64,784.0,343.0,220.5,3.5,2,0.0,0,0.1304933944459423,0.1583625100996499,0
41,0.64,784.0,343.0,220.5,3.5,3,0.0,0,0.12213534645456994,0.1589011580931861,0
42,0.64,784.0,343.0,220.5,3.5,4,0.0,0,0.12833647883526553,0.15755453810934555,0
43,0.64,784.0,343.0,220.5,3.5,5,0.0,0,0.12267457535723916,0.1553999461352007,0
44,0.62,808.5,367.5,220.5,3.5,2,0.0,0,0.0698301428956592,0.03151090762186909,0
45,0.62,808.5,367.5,220.5,3.5,3,0.0,0,-0.05319255097460272,0.3366909207411962,1
46,0.62,808.5,367.5,220.5,3.5,4,0.0,0,0.0657859261256403,0.03178023161863719,0
47,0.62,808.5,367.5,220.5,3.5,5,0.0,0,0.06713399838231329,0.03070293563156473,0
48,0.98,514.5,294.0,110.25,7.0,2,0.1,1,0.5006740361283364,0.41933746296795044,0
49,0.98,514.5,294.0,110.25,7.0,3,0.1,1,0.5020221083850094,0.4166442230002693,0
50,0.98,514.5,294.0,110.25,7.0,4,0.1,1,0.5020221083850094,0.4185294909776461,0
51,0.98,514.5,294.0,110.25,7.0,5,0.1,1,0.5009436505796709,0.4144896310261244,0
52,0.9,563.5,318.5,122.5,7.0,2,0.1,1,0.6206524669722296,0.5930514408833827,0
53,0.9,563.5,318.5,122.5,7.0,3,0.1,1,0.6433000808843353,0.5109076218691087,0
54,0.9,563.5,318.5,122.5,7.0,4,0.1,1,0.6236182259369102,0.5030972259628332,0
55,0.9,563.5,318.5,122.5,7.0,5,0.1,1,0.595308708546778,0.6310261244276865,0
56,0.86,588.0,294.0,147.0,7.0,2,0.1,1,0.546508492855217,0.5383786695394559,0
57,0.86,588.0,294.0,147.0,7.0,3,0.1,1,0.5634942032892962,0.39590627524912475,0
58,0.86,588.0,294.0,147.0,7.0,4,0.1,1,0.5489350229172283,0.43441960678696473,0
59,0.86,588.0,294.0,147.0,7.0,5,0.1,1,0.5192774332704232,0.5610018852679775,0
60,0.82,612.5,318.5,147.0,7.0,2,0.1,1,0.4723645187382043,0.44196067869647176,0
61,0.82,612.5,318.5,147.0,7.0,3,0.1,1,0.4858452413049339,0.377322919472125,0
62,0.82,612.5,318.5,147.0,7.0,4,0.1,1,0.47263413318953884,0.3692431995690815,0
63,0.82,612.5,318.5,147.0,7.0,5,0.1,1,0.44675114586141806,0.4742795583086454,0
64,0.79,637.0,343.0,147.0,7.0,2,0.1,1,0.7967107036937179,0.8289792620522489,0
65,0.79,637.0,343.0,147.0,7.0,3,0.1,1,0.8387705581019141,0.6566119041206571,0
66,0.79,637.0,343.0,147.0,7.0,4,0.1,1,0.8328390401725531,0.6337193643953676,0
67,0.79,637.0,343.0,147.0,7.0,5,0.1,1,0.8069560528444323,0.8734177215189873,0
68,0.76,661.5,416.5,122.5,7.0,2,0.1,1,0.7266109463467241,0.6186372205763533,0
69,0.76,661.5,416.5,122.5,7.0,3,0.1,1,0.7039633324346183,0.6240237005117155,0
70,0.76,661.5,416.5,122.5,7.0,4,0.1,1,0.7260717174440549,0.6259089684890924,0
71,0.76,661.5,416.5,122.5,7.0,5,0.1,1,0.7063898624966297,0.613250740640991,0
72,0.74,686.0,245.0,220.5,3.5,2,0.1,1,0.1172822863305473,0.06813897118233231,0
73,0.74,686.0,245.0,220.5,3.5,3,0.1,1,0.11916958748988946,0.07568004309183951,0
74,0.74,686.0,245.0,220.5,3.5,4,0.1,1,0.1172822863305473,0.06948559116617292,0
75,0.74,686.0,245.0,220.5,3.5,5,0.1,1,0.11809112968455107,0.07541071909507135,0
76,0.71,710.5,269.5,220.5,3.5,2,0.1,1,0.12671879212725803,0.07810395906275253,0
77,0.71,710.5,269.5,220.5,3.5,3,0.1,1,0.12914532218926936,0.09103151090762185,0
78,0.71,710.5,269.5,220.5,3.5,4,0.1,1,0.12644917767592342,0.07998922704012923,0
79,0.71,710.5,269.5,220.5,3.5,5,0.1,1,0.12779724993259636,0.09076218691085375,0
80,0.69,735.0,294.0,220.5,3.5,2,0.1,1,0.13750337018064165,0.09103151090762185,0
81,0.69,735.0,294.0,220.5,3.5,3,0.1,1,0.13804259908331087,0.09991920280096955,0
82,0.69,735.0,294.0,220.5,3.5,4,0.1,1,0.1369641412779725,0.0915701589011581,0
83,0.69,735.0,294.0,220.5,3.5,5,0.1,1,0.13885144243731465,0.09561001885267972,0
84,0.66,759.5,318.5,220.5,3.5,2,0.1,1,0.15287139390671337,0.08079719903043359,0
85,0.66,759.5,318.5,220.5,3.5,3,0.1,1,0.15314100835804798,0.07594936708860761,0
86,0.66,759.5,318.5,220.5,3.5,4,0.1,1,0.15341062280938253,0.08025855103689739,0
87,0.66,759.5,318.5,220.5,3.5,5,0.1,1,0.15314100835804798,0.0740640991112308,0
88,0.64,784.0,343.0,220.5,3.5,2,0.1,1,0.253437584254516,0.22811742526259088,0
89,0.64,784.0,343.0,220.5,3.5,3,0.1,1,0.24777568077648957,0.2297333692431996,0
90,0.64,784.0,343.0,220.5,3.5,4,0.1,1,0.7128363521468414,0.4721080307577309,1
91,0.64,784.0,343.0,220.5,3.5,5,0.1,1,0.24804529522782423,0.22677080527875032,0
92,0.62,808.5,367.5,220.5,3.5,2,0.1,1,0.1873820436775411,0.09264745488823051,0
93,0.62,808.5,367.5,220.5,3.5,3,0.1,1,0.18765165812887571,0.09695663883652034,0
94,0.62,808.5,367.5,220.5,3.5,4,0.1,1,0.18657320032353733,0.0923781308914624,0
95,0.62,808.5,367.5,220.5,3.5,5,0.1,1,0.47405095774593564,-0.18649011111052904,1
96,0.98,514.5,294.0,110.25,7.0,2,0.1,2,0.12017106942900324,0.8127721081989869,1
97,0.98,514.5,294.0,110.25,7.0,3,0.1,2,0.4933944459423024,0.396714247239429,0
98,0.98,514.5,294.0,110.25,7.0,4,0.1,2,0.48854138581827977,0.4101804470778346,0
99,0.98,514.5,294.0,110.25,7.0,5,0.1,2,0.49177675923429487,0.40371667115539994,0
100,0.9,563.5,318.5,122.5,7.0,2,0.1,2,0.4500838059606452,0.8753604961946101,1
101,0.9,563.5,318.5,122.5,7.0,3,0.1,2,0.638177406308978,0.4993266900080798,0
102,0.9,563.5,318.5,122.5,7.0,4,0.1,2,0.6152601779455378,0.49717209803393475,0
103,0.9,563.5,318.5,122.5,7.0,5,0.1,2,0.5901860339714208,0.6275249124697011,0
104,0.86,588.0,294.0,147.0,7.0,2,0.1,2,0.5519007818819088,0.5389173175329922,0
105,0.86,588.0,294.0,147.0,7.0,3,0.1,2,0.14444164194549103,0.6038105976297101,1
106,0.86,588.0,294.0,147.0,7.0,4,0.1,2,0.5478565651118898,0.44330729868031243,0
107,0.86,588.0,294.0,147.0,7.0,5,0.1,2,0.5217039633324345,0.5655803932130352,0
108,0.82,612.5,318.5,147.0,7.0,2,0.1,2,0.47829603666756526,0.44384594667384863,0
109,0.82,612.5,318.5,147.0,7.0,3,0.1,2,0.49123753033162576,0.38028548343657415,0
110,0.82,612.5,318.5,147.0,7.0,4,0.1,2,0.4761391210568886,0.3743603555076757,0
111,0.82,612.5,318.5,147.0,7.0,5,0.1,2,0.4524130493394445,0.4818206302181524,0
112,0.79,637.0,343.0,147.0,7.0,2,0.1,2,0.7991372337557292,0.8125504982493941,0
113,0.79,637.0,343.0,147.0,7.0,3,0.1,2,0.8425451604205983,0.6388365203339617,0
114,0.79,637.0,343.0,147.0,7.0,4,0.1,2,0.8347263413318953,0.6186372205763533,0
115,0.79,637.0,343.0,147.0,7.0,5,0.1,2,1.2411444486076417,1.1917003517735907,1
116,0.76,661.5,416.5,122.5,7.0,2,0.1,2,0.7320032353734158,0.6197145165634257,0
117,0.76,661.5,416.5,122.5,7.0,3,0.1,2,0.7115125370719869,0.6240237005117155,0
118,0.76,661.5,416.5,122.5,7.0,4,0.1,2,0.7309247775680775,0.6267169404793966,0
119,0.76,661.5,416.5,122.5,7.0,5,0.1,2,0.7117821515233215,0.6162133046054403,0
120,0.74,686.0,245.0,220.5,3.5,2,0.1,2,0.11889997303855485,0.0670616751952599,0
121,0.74,686.0,245.0,220.5,3.5,3,0.1,2,0.11997843084389323,0.07594936708860761,0
122,0.74,686.0,245.0,220.5,3.5,4,0.1,2,0.11620382852520897,0.07190950713708594,0
123,0.74,686.0,245.0,220.5,3.5,5,0.1,2,0.11970881639255862,0.07783463506598437,0
124,0.71,710.5,269.5,220.5,3.5,2,0.1,2,0.12483149096791588,0.074602747104767,0
125,0.71,710.5,269.5,220.5,3.5,3,0.1,2,0.12698840657859264,0.08645300296256392,0
126,0.71,710.5,269.5,220.5,3.5,4,0.1,2,0.12240496090590455,0.07810395906275253,0
127,0.71,710.5,269.5,220.5,3.5,5,0.1,2,0.1259099487732542,0.08914624293024509,0
128,0.69,735.0,294.0,220.5,3.5,2,0.1,2,0.14667026152601778,0.06194451925666572,0
129,0.69,735.0,294.0,220.5,3.5,3,0.1,2,0.1469398759773524,0.07110153514678152,0
130,0.69,735.0,294.0,220.5,3.5,4,0.1,2,0.14316527365866807,0.06517640721788309,0
131,0.69,735.0,294.0,220.5,3.5,5,0.1,2,0.14774871933135617,0.07029356315647722,0
132,0.66,759.5,318.5,220.5,3.5,2,0.1,2,0.14667026152601778,0.10665230272017234,0
133,0.66,759.5,318.5,220.5,3.5,3,0.1,2,0.145861418172014,0.10368973875572313,0
134,0.66,759.5,318.5,220.5,3.5,4,0.1,2,0.14343488811000268,0.11042283867492592,0
135,0.66,759.5,318.5,220.5,3.5,5,0.1,2,0.14613103262334862,0.10342041475895503,0
136,0.64,784.0,343.0,220.5,3.5,2,0.1,2,0.253437584254516,0.22434688930783736,0
137,0.64,784.0,343.0,220.5,3.5,3,0.1,2,0.2472364518738204,0.22730945327228652,0
138,0.64,784.0,343.0,220.5,3.5,4,0.1,2,0.2515502830951739,0.22677080527875032,0
139,0.64,784.0,343.0,220.5,3.5,5,0.1,2,0.247506066325155,0.22623215728521412,0
140,0.62,808.5,367.5,220.5,3.5,2,0.1,2,0.1852251280668644,0.09345542687853486,0
141,0.62,808.5,367.5,220.5,3.5,3,0.1,2,0.1884605014828795,0.0988419068138971,0
142,0.62,808.5,367.5,220.5,3.5,4,0.1,2,0.18765165812887571,0.09076218691085375,0
143,0.62,808.5,367.5,220.5,3.5,5,0.1,2,0.024177961783446472,0.2979333456342606,1
144,0.98,514.5,294.0,110.25,7.0,2,0.1,3,0.49258560258829864,0.39806086722326955,0
145,0.98,514.5,294.0,110.25,7.0,3,0.1,3,0.49582097600431374,0.4072178831133854,0
146,0.98,514.5,294.0,110.25,7.0,4,0.1,3,0.48800215691561055,0.4023700511715594,0
147,0.98,514.5,294.0,110.25,7.0,5,0.1,3,0.49447290374764086,0.41044977107460273,0
148,0.9,563.5,318.5,122.5,7.0,2,0.1,3,0.5947694796441089,0.6259089684890924,0
149,0.9,563.5,318.5,122.5,7.0,3,0.1,3,0.6201132380695604,0.591166172906006,0
150,0.9,563.5,318.5,122.5,7.0,4,0.1,3,0.6365597196009706,0.5165634258012388,0
151,0.9,563.5,318.5,122.5,7.0,5,0.1,3,0.6211916958748989,0.5055211419337464,0
152,0.86,588.0,294.0,147.0,7.0,2,0.1,3,0.5230520355891075,0.5610018852679775,0
153,0.86,588.0,294.0,147.0,7.0,3,0.1,3,0.5516311674305742,0.5416105575006733,0
154,0.86,588.0,294.0,147.0,7.0,4,0.1,3,0.562954974386627,0.403985995152168,0
155,0.86,588.0,294.0,147.0,7.0,5,0.1,3,0.5513615529792396,0.44438459466738484,0
156,0.82,612.5,318.5,147.0,7.0,2,0.1,3,0.4561876516581288,0.47885806625370314,0
157,0.82,612.5,318.5,147.0,7.0,3,0.1,3,0.4807225667295766,0.44815513062213835,0
158,0.82,612.5,318.5,147.0,7.0,4,0.1,3,0.4896198436236182,0.38917317532992196,0
159,0.82,612.5,318.5,147.0,7.0,5,0.1,3,0.48153141008358047,0.3778615674656612,0
160,0.79,637.0,343.0,147.0,7.0,2,0.1,3,0.4332964027057583,0.7435168479560514,1
161,0.79,637.0,343.0,147.0,7.0,3,0.1,3,0.794553788083041,0.8165903582009157,0
162,0.79,637.0,343.0,147.0,7.0,4,0.1,3,0.8347263413318953,0.6517640721788311,0
163,0.79,637.0,343.0,147.0,7.0,5,0.1,3,0.8274467511458614,0.6299488284406141,0
164,0.76,661.5,416.5,122.5,7.0,2,0.1,3,0.39905433793010026,0.815297469541107,1
165,0.76,661.5,416.5,122.5,7.0,3,0.1,3,0.735238608789431,0.6251009964987879,0
166,0.76,661.5,416.5,122.5,7.0,4,0.1,3,0.7096252359126448,0.6350659843792081,0
167,0.76,661.5,416.5,122.5,7.0,5,0.1,3,0.7341601509840927,0.6356046323727444,0
168,0.74,686.0,245.0,220.5,3.5,2,0.1,3,0.11809112968455107,0.07271747912739024,0
169,0.74,686.0,245.0,220.5,3.5,3,0.1,3,0.11674305742787813,0.06625370320495555,0
170,0.74,686.0,245.0,220.5,3.5,4,0.1,3,0.11701267187921269,0.0740640991112308,0
171,0.74,686.0,245.0,220.5,3.5,5,0.1,3,0.11782151523321652,0.06975491516294102,0
172,0.71,710.5,269.5,220.5,3.5,2,0.1,3,0.12833647883526553,0.08726097495286833,0
173,0.71,710.5,269.5,220.5,3.5,3,0.1,3,0.1259099487732542,0.07729598707244811,0
174,0.71,710.5,269.5,220.5,3.5,4,0.1,3,0.1259099487732542,0.0915701589011581,0
175,0.71,710.5,269.5,220.5,3.5,5,0.1,3,0.12644917767592342,0.07998922704012923,0
176,0.69,735.0,294.0,220.5,3.5,2,0.1,3,0.1404691291453222,0.09534069485591162,0
177,0.69,735.0,294.0,220.5,3.5,3,0.1,3,0.13885144243731465,0.09076218691085375,0
178,0.69,735.0,294.0,220.5,3.5,4,0.1,3,0.13723375572930704,0.10153514678157821,0
179,0.69,735.0,294.0,220.5,3.5,5,0.1,3,0.13831221353464548,0.09426339886883922,0
180,0.66,759.5,318.5,220.5,3.5,2,0.1,3,0.15044486384470204,0.06894694317263672,0
181,0.66,759.5,318.5,220.5,3.5,3,0.1,3,0.15071447829603665,0.07541071909507135,0
182,0.66,759.5,318.5,220.5,3.5,4,0.1,3,0.1488271771366945,0.07244815513062214,0
183,0.66,759.5,318.5,220.5,3.5,5,0.1,3,0.1509840927473712,0.07891193105305683,0
184,0.64,784.0,343.0,220.5,3.5,2,0.1,3,0.24669722297115124,0.2219229733369243,0
185,0.64,784.0,343.0,220.5,3.5,3,0.1,3,0.252089511997843,0.2230002693239968,0
186,0.64,784.0,343.0,220.5,3.5,4,0.1,3,0.24561876516581285,0.22811742526259088,0
187,0.64,784.0,343.0,220.5,3.5,5,0.1,3,0.252089511997843,0.22596283328844596,0
188,0.62,808.5,367.5,220.5,3.5,2,0.1,3,0.17983283904017253,0.08591435496902772,0
189,0.62,808.5,367.5,220.5,3.5,3,0.1,3,0.1784847667834996,0.08968489092378129,0
190,0.62,808.5,367.5,220.5,3.5,4,0.1,3,0.18064168239417636,0.08726097495286833,0
191,0.62,808.5,367.5,220.5,3.5,5,0.1,3,0.18118091129684552,0.08052787503366549,0
192,0.98,514.5,294.0,110.25,7.0,2,0.1,4,0.4952817471016445,0.40425531914893614,0
193,0.98,514.5,294.0,110.25,7.0,3,0.1,4,0.49123753033162576,0.39913816321034196,0
194,0.98,514.5,294.0,110.25,7.0,4,0.1,4,0.48611485575626845,0.41152706706167513,0
195,0.98,514.5,294.0,110.25,7.0,5,0.1,4,0.4936640603936371,0.40317802316186374,0
196,0.9,563.5,318.5,122.5,7.0,2,0.1,4,0.6214613103262333,0.49663345004039855,0
197,0.9,563.5,318.5,122.5,7.0,3,0.1,4,0.5942302507414396,0.6197145165634257,0
198,0.9,563.5,318.5,122.5,7.0,4,0.1,4,0.6160690212995416,0.5906275249124697,0
199,0.9,563.5,318.5,122.5,7.0,5,0.1,4,0.6411431652736586,0.5122542418529492,0
200,0.86,588.0,294.0,147.0,7.0,2,0.1,4,0.5508223240765705,0.43819014274171836,0
201,0.86,588.0,294.0,147.0,7.0,3,0.1,4,0.5219735777837692,0.5618098572582817,0
202,0.86,588.0,294.0,147.0,7.0,4,0.1,4,0.5478565651118898,0.5429571774845139,0
203,0.86,588.0,294.0,147.0,7.0,5,0.1,4,0.5667295767053113,0.401562079181255,0
204,0.82,612.5,318.5,147.0,7.0,2,0.1,4,0.6754250330594618,-0.08196064011253473,1
205,0.82,612.5,318.5,147.0,7.0,3,0.1,4,0.45268266379077915,0.4769727982763264,0
206,0.82,612.5,318.5,147.0,7.0,4,0.1,4,0.47398220544621184,0.4489631026124427,0
207,0.82,612.5,318.5,147.0,7.0,5,0.1,4,0.4915071447829602,0.3840560193913278,0
208,0.79,637.0,343.0,147.0,7.0,2,0.1,4,0.8317605823672147,0.6288715324535417,0
209,0.79,637.0,343.0,147.0,7.0,3,0.1,4,0.8056079805877594,0.8726097495286829,0
210,0.79,637.0,343.0,147.0,7.0,4,0.1,4,0.7937449447290374,0.8338270939940748,0
211,0.79,637.0,343.0,147.0,7.0,5,0.1,4,0.838231329199245,0.6568812281174252,0
212,0.76,661.5,416.5,122.5,7.0,2,0.1,4,0.7298463197627392,0.6251009964987879,0
213,0.76,661.5,416.5,122.5,7.0,3,0.1,4,0.7109733081693178,0.6119041206571505,0
214,0.76,661.5,416.5,122.5,7.0,4,0.1,4,0.7301159342140738,0.6191758685698896,0
215,0.76,661.5,416.5,122.5,7.0,5,0.1,4,0.7090860070099757,0.6234850525181792,0
216,0.74,686.0,245.0,220.5,3.5,2,0.1,4,0.10973308169317877,0.06194451925666572,0
217,0.74,686.0,245.0,220.5,3.5,3,0.1,4,0.11162038285252088,0.06625370320495555,0
218,0.74,686.0,245.0,220.5,3.5,4,0.1,4,0.10946346724184416,0.062213843253433876,0
219,0.74,686.0,245.0,220.5,3.5,5,0.1,4,0.11135076840118632,0.07083221115001342,0
220,0.71,710.5,269.5,220.5,3.5,2,0.1,4,0.12537071987058504,0.074602747104767,0
221,0.71,710.5,269.5,220.5,3.5,3,0.1,4,0.5461469531179338,-0.11274020660878226,1
222,0.71,710.5,269.5,220.5,3.5,4,0.1,4,0.12186573200323533,0.07783463506598437,0
223,0.71,710.5,269.5,220.5,3.5,5,0.1,4,0.12698840657859264,0.08887691893347693,0
224,0.69,735.0,294.0,220.5,3.5,2,0.1,4,0.2840115407783344,0.25456393664225785,1
225,0.69,735.0,294.0,220.5,3.5,3,0.1,4,0.1404691291453222,0.09668731483975224,0
226,0.69,735.0,294.0,220.5,3.5,4,0.1,4,0.4116649459411049,0.24320372520968173,1
227,0.69,735.0,294.0,220.5,3.5,5,0.1,4,0.13992990024265298,0.10315109076218693,0
228,0.66,759.5,318.5,220.5,3.5,2,0.1,4,0.14640064707468317,0.10665230272017234,0
229,0.66,759.5,318.5,220.5,3.5,3,0.1,4,-0.19779098409478127,-0.21212080403030503,1
230,0.66,759.5,318.5,220.5,3.5,4,0.1,4,0.14343488811000268,0.11042283867492592,0
231,0.66,759.5,318.5,220.5,3.5,5,0.1,4,0.14613103262334862,0.10584433072986804,0
232,0.64,784.0,343.0,220.5,3.5,2,0.1,4,0.25316796980318146,0.2246162133046054,0
233,0.64,784.0,343.0,220.5,3.5,3,0.1,4,0.247506066325155,0.22488553730137356,0
234,0.64,784.0,343.0,220.5,3.5,4,0.1,4,0.2510110541925047,0.22946404524643155,0
235,0.64,784.0,343.0,220.5,3.5,5,0.1,4,0.24669722297115124,0.23107998922704015,0
236,0.62,808.5,367.5,220.5,3.5,2,0.1,4,0.18441628471286056,0.09345542687853486,0
237,0.62,808.5,367.5,220.5,3.5,3,0.1,4,0.18953895928821782,0.09264745488823051,0
238,0.62,808.5,367.5,220.5,3.5,4,0.1,4,0.1884605014828795,0.09103151090762185,0
239,0.62,808.5,367.5,220.5,3.5,5,0.1,4,-0.2930658695255526,0.5849039063942618,1
240,0.98,514.5,294.0,110.25,7.0,2,0.1,5,0.49447290374764086,0.39698357123619715,0
241,0.98,514.5,294.0,110.25,7.0,3,0.1,5,0.4939336748449715,0.4061405871263129,0
242,0.98,514.5,294.0,110.25,7.0,4,0.1,5,0.4858452413049339,0.4034473471586318,0
243,0.98,514.5,294.0,110.25,7.0,5,0.1,5,0.49204637368562953,0.41152706706167513,0
244,0.9,563.5,318.5,122.5,7.0,2,0.1,5,0.6422216230789969,0.5095610018852679,0
245,0.9,563.5,318.5,122.5,7.0,3,0.1,5,0.6220005392289025,0.5014812819822245,0
246,0.9,563.5,318.5,122.5,7.0,4,0.1,5,0.5936910218387705,0.6342580123889039,0
247,0.9,563.5,318.5,122.5,7.0,5,0.1,5,0.620382852520895,0.5954753568542956,0
248,0.86,588.0,294.0,147.0,7.0,2,0.1,5,0.5667295767053113,0.4018314031780232,0
249,0.86,588.0,294.0,147.0,7.0,3,0.1,5,0.551091938527905,0.44249932669000797,0
250,0.86,588.0,294.0,147.0,7.0,4,0.1,5,0.5217039633324345,0.5693509291677887,0
251,0.86,588.0,294.0,147.0,7.0,5,0.1,5,0.7348947508365,0.929610430796833,1
252,0.82,612.5,318.5,147.0,7.0,2,0.1,5,0.49501213265030997,0.3827093994074872,0
253,0.82,612.5,318.5,147.0,7.0,3,0.1,5,0.4820706389862496,0.37355238351737136,0
254,0.82,612.5,318.5,147.0,7.0,4,0.1,5,0.4551091938527905,0.4842445461890654,0
255,0.82,612.5,318.5,147.0,7.0,5,0.1,5,0.4812617956322458,0.45219499057366014,0
256,0.79,637.0,343.0,147.0,7.0,2,0.1,5,0.8363440280399028,0.6488015082143819,0
257,0.79,637.0,343.0,147.0,7.0,3,0.1,5,0.827716365597196,0.6269862644761648,0
258,0.79,637.0,343.0,147.0,7.0,4,0.1,5,0.8293340523052035,0.8683005655803933,0
259,0.79,637.0,343.0,147.0,7.0,5,0.1,5,0.794553788083041,0.8176676541879881,0
260,0.76,661.5,416.5,122.5,7.0,2,0.1,5,0.7090860070099757,0.6288715324535417,0
261,0.76,661.5,416.5,122.5,7.0,3,0.1,5,0.7333513076300889,0.6315647724212228,0
262,0.76,661.5,416.5,122.5,7.0,4,0.1,5,0.7131302237799946,0.6124427686506868,0
263,0.76,661.5,416.5,122.5,7.0,5,0.1,5,0.7349689943380965,0.6189065445731214,0
264,0.74,686.0,245.0,220.5,3.5,2,0.1,5,0.12024804529522784,0.0740640991112308,0
265,0.74,686.0,245.0,220.5,3.5,3,0.1,5,0.11755190078188185,0.06840829517910041,0
266,0.74,686.0,245.0,220.5,3.5,4,0.1,5,0.11674305742787813,0.07594936708860761,0
267,0.74,686.0,245.0,220.5,3.5,5,0.1,5,0.11809112968455107,0.07002423915970912,0
268,0.71,710.5,269.5,220.5,3.5,2,0.1,5,0.12860609328660014,0.08833827093994073,0
269,0.71,710.5,269.5,220.5,3.5,3,0.1,5,0.12644917767592342,0.07675733907891191,0
270,0.71,710.5,269.5,220.5,3.5,4,0.1,5,0.12564033432191965,0.09049286291408565,0
271,0.71,710.5,269.5,220.5,3.5,5,0.1,5,-0.12460821770153627,-0.31866234911796015,1
272,0.69,735.0,294.0,220.5,3.5,2,0.1,5,0.1401995146939876,0.0983032588203609,0
273,0.69,735.0,294.0,220.5,3.5,3,0.1,5,0.13831221353464548,0.09103151090762185,0
274,0.69,735.0,294.0,220.5,3.5,4,0.1,5,0.13750337018064165,0.09587934284944788,0
275,0.69,735.0,294.0,220.5,3.5,5,0.1,5,0.13885144243731465,0.09399407487207112,0
276,0.66,759.5,318.5,220.5,3.5,2,0.1,5,0.14478296036667568,0.09803393482359274,0
277,0.66,759.5,318.5,220.5,3.5,3,0.1,5,0.1437045025613373,0.10530568273633178,0
278,0.66,759.5,318.5,220.5,3.5,4,0.1,5,0.1404691291453222,0.10099649878804201,0
279,0.66,759.5,318.5,220.5,3.5,5,0.1,5,0.1437045025613373,0.10692162671694044,0
280,0.64,784.0,343.0,220.5,3.5,2,0.1,5,0.24669722297115124,0.2246162133046054,0
281,0.64,784.0,343.0,220.5,3.5,3,0.1,5,0.2523591264491777,0.2230002693239968,0
282,0.64,784.0,343.0,220.5,3.5,4,0.1,5,0.5998925428715729,0.39021650016057563,1
283,0.64,784.0,343.0,220.5,3.5,5,0.1,5,0.252089511997843,0.22596283328844596,0
284,0.62,808.5,367.5,220.5,3.5,2,0.1,5,0.1774063089781612,0.08995421492054939,0
285,0.62,808.5,367.5,220.5,3.5,3,0.1,5,-0.010126187776281687,-0.3611716930936882,1
286,0.62,808.5,367.5,220.5,3.5,4,0.1,5,0.18306821245618768,0.0832211150013466,0
287,0.62,808.5,367.5,220.5,3.5,5,0.1,5,0.17821515233216498,0.08753029894963643,0
288,0.98,514.5,294.0,110.25,7.0,2,0.25,1,0.5969263952547855,0.5087530298949636,0
289,0.98,514.5,294.0,110.25,7.0,3,0.25,1,0.5969263952547855,0.5087530298949636,0
290,0.98,514.5,294.0,110.25,7.0,4,0.25,1,0.6028579131841466,0.49501750605978995,0
291,0.98,514.5,294.0,110.25,7.0,5,0.25,1,0.6039363709894849,0.5006733099919203,0
292,0.9,563.5,318.5,122.5,7.0,2,0.25,1,0.7190617417093556,0.6792351198491784,0
293,0.9,563.5,318.5,122.5,7.0,3,0.25,1,0.7406308978161228,0.5997845408025855,0
294,0.9,563.5,318.5,122.5,7.0,4,0.25,1,0.7233755729307091,0.5873956369512523,0
295,0.9,563.5,318.5,122.5,7.0,5,0.25,1,0.7007279590186033,0.718556423377323,0
296,0.86,588.0,294.0,147.0,7.0,2,0.25,1,0.6344028039902938,0.6215997845408026,0
297,0.86,588.0,294.0,147.0,7.0,3,0.25,1,0.648153141008358,0.4769727982763264,0
298,0.86,588.0,294.0,147.0,7.0,4,0.25,1,0.6360204906983014,0.5176407217883114,0
299,0.86,588.0,294.0,147.0,7.0,5,0.25,1,0.6106767322728497,0.6417990842984109,0
300,0.82,612.5,318.5,147.0,7.0,2,0.25,1,0.5616069021299541,0.518987341772152,0
301,0.82,612.5,318.5,147.0,7.0,3,0.25,1,0.5732003235373415,0.4562348505251818,0
302,0.82,612.5,318.5,147.0,7.0,4,0.25,1,0.5651118899973038,0.44034473471586316,0
303,0.82,612.5,318.5,147.0,7.0,5,0.25,1,0.5440819627932056,0.5518448693778615,0
304,0.79,637.0,343.0,147.0,7.0,2,0.25,1,0.8805607980587759,0.8860759493670887,0
305,0.79,637.0,343.0,147.0,7.0,3,0.25,1,0.9172283634402804,0.7247508753029896,0
306,0.79,637.0,343.0,147.0,7.0,4,0.25,1,0.9126449177675923,0.6988957716132507,0
307,0.79,637.0,343.0,147.0,7.0,5,0.25,1,0.8905365327581557,0.932399676811204,0
308,0.76,661.5,416.5,122.5,7.0,2,0.25,1,0.8344567268805607,0.6988957716132507,0
309,0.76,661.5,416.5,122.5,7.0,3,0.25,1,0.8120787274197897,0.718556423377323,0
310,0.76,661.5,416.5,122.5,7.0,4,0.25,1,0.8331086546238876,0.7150552114193376,0
311,0.76,661.5,416.5,122.5,7.0,5,0.25,1,0.8201671609598273,0.692701319687584,0
312,0.74,686.0,245.0,220.5,3.5,2,0.25,1,0.17309247775680772,0.11553999461352005,0
313,0.74,686.0,245.0,220.5,3.5,3,0.25,1,0.17497977891614988,0.12388903851333155,0
314,0.74,686.0,245.0,220.5,3.5,4,0.25,1,0.17255324885413856,0.11796391058443306,0
315,0.74,686.0,245.0,220.5,3.5,5,0.25,1,0.1736317066594769,0.12388903851333155,0
316,0.71,710.5,269.5,220.5,3.5,2,0.25,1,0.17686708007549204,0.12173444653918664,0
317,0.71,710.5,269.5,220.5,3.5,3,0.25,1,0.17902399568616875,0.13331537840021546,0
318,0.71,710.5,269.5,220.5,3.5,4,0.25,1,0.17686708007549204,0.12227309453272284,0
319,0.71,710.5,269.5,220.5,3.5,5,0.25,1,0.1784847667834996,0.132238082413143,0
320,0.69,735.0,294.0,220.5,3.5,2,0.25,1,0.18252898355351846,0.1160786426070563,0
321,0.69,735.0,294.0,220.5,3.5,3,0.25,1,0.18657320032353733,0.12739025047131702,0
322,0.69,735.0,294.0,220.5,3.5,4,0.25,1,0.18118091129684552,0.1233503905197953,0
323,0.69,735.0,294.0,220.5,3.5,5,0.25,1,0.1809112968455109,0.13143011042283864,0
324,0.66,759.5,318.5,220.5,3.5,2,0.25,1,0.19304394715556752,0.1478588742256935,0
325,0.66,759.5,318.5,220.5,3.5,3,0.25,1,0.19331356160690208,0.14462698626447612,0
326,0.66,759.5,318.5,220.5,3.5,4,0.25,1,0.19304394715556752,0.1478588742256935,0
327,0.66,759.5,318.5,220.5,3.5,5,0.25,1,0.19331356160690208,0.14247239429033132,0
328,0.64,784.0,343.0,220.5,3.5,2,0.25,1,0.30978700458344566,0.27551844869377856,0
329,0.64,784.0,343.0,220.5,3.5,3,0.25,1,0.3057427878134268,0.2771343926743873,0
330,0.64,784.0,343.0,220.5,3.5,4,0.25,1,0.31032623348611477,0.27444115270670616,0
331,0.64,784.0,343.0,220.5,3.5,5,0.25,1,0.306282016716096,0.274171828709938,0
332,0.62,808.5,367.5,220.5,3.5,2,0.25,1,0.24480992181180908,0.13116078642607054,0
333,0.62,808.5,367.5,220.5,3.5,3,0.25,1,0.24561876516581285,0.13600861836789657,0
334,0.62,808.5,367.5,220.5,3.5,4,0.25,1,0.24454030736047452,0.13116078642607054,0
335,0.62,808.5,367.5,220.5,3.5,5,0.25,1,0.24669722297115124,0.13089146242930244,0
336,0.98,514.5,294.0,110.25,7.0,2,0.25,2,0.6109463467241844,0.5041745219499056,0
337,0.98,514.5,294.0,110.25,7.0,3,0.25,2,0.6082502022108384,0.5060597899272825,0
338,0.98,514.5,294.0,110.25,7.0,4,0.25,2,0.5977352386087893,0.5192566657689199,0
339,0.98,514.5,294.0,110.25,7.0,5,0.25,2,0.6090590455648422,0.5149474818206301,0
340,0.9,563.5,318.5,122.5,7.0,2,0.25,2,0.7131302237799946,0.6641529760301643,0
341,0.9,563.5,318.5,122.5,7.0,3,0.25,2,0.7349689943380965,0.5855103689738757,0
342,0.9,563.5,318.5,122.5,7.0,4,0.25,2,0.7096252359126448,0.589011580931861,0
343,0.9,563.5,318.5,122.5,7.0,5,0.25,2,0.6915610676732272,0.7223269593320765,0
344,0.86,588.0,294.0,147.0,7.0,2,0.25,2,0.6290105149636019,0.6051710207379477,0
345,0.86,588.0,294.0,147.0,7.0,3,0.25,2,0.3287857793201976,0.18882881457526068,1
346,0.86,588.0,294.0,147.0,7.0,4,0.25,2,0.6271232138042598,0.5117155938594129,0
347,0.86,588.0,294.0,147.0,7.0,5,0.25,2,0.6036667565381503,0.6361432803662808,0
348,0.82,612.5,318.5,147.0,7.0,2,0.25,2,0.5319493124831489,0.46781578238621063,0
349,0.82,612.5,318.5,147.0,7.0,3,0.25,2,0.7801390859510008,0.719344206024258,1
350,0.82,612.5,318.5,147.0,7.0,4,0.25,2,0.5222431922351037,0.4260705628871532,0
351,0.82,612.5,318.5,147.0,7.0,5,0.25,2,0.5103801563763817,0.5111769458658766,0
352,0.79,637.0,343.0,147.0,7.0,2,0.25,2,0.8778646535454299,0.8876918933476974,0
353,0.79,637.0,343.0,147.0,7.0,3,0.25,2,1.1276234179304945,0.928077607011033,1
354,0.79,637.0,343.0,147.0,7.0,4,0.25,2,0.9156106767322726,0.6967411796391059,0
355,0.79,637.0,343.0,147.0,7.0,5,0.25,2,0.8889188460501481,0.944519256665769,0
356,0.76,661.5,416.5,122.5,7.0,2,0.25,2,0.8341871124292262,0.699434419606787,0
357,0.76,661.5,416.5,122.5,7.0,3,0.25,2,0.8161229441898085,0.7123619714516565,0
358,0.76,661.5,416.5,122.5,7.0,4,0.25,2,0.8317605823672147,0.7104767034742796,0
359,0.76,661.5,416.5,122.5,7.0,5,0.25,2,0.8207063898624966,0.6978184756261783,0
360,0.74,686.0,245.0,220.5,3.5,2,0.25,2,0.170935562146131,0.10315109076218693,0
361,0.74,686.0,245.0,220.5,3.5,3,0.25,2,0.1736317066594769,0.11311607864260703,0
362,0.74,686.0,245.0,220.5,3.5,4,0.25,2,0.1658128875707738,0.11527067061675195,0
363,0.74,686.0,245.0,220.5,3.5,5,0.25,2,0.16958748988945807,0.12227309453272284,0
364,0.71,710.5,269.5,220.5,3.5,2,0.25,2,0.17039633324346184,0.1079989227040129,0
365,0.71,710.5,269.5,220.5,3.5,3,0.25,2,0.16931787543812346,0.12119579854565043,0
366,0.71,710.5,269.5,220.5,3.5,4,0.25,2,0.16689134537611214,0.10880689469431726,0
367,0.71,710.5,269.5,220.5,3.5,5,0.25,2,0.17471016446481533,0.11904120657150552,0
368,0.69,735.0,294.0,220.5,3.5,2,0.25,2,0.64539343091708,-0.1271615610838987,1
369,0.69,735.0,294.0,220.5,3.5,3,0.25,2,0.18495551361552973,0.13331537840021546,0
370,0.69,735.0,294.0,220.5,3.5,4,0.25,2,0.18118091129684552,0.12819822246162133,0
371,0.69,735.0,294.0,220.5,3.5,5,0.25,2,0.1871124292262065,0.13708591435496903,0
372,0.66,759.5,318.5,220.5,3.5,2,0.25,2,0.18980857373955243,0.1343926743872879,0
373,0.66,759.5,318.5,220.5,3.5,3,0.25,2,0.18657320032353733,0.13331537840021546,0
374,0.66,759.5,318.5,220.5,3.5,4,0.25,2,0.18225936910218385,0.14328036628063556,0
375,0.66,759.5,318.5,220.5,3.5,5,0.25,2,0.1884605014828795,0.13385402639375166,0
376,0.64,784.0,343.0,220.5,3.5,2,0.25,2,0.30008088433540037,0.25774306490708315,0
377,0.64,784.0,343.0,220.5,3.5,3,0.25,2,0.2919924507953626,0.2601669808779962,0
378,0.64,784.0,343.0,220.5,3.5,4,0.25,2,0.29684551091938527,0.2580123889038513,0
379,0.64,784.0,343.0,220.5,3.5,5,0.25,2,0.2992720409813966,0.25666576892001075,0
380,0.62,808.5,367.5,220.5,3.5,2,0.25,2,0.22458883796171472,0.11904120657150552,0
381,0.62,808.5,367.5,220.5,3.5,3,0.25,2,0.23321650040442168,0.12765957446808512,0
382,0.62,808.5,367.5,220.5,3.5,4,0.25,2,0.23159881369641408,0.11419337462967949,0
383,0.62,808.5,367.5,220.5,3.5,5,0.25,2,0.23159881369641408,0.11850255857796932,0
384,0.98,514.5,294.0,110.25,7.0,2,0.25,3,0.6109463467241844,0.4990573660113116,0
385,0.98,514.5,294.0,110.25,7.0,3,0.25,3,0.6079805877595038,0.5084837058981955,0
386,0.98,514.5,294.0,110.25,7.0,4,0.25,3,0.5974656241574547,0.5171020737947751,0
387,0.98,514.5,294.0,110.25,7.0,5,0.25,3,0.6098678889188459,0.5195259897656881,0
388,0.9,563.5,318.5,122.5,7.0,2,0.25,3,0.6907522243192233,0.6854295717748451,0
389,0.9,563.5,318.5,122.5,7.0,3,0.25,3,0.7115125370719869,0.6517640721788311,0
390,0.9,563.5,318.5,122.5,7.0,4,0.25,3,0.5988264098994031,0.10302902199856923,1
391,0.9,563.5,318.5,122.5,7.0,5,0.25,3,0.7085467781073064,0.5806625370320495,0
392,0.86,588.0,294.0,147.0,7.0,2,0.25,3,0.6036667565381503,0.6092108806894696,0
393,0.86,588.0,294.0,147.0,7.0,3,0.25,3,0.6306282016716095,0.5933207648801508,0
394,0.86,588.0,294.0,147.0,7.0,4,0.25,3,0.6314370450256133,0.4707783463506598,0
395,0.86,588.0,294.0,147.0,7.0,5,0.25,3,0.621730924777568,0.5095610018852679,0
396,0.82,612.5,318.5,147.0,7.0,2,0.25,3,0.5039094095443515,0.4812819822246162,0
397,0.82,612.5,318.5,147.0,7.0,3,0.25,3,0.5249393367484496,0.4540802585510369,0
398,0.82,612.5,318.5,147.0,7.0,4,0.25,3,0.5219735777837692,0.4322650148128198,0
399,0.82,612.5,318.5,147.0,7.0,5,0.25,3,0.5165812887570773,0.4177215189873417,0
400,0.79,637.0,343.0,147.0,7.0,2,0.25,3,0.8905365327581557,0.9218960409372476,0
401,0.79,637.0,343.0,147.0,7.0,3,0.25,3,0.871933135616069,0.8823054134123349,0
402,0.79,637.0,343.0,147.0,7.0,4,0.25,3,0.9112968455109193,0.7234042553191489,0
403,0.79,637.0,343.0,147.0,7.0,5,0.25,3,0.9118360744135884,0.699434419606787,0
404,0.76,661.5,416.5,122.5,7.0,2,0.25,3,0.8083041251011054,0.6778884998653381,0
405,0.76,661.5,416.5,122.5,7.0,3,0.25,3,0.8244809921811809,0.687853487745758,0
406,0.76,661.5,416.5,122.5,7.0,4,0.25,3,0.7988676193043946,0.7104767034742796,0
407,0.76,661.5,416.5,122.5,7.0,5,0.25,3,0.8225936910218388,0.7107460274710478,0
408,0.74,686.0,245.0,220.5,3.5,2,0.25,3,0.15610676732272852,0.09668731483975224,0
409,0.74,686.0,245.0,220.5,3.5,3,0.25,3,0.16230789970342405,0.07783463506598437,0
410,0.74,686.0,245.0,220.5,3.5,4,0.25,3,0.16095982744675116,0.10288176676541883,0
411,0.74,686.0,245.0,220.5,3.5,5,0.25,3,0.15314100835804798,0.10395906275249123,0
412,0.71,710.5,269.5,220.5,3.5,2,0.25,3,0.17255324885413856,0.108268246700781,0
413,0.71,710.5,269.5,220.5,3.5,3,0.25,3,0.16904826098678885,0.10342041475895503,0
414,0.71,710.5,269.5,220.5,3.5,4,0.25,3,0.1641952008627662,0.1257743064907083,0
415,0.71,710.5,269.5,220.5,3.5,5,0.25,3,0.16662173092477753,0.10880689469431726,0
416,0.69,735.0,294.0,220.5,3.5,2,0.25,3,0.1706659476947964,0.108268246700781,0
417,0.69,735.0,294.0,220.5,3.5,3,0.25,3,0.17390132111081155,0.09372475087530302,0
418,0.69,735.0,294.0,220.5,3.5,4,0.25,3,0.16985710434079268,0.12227309453272284,0
419,0.69,735.0,294.0,220.5,3.5,5,0.25,3,0.16473442976543537,0.11500134661998385,0
420,0.66,759.5,318.5,220.5,3.5,2,0.25,3,0.18765165812887571,0.12469701050363585,0
421,0.66,759.5,318.5,220.5,3.5,3,0.25,3,0.18873011593421404,0.1319687584163749,0
422,0.66,759.5,318.5,220.5,3.5,4,0.25,3,0.18145052574818007,0.1411257743064907,0
423,0.66,759.5,318.5,220.5,3.5,5,0.25,3,0.184146670261526,0.14435766226770808,0
424,0.64,784.0,343.0,220.5,3.5,2,0.25,3,0.29172283634402796,0.24158362510099657,0
425,0.64,784.0,343.0,220.5,3.5,3,0.25,3,0.29441898085737395,0.2458928090492863,0
426,0.64,784.0,343.0,220.5,3.5,4,0.25,3,0.28713939067134,0.2574737409103151,0
427,0.64,784.0,343.0,220.5,3.5,5,0.25,3,0.29253167969803173,0.2526259089684891,0
428,0.62,808.5,367.5,220.5,3.5,2,0.25,3,0.21299541655432727,0.1074602747104767,0
429,0.62,808.5,367.5,220.5,3.5,3,0.25,3,0.22458883796171472,0.10934554268785351,0
430,0.62,808.5,367.5,220.5,3.5,4,0.25,3,-0.17110571476798306,0.6055200173748346,1
431,0.62,808.5,367.5,220.5,3.5,5,0.25,3,0.21515233216500404,0.09291677888499861,0
432,0.98,514.5,294.0,110.25,7.0,2,0.25,4,0.6117551900781881,0.5039051979531375,0
433,0.98,514.5,294.0,110.25,7.0,3,0.25,4,0.44657444556886483,0.08653480421441573,1
434,0.98,514.5,294.0,110.25,7.0,4,0.25,4,0.5969263952547855,0.5195259897656881,0
435,0.98,514.5,294.0,110.25,7.0,5,0.25,4,0.6095982744675114,0.5176407217883114,0
436,0.9,563.5,318.5,122.5,7.0,2,0.25,4,0.718792127258021,0.5715055211419338,0
437,0.9,563.5,318.5,122.5,7.0,3,0.25,4,0.692369911027231,0.7061675195259898,0
438,0.9,563.5,318.5,122.5,7.0,4,0.25,4,0.7026152601779454,0.6803124158362508,0
439,0.9,563.5,318.5,122.5,7.0,5,0.25,4,0.735238608789431,0.5995152168058173,0
440,0.86,588.0,294.0,147.0,7.0,2,0.25,4,0.6325155028309516,0.4995960140048478,0
441,0.86,588.0,294.0,147.0,7.0,3,0.25,4,0.6042059854408196,0.627255588472933,0
442,0.86,588.0,294.0,147.0,7.0,4,0.25,4,0.6220005392289025,0.620253164556962,0
443,0.86,588.0,294.0,147.0,7.0,5,0.25,4,0.6435696953356699,0.46889307837328303,0
444,0.82,612.5,318.5,147.0,7.0,2,0.25,4,0.5297923968724723,0.41475895502289256,0
445,0.82,612.5,318.5,147.0,7.0,3,0.25,4,0.5109193852790509,0.4990573660113116,0
446,0.82,612.5,318.5,147.0,7.0,4,0.25,4,0.5235912644917766,0.48101265822784817,0
447,0.82,612.5,318.5,147.0,7.0,5,0.25,4,0.5389592882178484,0.4427686506867761,0
448,0.79,637.0,343.0,147.0,7.0,2,0.25,4,0.9164195200862765,0.6830056558039321,0
449,0.79,637.0,343.0,147.0,7.0,3,0.25,4,0.8851442437314639,0.9313223808241313,0
450,0.79,637.0,343.0,147.0,7.0,4,0.25,4,0.8713939067133997,0.8957716132507405,0
451,0.79,637.0,343.0,147.0,7.0,5,0.25,4,0.9196548935022916,0.7099380554807433,0
452,0.76,661.5,416.5,122.5,7.0,2,0.25,4,0.8341871124292262,0.7083221115001348,0
453,0.76,661.5,416.5,122.5,7.0,3,0.25,4,0.8207063898624966,0.6964718556423377,0
454,0.76,661.5,416.5,122.5,7.0,4,0.25,4,0.8304125101105418,0.7042822515486129,0
455,0.76,661.5,416.5,122.5,7.0,5,0.25,4,0.8155837152871392,0.7166711553999461,0
456,0.74,686.0,245.0,220.5,3.5,2,0.25,4,0.17012671879212724,0.108268246700781,0
457,0.74,686.0,245.0,220.5,3.5,3,0.25,4,0.16958748988945807,0.1168866145973606,0
458,0.74,686.0,245.0,220.5,3.5,4,0.25,4,0.16635211647344297,0.11123081066523027,0
459,0.74,686.0,245.0,220.5,3.5,5,0.25,4,0.17309247775680772,0.11984917856180982,0
460,0.71,710.5,269.5,220.5,3.5,2,0.25,4,0.04559481806692764,-0.2337883406013151,1
461,0.71,710.5,269.5,220.5,3.5,3,0.25,4,0.17471016446481533,0.11284675464583893,0
462,0.71,710.5,269.5,220.5,3.5,4,0.25,4,0.16608250202210836,0.11580931861028815,0
463,0.71,710.5,269.5,220.5,3.5,5,0.25,4,0.16904826098678885,0.12765957446808512,0
464,0.69,735.0,294.0,220.5,3.5,2,0.25,4,0.18603397142086817,0.12038782655534608,0
465,0.69,735.0,294.0,220.5,3.5,3,0.25,4,0.1871124292262065,0.13008349043899814,0
466,0.69,735.0,294.0,220.5,3.5,4,0.25,4,0.17956322458883792,0.1327767304066792,0
467,0.69,735.0,294.0,220.5,3.5,5,0.25,4,0.18468589916419517,0.14085645030972255,0
468,0.66,759.5,318.5,220.5,3.5,2,0.25,4,0.1871124292262065,0.13600861836789657,0
469,0.66,759.5,318.5,220.5,3.5,3,0.25,4,0.1884605014828795,0.1263129544842445,0
470,0.66,759.5,318.5,220.5,3.5,4,0.25,4,0.18468589916419517,0.14193374629679506,0
471,0.66,759.5,318.5,220.5,3.5,5,0.25,4,0.18630358587220272,0.1411257743064907,0
472,0.64,784.0,343.0,220.5,3.5,2,0.25,4,0.2960366675653814,0.23565849717209802,0
473,0.64,784.0,343.0,220.5,3.5,3,0.25,4,0.28794823402534375,0.2386210611365473,0
474,0.64,784.0,343.0,220.5,3.5,4,0.25,4,0.284443246157994,0.25504982493940215,0
475,0.64,784.0,343.0,220.5,3.5,5,0.25,4,0.28606093286600165,0.24239159709130081,0
476,0.62,808.5,367.5,220.5,3.5,2,0.25,4,0.2243192235103801,0.12146512254241854,0
477,0.62,808.5,367.5,220.5,3.5,3,0.25,4,0.2318684281477487,0.1255049824939402,0
478,0.62,808.5,367.5,220.5,3.5,4,0.25,4,0.2318684281477487,0.11230810665230273,0
479,0.62,808.5,367.5,220.5,3.5,5,0.25,4,0.23294688595308707,0.12065715055211418,0
480,0.98,514.5,294.0,110.25,7.0,2,0.25,5,0.6114855756268536,0.5017506059789927,0
481,0.98,514.5,294.0,110.25,7.0,3,0.25,5,0.6085198166621729,0.5082143819014273,0
482,0.98,514.5,294.0,110.25,7.0,4,0.25,5,0.5969263952547855,0.514408833827094,0
483,0.98,514.5,294.0,110.25,7.0,5,0.25,5,0.6093286600161768,0.5197953137624562,0
484,0.9,563.5,318.5,122.5,7.0,2,0.25,5,0.7311943920194122,0.5750067330999191,0
485,0.9,563.5,318.5,122.5,7.0,3,0.25,5,0.7090860070099757,0.5682736331807163,0
486,0.9,563.5,318.5,122.5,7.0,4,0.25,5,0.6880560798058776,0.7080527875033664,0
487,0.9,563.5,318.5,122.5,7.0,5,0.25,5,0.7131302237799946,0.6657689200107728,0
488,0.86,588.0,294.0,147.0,7.0,2,0.25,5,0.6389862496629819,0.46108268246700773,0
489,0.86,588.0,294.0,147.0,7.0,3,0.25,5,0.6222701536802372,0.4990573660113116,0
490,0.86,588.0,294.0,147.0,7.0,4,0.25,5,0.601240226476139,0.6261782924858605,0
491,0.86,588.0,294.0,147.0,7.0,5,0.25,5,0.6303585872202749,0.6078642607056288,0
492,0.82,612.5,318.5,147.0,7.0,2,0.25,5,0.5308708546778106,0.42095340694855915,0
493,0.82,612.5,318.5,147.0,7.0,3,0.25,5,0.5165812887570773,0.408833827093994,0
494,0.82,612.5,318.5,147.0,7.0,4,0.25,5,0.5012132650310056,0.4958254780500942,0
495,0.82,612.5,318.5,147.0,7.0,5,0.25,5,0.5252089511997842,0.46431457042822516,0
496,0.79,637.0,343.0,147.0,7.0,2,0.25,5,0.9134537611215959,0.7174791273902505,0
497,0.79,637.0,343.0,147.0,7.0,3,0.25,5,0.9118360744135884,0.6937786156746566,0
498,0.79,637.0,343.0,147.0,7.0,4,0.25,5,0.8897276894041518,0.9259359008887693,0
499,0.79,637.0,343.0,147.0,7.0,5,0.25,5,0.8800215691561065,0.8841906813897118,0
500,0.76,661.5,416.5,122.5,7.0,2,0.25,5,0.8002156915610675,0.7010503635873957,0
501,0.76,661.5,416.5,122.5,7.0,3,0.25,5,0.8258290644378538,0.7032049555615405,0
502,0.76,661.5,416.5,122.5,7.0,4,0.25,5,0.8101914262604475,0.6687314839752221,0
503,0.76,661.5,416.5,122.5,7.0,5,0.25,5,0.8274467511458614,0.6800430918394829,0
504,0.74,686.0,245.0,220.5,3.5,2,0.25,5,0.16473442976543537,0.09641799084298414,0
505,0.74,686.0,245.0,220.5,3.5,3,0.25,5,0.1526017794553788,0.0991112308106652,0
506,0.74,686.0,245.0,220.5,3.5,4,0.25,5,0.15179293610137504,0.10530568273633178,0
507,0.74,686.0,245.0,220.5,3.5,5,0.25,5,0.1620382852520895,0.08429841098841906,0
508,0.71,710.5,269.5,220.5,3.5,2,0.25,5,0.1687786465354543,0.11769458658766496,0
509,0.71,710.5,269.5,220.5,3.5,3,0.25,5,0.16662173092477753,0.10261244276865072,0
510,0.71,710.5,269.5,220.5,3.5,4,0.25,5,0.16823941763278508,0.1166172906005925,0
511,0.71,710.5,269.5,220.5,3.5,5,0.25,5,0.1687786465354543,0.10961486668462161,0
512,0.69,735.0,294.0,220.5,3.5,2,0.25,5,0.1741709355621461,0.11419337462967949,0
513,0.69,735.0,294.0,220.5,3.5,3,0.25,5,0.16473442976543537,0.10961486668462161,0
514,0.69,735.0,294.0,220.5,3.5,4,0.25,5,0.16635211647344297,0.1163479666038244,0
515,0.69,735.0,294.0,220.5,3.5,5,0.25,5,0.1741709355621461,0.09964987880420145,0
516,0.66,759.5,318.5,220.5,3.5,2,0.25,5,0.18657320032353733,0.1327767304066792,0
517,0.66,759.5,318.5,220.5,3.5,3,0.25,5,0.18360744135885684,0.1381632103420415,0
518,0.66,759.5,318.5,220.5,3.5,4,0.25,5,-0.12054368628821163,-0.3162386695183319,1
519,0.66,759.5,318.5,220.5,3.5,5,0.25,5,0.18899973038554865,0.1389711823323458,0
520,0.64,784.0,343.0,220.5,3.5,2,0.25,5,0.2890266918306821,0.2485860490169674,0
521,0.64,784.0,343.0,220.5,3.5,3,0.25,5,0.29253167969803173,0.2453541610557501,0
522,0.64,784.0,343.0,220.5,3.5,4,0.25,5,0.28983553518468597,0.2502019929975761,0
523,0.64,784.0,343.0,220.5,3.5,5,0.25,5,0.2941493664060394,0.2528952329652571,0
524,0.62,808.5,367.5,220.5,3.5,2,0.25,5,0.2067942841736317,0.11553999461352005,0
525,0.62,808.5,367.5,220.5,3.5,3,0.25,5,0.21515233216500404,0.09991920280096955,0
526,0.62,808.5,367.5,220.5,3.5,4,0.25,5,0.21973577783769208,0.09991920280096955,0
527,0.62,808.5,367.5,220.5,3.5,5,0.25,5,0.21164734429765433,0.10368973875572313,0
528,0.98,514.5,294.0,110.25,7.0,2,0.4,1,0.7077379347533026,0.6051710207379477,0
529,0.98,514.5,294.0,110.25,7.0,3,0.4,1,0.7077379347533026,0.6043630487476435,0
530,0.98,514.5,294.0,110.25,7.0,4,0.4,1,0.7139390671339984,0.5906275249124697,0
531,0.98,514.5,294.0,110.25,7.0,5,0.4,1,0.7150175249393367,0.5962833288446001,0
532,0.9,563.5,318.5,122.5,7.0,2,0.4,1,0.8212456187651657,0.7643415028279021,0
533,0.9,563.5,318.5,122.5,7.0,3,0.4,1,0.8420059315179292,0.6862375437651496,0
534,0.9,563.5,318.5,122.5,7.0,4,0.4,1,0.8263682933405229,0.6738486399138164,0
535,0.9,563.5,318.5,122.5,7.0,5,0.4,1,0.8074952817471015,0.8103959062752493,0
536,0.86,588.0,294.0,147.0,7.0,2,0.4,1,0.6977622000539228,0.6757339078911933,0
537,0.86,588.0,294.0,147.0,7.0,3,0.4,1,0.7112429226206524,0.5321842176137894,0
538,0.86,588.0,294.0,147.0,7.0,4,0.4,1,0.7031544890806147,0.560193913277673,0
539,0.86,588.0,294.0,147.0,7.0,5,0.4,1,0.6815853329738473,0.6956638836520332,0
540,0.82,612.5,318.5,147.0,7.0,2,0.4,1,0.6257751415475868,0.5604632372744411,0
541,0.82,612.5,318.5,147.0,7.0,3,0.4,1,0.6443785386896737,0.49097764610826816,0
542,0.82,612.5,318.5,147.0,7.0,4,0.4,1,0.6341331895389593,0.48720711015351464,0
543,0.82,612.5,318.5,147.0,7.0,5,0.4,1,0.6104071178215151,0.6097495286830057,0
544,0.79,637.0,343.0,147.0,7.0,2,0.4,1,0.9541655432731192,0.9262052248855372,0
545,0.79,637.0,343.0,147.0,7.0,3,0.4,1,0.9870585063359395,0.7586856988957718,0
546,0.79,637.0,343.0,147.0,7.0,4,0.4,1,0.9838231329199244,0.7392943711284676,0
547,0.79,637.0,343.0,147.0,7.0,5,0.4,1,0.9614451334591533,0.9706436843522757,0
548,0.76,661.5,416.5,122.5,7.0,2,0.4,1,0.9374494472903746,0.771613250740641,0
549,0.76,661.5,416.5,122.5,7.0,3,0.4,1,0.9156106767322726,0.8066253703204955,0
550,0.76,661.5,416.5,122.5,7.0,4,0.4,1,0.9355621461310325,0.8007002423915972,0
551,0.76,661.5,416.5,122.5,7.0,5,0.4,1,0.9280129414936639,0.7697279827632642,0
552,0.74,686.0,245.0,220.5,3.5,2,0.4,1,0.22944189808573737,0.16267169404793969,0
553,0.74,686.0,245.0,220.5,3.5,3,0.4,1,0.2318684281477487,0.17102073794775113,0
554,0.74,686.0,245.0,220.5,3.5,4,0.4,1,0.2289026691830682,0.1650956100188527,0
555,0.74,686.0,245.0,220.5,3.5,5,0.4,1,0.23025074143974114,0.17102073794775113,0
556,0.71,710.5,269.5,220.5,3.5,2,0.4,1,0.22917228363440276,0.16698087799622952,0
557,0.71,710.5,269.5,220.5,3.5,3,0.4,1,0.23159881369641408,0.17802316186372208,0
558,0.71,710.5,269.5,220.5,3.5,4,0.4,1,0.2289026691830682,0.16751952598976572,0
559,0.71,710.5,269.5,220.5,3.5,5,0.4,1,0.03240858171615152,0.5757513905375526,1
560,0.69,735.0,294.0,220.5,3.5,2,0.4,1,0.22917228363440276,0.1508214381901427,0
561,0.69,735.0,294.0,220.5,3.5,3,0.4,1,0.23429495820976,0.16428763802854834,0
562,0.69,735.0,294.0,220.5,3.5,4,0.4,1,0.22674575357239143,0.16078642607056293,0
563,0.69,735.0,294.0,220.5,3.5,5,0.4,1,0.22674575357239143,0.16967411796391058,0
564,0.66,759.5,318.5,220.5,3.5,2,0.4,1,0.2485845241304934,0.19499057366011313,0
565,0.66,759.5,318.5,220.5,3.5,3,0.4,1,0.2485845241304934,0.19202800969566391,0
566,0.66,759.5,318.5,220.5,3.5,4,0.4,1,0.2485845241304934,0.19499057366011313,0
567,0.66,759.5,318.5,220.5,3.5,5,0.4,1,0.2485845241304934,0.18987341772151894,0
568,0.64,784.0,343.0,220.5,3.5,2,0.4,1,0.3642491237530331,0.31834096417990837,0
569,0.64,784.0,343.0,220.5,3.5,3,0.4,1,0.35993529253167966,0.3186102881766765,0
570,0.64,784.0,343.0,220.5,3.5,4,0.4,1,0.36317066594769476,0.31834096417990837,0
571,0.64,784.0,343.0,220.5,3.5,5,0.4,1,0.3615529792396872,0.3132238082413143,0
572,0.62,808.5,367.5,220.5,3.5,2,0.4,1,0.24480992181180908,0.16967411796391058,0
573,0.62,808.5,367.5,220.5,3.5,3,0.4,1,0.30088972768940414,0.16994344196067873,0
574,0.62,808.5,367.5,220.5,3.5,4,0.4,1,0.30008088433540037,0.16832749798006996,0
575,0.62,808.5,367.5,220.5,3.5,5,0.4,1,0.4078715812897333,0.6211628690931843,1
576,0.98,514.5,294.0,110.25,7.0,2,0.4,2,0.7228363440280398,0.5941287368704551,0
577,0.98,514.5,294.0,110.25,7.0,3,0.4,2,0.7198705850633593,0.5987072448155131,0
578,0.98,514.5,294.0,110.25,7.0,4,0.4,2,0.7071987058506336,0.6205224885537302,0
579,0.98,514.5,294.0,110.25,7.0,5,0.4,2,0.7201401995146939,0.6162133046054403,0
580,0.9,563.5,318.5,122.5,7.0,2,0.4,2,0.8042599083310865,0.7392943711284676,0
581,0.9,563.5,318.5,122.5,7.0,3,0.4,2,0.8239417632785117,0.6595744680851063,0
582,0.9,563.5,318.5,122.5,7.0,4,0.4,2,0.8101914262604475,0.6474548882305413,0
583,0.9,563.5,318.5,122.5,7.0,5,0.4,2,0.8002156915610675,0.8015082143819015,0
584,0.86,588.0,294.0,147.0,7.0,2,0.4,2,0.7136694526826636,0.6619983840560193,0
585,0.86,588.0,294.0,147.0,7.0,3,0.4,2,0.7206794284173631,0.5286830056558038,0
586,0.86,588.0,294.0,147.0,7.0,4,0.4,2,0.7042329468859531,0.5758147050902236,0
587,0.86,588.0,294.0,147.0,7.0,5,0.4,2,0.691021838770558,0.6991650956100188,0
588,0.82,612.5,318.5,147.0,7.0,2,0.4,2,0.6184955513615529,0.5235658497172098,0
589,0.82,612.5,318.5,147.0,7.0,3,0.4,2,0.6330547317336208,0.45865876649609477,0
590,0.82,612.5,318.5,147.0,7.0,4,0.4,2,0.6101375033701806,0.48612981416644224,0
591,0.82,612.5,318.5,147.0,7.0,5,0.4,2,0.5931517929361013,0.5930514408833827,0
592,0.79,637.0,343.0,147.0,7.0,2,0.4,2,0.9606362901051496,0.9342849447885808,0
593,0.79,637.0,343.0,147.0,7.0,3,0.4,2,0.9999999999999999,0.7678427147858873,0
594,0.79,637.0,343.0,147.0,7.0,4,0.4,2,0.9902938797519546,0.7524912469701053,0
595,0.79,637.0,343.0,147.0,7.0,5,0.4,2,0.968185494742518,1.0,0
596,0.76,661.5,416.5,122.5,7.0,2,0.4,2,0.9374494472903746,0.7697279827632642,0
597,0.76,661.5,416.5,122.5,7.0,3,0.4,2,0.9204637368562952,0.7945057904659305,0
598,0.76,661.5,416.5,122.5,7.0,4,0.4,2,0.9317875438123483,0.7963910584433074,0
599,0.76,661.5,416.5,122.5,7.0,5,0.4,2,0.9277433270423293,0.7756531106921627,0
600,0.74,686.0,245.0,220.5,3.5,2,0.4,2,0.22998112698840653,0.14893617021276595,0
601,0.74,686.0,245.0,220.5,3.5,3,0.4,2,0.2275545969263952,0.16240237005117153,0
602,0.74,686.0,245.0,220.5,3.5,4,0.4,2,0.22027500674036124,0.1640183140317802,0
603,0.74,686.0,245.0,220.5,3.5,5,0.4,2,0.2289026691830682,0.1650956100188527,0
604,0.71,710.5,269.5,220.5,3.5,2,0.4,2,-0.10108108755438042,0.029695951699268724,1
605,0.71,710.5,269.5,220.5,3.5,3,0.4,2,-0.07059401706616417,-0.2280602371045266,1
606,0.71,710.5,269.5,220.5,3.5,4,0.4,2,0.22620652466972227,0.17155938594128733,0
607,0.71,710.5,269.5,220.5,3.5,5,0.4,2,0.23456457266109462,0.17802316186372208,0
608,0.69,735.0,294.0,220.5,3.5,2,0.4,2,0.23564303046643295,0.1492054942095341,0
609,0.69,735.0,294.0,220.5,3.5,3,0.4,2,0.23456457266109462,0.1645569620253165,0
610,0.69,735.0,294.0,220.5,3.5,4,0.4,2,0.2243192235103801,0.17048208995421493,0
611,0.69,735.0,294.0,220.5,3.5,5,0.4,2,0.23213804259908324,0.17021276595744678,0
612,0.66,759.5,318.5,220.5,3.5,2,0.4,2,0.2515502830951739,0.18718017775383788,0
613,0.66,759.5,318.5,220.5,3.5,3,0.4,2,0.2502022108385009,0.18825747374091034,0
614,0.66,759.5,318.5,220.5,3.5,4,0.4,2,0.24480992181180908,0.20091570158901156,0
615,0.66,759.5,318.5,220.5,3.5,5,0.4,2,0.2504718252898356,0.19525989765688118,0
616,0.64,784.0,343.0,220.5,3.5,2,0.4,2,0.3556214613103261,0.2914085645030972,0
617,0.64,784.0,343.0,220.5,3.5,3,0.4,2,0.783661538136606,0.13969919697012717,1
618,0.64,784.0,343.0,220.5,3.5,4,0.4,2,0.3475330277702884,0.3013735523835173,0
619,0.64,784.0,343.0,220.5,3.5,5,0.4,2,0.5153832758092751,0.48414472780089757,1
620,0.62,808.5,367.5,220.5,3.5,2,0.4,2,0.28983553518468597,0.17398330191220035,0
621,0.62,808.5,367.5,220.5,3.5,3,0.4,2,0.3025074143974117,0.17452194990573655,0
622,0.62,808.5,367.5,220.5,3.5,4,0.4,2,0.30331625775141546,0.16051710207379477,0
623,0.62,808.5,367.5,220.5,3.5,5,0.4,2,0.3003504987867349,0.1640183140317802,0
624,0.98,514.5,294.0,110.25,7.0,2,0.4,3,0.7228363440280398,0.5892809049286292,0
625,0.98,514.5,294.0,110.25,7.0,3,0.4,3,0.71933135616069,0.6016698087799623,0
626,0.98,514.5,294.0,110.25,7.0,4,0.4,3,0.7069290913992988,0.6183678965795851,0
627,0.98,514.5,294.0,110.25,7.0,5,0.4,3,0.7209490428686977,0.6221384325343389,0
628,0.9,563.5,318.5,122.5,7.0,2,0.4,3,0.7611215961175518,0.7099380554807433,0
629,0.9,563.5,318.5,122.5,7.0,3,0.4,3,0.7802642221623078,0.6501481281982224,0
630,0.9,563.5,318.5,122.5,7.0,4,0.4,3,0.7829603666756536,0.6172906005925127,0
631,0.9,563.5,318.5,122.5,7.0,5,0.4,3,0.7624696683742247,0.6035550767573392,0
632,0.86,588.0,294.0,147.0,7.0,2,0.4,3,0.6813157185225127,0.6549959601400483,0
633,0.86,588.0,294.0,147.0,7.0,3,0.4,3,0.7039633324346183,0.6409911123081067,0
634,0.86,588.0,294.0,147.0,7.0,4,0.4,3,0.7020760312752762,0.5173713977915433,0
635,0.86,588.0,294.0,147.0,7.0,5,0.4,3,0.6964141277972499,0.5575006733099919,0
636,0.82,612.5,318.5,147.0,7.0,2,0.4,3,0.6109463467241844,0.5798545650417453,0
637,0.82,612.5,318.5,147.0,7.0,3,0.4,3,0.6379077918576436,0.5319148936170213,0
638,0.82,612.5,318.5,147.0,7.0,4,0.4,3,0.6325155028309516,0.5082143819014273,0
639,0.82,612.5,318.5,147.0,7.0,5,0.4,3,0.6174170935562145,0.504713169943442,0
640,0.79,637.0,343.0,147.0,7.0,2,0.4,3,0.950390940954435,0.9571774845138701,0
641,0.79,637.0,343.0,147.0,7.0,3,0.4,3,0.9514693987597732,0.8963102612442768,0
642,0.79,637.0,343.0,147.0,7.0,4,0.4,3,0.9835535184685898,0.7516832749798008,0
643,0.79,637.0,343.0,147.0,7.0,5,0.4,3,0.9724993259638716,0.7360624831672502,0
644,0.76,661.5,416.5,122.5,7.0,2,0.4,3,0.8980857373955243,0.7344465391866417,0
645,0.76,661.5,416.5,122.5,7.0,3,0.4,3,0.9121056888649232,0.742795583086453,0
646,0.76,661.5,416.5,122.5,7.0,4,0.4,3,0.8864923159881369,0.7745758147050901,0
647,0.76,661.5,416.5,122.5,7.0,5,0.4,3,0.9077918576435696,0.7864260705628872,0
648,0.74,686.0,245.0,220.5,3.5,2,0.4,3,0.21461310326233488,0.139509830325882,0
649,0.74,686.0,245.0,220.5,3.5,3,0.4,3,0.22135346454569962,0.12092647454888233,0
650,0.74,686.0,245.0,220.5,3.5,4,0.4,3,0.21811809112968453,0.15270670616751952,0
651,0.74,686.0,245.0,220.5,3.5,5,0.4,3,0.20949042868697756,0.15351467815782388,0
652,0.71,710.5,269.5,220.5,3.5,2,0.4,3,0.21730924777568075,0.14031780231618635,0
653,0.71,710.5,269.5,220.5,3.5,3,0.4,3,0.21623078997034237,0.1230810665230272,0
654,0.71,710.5,269.5,220.5,3.5,4,0.4,3,0.21380425990833105,0.15620791812550494,0
655,0.71,710.5,269.5,220.5,3.5,5,0.4,3,0.5261385808795346,0.27156855755080156,1
656,0.69,735.0,294.0,220.5,3.5,2,0.4,3,0.22404960905904556,0.1467815782386211,0
657,0.69,735.0,294.0,220.5,3.5,3,0.4,3,0.23052035589107575,0.13304605440344736,0
658,0.69,735.0,294.0,220.5,3.5,4,0.4,3,0.2243192235103801,0.1640183140317802,0
659,0.69,735.0,294.0,220.5,3.5,5,0.4,3,0.21757886222701536,0.16482628602208454,0
660,0.66,759.5,318.5,220.5,3.5,2,0.4,3,0.24669722297115124,0.16536493401562075,0
661,0.66,759.5,318.5,220.5,3.5,3,0.4,3,0.2472364518738204,0.18125504982493934,0
662,0.66,759.5,318.5,220.5,3.5,4,0.4,3,0.23483418711242923,0.19391327767304067,0
663,0.66,759.5,318.5,220.5,3.5,5,0.4,3,0.23968724723645188,0.197145165634258,0
664,0.64,784.0,343.0,220.5,3.5,2,0.4,3,0.33620922081423565,0.26609210880689477,0
665,0.64,784.0,343.0,220.5,3.5,3,0.4,3,0.3424103531949312,0.26447616482628594,0
666,0.64,784.0,343.0,220.5,3.5,4,0.4,3,0.18485263501433052,0.7653002044432675,1
667,0.64,784.0,343.0,220.5,3.5,5,0.4,3,0.33566999191156643,0.28629140856450314,0
668,0.62,808.5,367.5,220.5,3.5,2,0.4,3,0.28201671609598267,0.16159439806086717,0
669,0.62,808.5,367.5,220.5,3.5,3,0.4,3,0.2787813426799677,0.16805817398330192,0
670,0.62,808.5,367.5,220.5,3.5,4,0.4,3,0.28417363170665944,0.15243738217075137,0
671,0.62,808.5,367.5,220.5,3.5,5,0.4,3,0.28929630628201664,0.13735523835173713,0
672,0.98,514.5,294.0,110.25,7.0,2,0.4,4,0.7236451873820436,0.5938594128736872,0
673,0.98,514.5,294.0,110.25,7.0,3,0.4,4,0.718792127258021,0.5968219768381364,0
674,0.98,514.5,294.0,110.25,7.0,4,0.4,4,0.7063898624966297,0.6207918125504983,0
675,0.98,514.5,294.0,110.25,7.0,5,0.4,4,0.7206794284173631,0.6189065445731214,0
676,0.9,563.5,318.5,122.5,7.0,2,0.4,4,0.8207063898624966,0.6215997845408026,0
677,0.9,563.5,318.5,122.5,7.0,3,0.4,4,0.8012941493664059,0.7815782386210612,0
678,0.9,563.5,318.5,122.5,7.0,4,0.4,4,0.7923968724723643,0.7627255588472932,0
679,0.9,563.5,318.5,122.5,7.0,5,0.4,4,0.8239417632785117,0.6786964718556423,0
680,0.86,588.0,294.0,147.0,7.0,2,0.4,4,0.7109733081693178,0.5556154053326152,0
681,0.86,588.0,294.0,147.0,7.0,3,0.4,4,0.6915610676732272,0.6813897118233234,0
682,0.86,588.0,294.0,147.0,7.0,4,0.4,4,0.7047721757886222,0.6816590358200916,0
683,0.86,588.0,294.0,147.0,7.0,5,0.4,4,0.7209490428686977,0.5413412335039052,0
684,0.82,612.5,318.5,147.0,7.0,2,0.4,4,0.6179563224588837,0.46593051440883376,0
685,0.82,612.5,318.5,147.0,7.0,3,0.4,4,0.5942302507414396,0.5776999730676002,0
686,0.82,612.5,318.5,147.0,7.0,4,0.4,4,0.6101375033701806,0.5451117694586587,0
687,0.82,612.5,318.5,147.0,7.0,5,0.4,4,0.6338635750876246,0.47212496633450035,0
688,0.79,637.0,343.0,147.0,7.0,2,0.4,4,0.9911027231059585,0.7387557231349313,0
689,0.79,637.0,343.0,147.0,7.0,3,0.4,4,0.9630628201671608,0.9881497441422031,0
690,0.79,637.0,343.0,147.0,7.0,4,0.4,4,0.9520086276624425,0.9515216805817397,0
691,0.79,637.0,343.0,147.0,7.0,5,0.4,4,0.9962253976813157,0.7718825747374092,0
692,0.76,661.5,416.5,122.5,7.0,2,0.4,4,0.9347533027770286,0.7934284944788581,0
693,0.76,661.5,416.5,122.5,7.0,3,0.4,4,0.4619496484654422,0.9598957563235146,1
694,0.76,661.5,416.5,122.5,7.0,4,0.4,4,0.932596387166352,0.7796929706436844,0
695,0.76,661.5,416.5,122.5,7.0,5,0.4,4,0.919385279050957,0.8044707783463507,0
696,0.74,686.0,245.0,220.5,3.5,2,0.4,4,0.2253976813157185,0.15378400215459193,0
697,0.74,686.0,245.0,220.5,3.5,3,0.4,4,0.22836344028039904,0.1572852141125774,0
698,0.74,686.0,245.0,220.5,3.5,4,0.4,4,0.22404960905904556,0.16159439806086717,0
699,0.74,686.0,245.0,220.5,3.5,5,0.4,4,0.22728498247506065,0.17290600592512795,0
700,0.71,710.5,269.5,220.5,3.5,2,0.4,4,0.23159881369641408,0.16024777807702667,0
701,0.71,710.5,269.5,220.5,3.5,3,0.4,4,0.23429495820976,0.16967411796391058,0
702,0.71,710.5,269.5,220.5,3.5,4,0.4,4,0.22809382582906443,0.17048208995421493,0
703,0.71,710.5,269.5,220.5,3.5,5,0.4,4,0.23321650040442168,0.18421761378938856,0
704,0.69,735.0,294.0,220.5,3.5,2,0.4,4,0.22998112698840653,0.15917048208995416,0
705,0.69,735.0,294.0,220.5,3.5,3,0.4,4,0.23213804259908324,0.16105575006733097,0
706,0.69,735.0,294.0,220.5,3.5,4,0.4,4,0.22971151253707192,0.16159439806086717,0
707,0.69,735.0,294.0,220.5,3.5,5,0.4,4,0.23456457266109462,0.1747912739025047,0
708,0.66,759.5,318.5,220.5,3.5,2,0.4,4,0.2515502830951739,0.18744950175060593,0
709,0.66,759.5,318.5,220.5,3.5,3,0.4,4,0.2502022108385009,0.18637220576353353,0
710,0.66,759.5,318.5,220.5,3.5,4,0.4,4,0.24480992181180908,0.20091570158901156,0
711,0.66,759.5,318.5,220.5,3.5,5,0.4,4,0.2504718252898356,0.1976838136277942,0
712,0.64,784.0,343.0,220.5,3.5,2,0.4,4,0.3518468589916418,0.2903312685160248,0
713,0.64,784.0,343.0,220.5,3.5,3,0.4,4,0.353734160150984,0.2865607325612712,0
714,0.64,784.0,343.0,220.5,3.5,4,0.4,4,0.35022917228363437,0.30568273633180715,0
715,0.64,784.0,343.0,220.5,3.5,5,0.4,4,0.7689141401689382,0.1744161936574889,1
716,0.62,808.5,367.5,220.5,3.5,2,0.4,4,0.281207872741979,0.16698087799622952,0
717,0.62,808.5,367.5,220.5,3.5,3,0.4,4,0.29361013750337006,0.15863183409641796,0
718,0.62,808.5,367.5,220.5,3.5,4,0.4,4,0.2946885953087085,0.15297603016428757,0
719,0.62,808.5,367.5,220.5,3.5,5,0.4,4,0.08408249805999676,0.6443769964994002,1
720,0.98,514.5,294.0,110.25,7.0,2,0.4,5,0.7233755729307091,0.5919741448963103,0
721,0.98,514.5,294.0,110.25,7.0,3,0.4,5,0.7201401995146939,0.6014004847831942,0
722,0.98,514.5,294.0,110.25,7.0,4,0.4,5,0.7063898624966297,0.615674656611904,0
723,0.98,514.5,294.0,110.25,7.0,5,0.4,5,0.7204098139660284,0.6224077565311068,0
724,0.9,563.5,318.5,122.5,7.0,2,0.4,5,0.7996764626583984,0.6205224885537302,0
725,0.9,563.5,318.5,122.5,7.0,3,0.4,5,0.7818819088703153,0.5989765688122812,0
726,0.9,563.5,318.5,122.5,7.0,4,0.4,5,0.7740630897816122,0.7511446269862645,0
727,0.9,563.5,318.5,122.5,7.0,5,0.4,5,0.788083041251011,0.7102073794775117,0
728,0.86,588.0,294.0,147.0,7.0,2,0.4,5,0.7090860070099757,0.5060597899272825,0
729,0.86,588.0,294.0,147.0,7.0,3,0.4,5,0.695605284443246,0.5467277134392674,0
730,0.86,588.0,294.0,147.0,7.0,4,0.4,5,0.6770018873011593,0.6830056558039321,0
731,0.86,588.0,294.0,147.0,7.0,5,0.4,5,0.702345645726611,0.668192835981686,0
732,0.82,612.5,318.5,147.0,7.0,2,0.4,5,0.646805068751685,0.5125235658497171,0
733,0.82,612.5,318.5,147.0,7.0,3,0.4,5,0.6333243461849554,0.5025585779692969,0
734,0.82,612.5,318.5,147.0,7.0,4,0.4,5,0.48719992949908175,1.0442385499540845,1
735,0.82,612.5,318.5,147.0,7.0,5,0.4,5,0.6446481531410083,0.5828171290061943,0
736,0.79,637.0,343.0,147.0,7.0,2,0.4,5,0.9733081693178752,0.744950175060598,0
737,0.79,637.0,343.0,147.0,7.0,3,0.4,5,0.9692639525478565,0.7217883113385404,0
738,0.79,637.0,343.0,147.0,7.0,4,0.4,5,0.9458074952817471,0.9725289523296525,0
739,0.79,637.0,343.0,147.0,7.0,5,0.4,5,0.9377190617417092,0.9148936170212765,0
740,0.76,661.5,416.5,122.5,7.0,2,0.4,5,0.8846050148287946,0.7667654187988149,0
741,0.76,661.5,416.5,122.5,7.0,3,0.4,5,0.9088703154489078,0.7783463506598438,0
742,0.76,661.5,416.5,122.5,7.0,4,0.4,5,0.8978161229441898,0.7242122273094533,0
743,0.76,661.5,416.5,122.5,7.0,5,0.4,5,0.9126449177675923,0.7347158631834096,0
744,0.74,686.0,245.0,220.5,3.5,2,0.4,5,0.22647613912105688,0.1559385941287369,0
745,0.74,686.0,245.0,220.5,3.5,3,0.4,5,0.22054462119169585,0.15405332615136008,0
746,0.74,686.0,245.0,220.5,3.5,4,0.4,5,0.22000539228902669,0.16267169404793969,0
747,0.74,686.0,245.0,220.5,3.5,5,0.4,5,0.22593691021838772,0.15620791812550494,0
748,0.71,710.5,269.5,220.5,3.5,2,0.4,5,0.050340645865333905,-0.31422406365340405,1
749,0.71,710.5,269.5,220.5,3.5,3,0.4,5,0.1784847667834996,0.0991112308106652,0
750,0.71,710.5,269.5,220.5,3.5,4,0.4,5,0.18198975465084924,0.11931053056827362,0
751,0.71,710.5,269.5,220.5,3.5,5,0.4,5,0.17282286330547317,0.11877188257473742,0
752,0.69,735.0,294.0,220.5,3.5,2,0.4,5,0.2186573200323537,0.15432265014812818,0
753,0.69,735.0,294.0,220.5,3.5,3,0.4,5,0.22297115125370717,0.13385402639375166,0
754,0.69,735.0,294.0,220.5,3.5,4,0.4,5,0.2253976813157185,0.15189873417721517,0
755,0.69,735.0,294.0,220.5,3.5,5,0.4,5,-0.15276185030158482,-0.03433401467306435,1
756,0.66,759.5,318.5,220.5,3.5,2,0.4,5,0.24130493394445943,0.1815243738217075,0
757,0.66,759.5,318.5,220.5,3.5,3,0.4,5,0.24022647613912104,0.18556423377322917,0
758,0.66,759.5,318.5,220.5,3.5,4,0.4,5,0.24022647613912104,0.17910045785079454,0
759,0.66,759.5,318.5,220.5,3.5,5,0.4,5,0.504949983395417,0.3499846178627932,1
760,0.64,784.0,343.0,220.5,3.5,2,0.4,5,-0.12721740924725577,0.015118914778300685,1
761,0.64,784.0,343.0,220.5,3.5,3,0.4,5,0.32839040172553247,0.2507406409911123,0
762,0.64,784.0,343.0,220.5,3.5,4,0.4,5,0.3275815583715287,0.2642068408295179,0
763,0.64,784.0,343.0,220.5,3.5,5,0.4,5,0.32003235373416006,0.28279019660651755,0
764,0.62,808.5,367.5,220.5,3.5,2,0.4,5,0.2839040172553249,0.16105575006733097,0
765,0.62,808.5,367.5,220.5,3.5,3,0.4,5,0.281207872741979,0.16725020199299756,0
766,0.62,808.5,367.5,220.5,3.5,4,0.4,5,0.28228633054731733,0.15378400215459193,0
767,0.62,808.5,367.5,220.5,3.5,5,0.4,5,0.28660016176867076,0.1381632103420415,0
