,f,alpha,c,U_infinity,delta,SSPL,ground_truth
0,800,0.0,0.3048,71.3,0.00266337,0.6068285159677718,0
1,1000,0.0,0.3048,71.3,0.00266337,0.5802377217007471,0
2,1250,0.0,0.3048,71.3,0.00266337,0.6001808174010157,0
3,1600,0.0,0.3048,71.3,0.00266337,0.6437897199989364,0
4,2000,0.0,0.3048,71.3,0.00266337,0.6403329167442231,0
5,2500,0.0,0.3048,71.3,0.00266337,0.5900763155795463,0
6,3150,0.0,0.3048,71.3,0.00266337,0.5802377217007471,0
7,4000,0.0,0.3048,71.3,0.00266337,0.5233334219693146,0
8,5000,0.0,0.3048,71.3,0.00266337,0.47653362405935074,0
9,6300,0.0,0.3048,71.3,0.00266337,0.42973382614938727,0
10,8000,0.0,0.3048,71.3,0.00266337,0.3661818278511979,0
11,10000,0.0,0.3048,71.3,0.00266337,0.31938202994123444,0
12,12500,0.0,0.3048,71.3,0.00266337,0.23562102800010631,0
13,16000,0.0,0.3048,71.3,0.00266337,0.14202143218017937,0
14,500,0.0,0.3048,55.5,0.00283081,0.8097444336934723,1
15,630,0.0,0.3048,55.5,0.00283081,0.646581753396974,0
16,800,0.0,0.3048,55.5,0.00283081,0.6569521631611139,0
17,1000,0.0,0.3048,55.5,0.00283081,0.627170473582046,0
18,1250,0.0,0.3048,55.5,0.00283081,0.6037705746270641,0
19,1600,0.0,0.3048,55.5,0.00283081,0.6277022894673867,0
20,2000,0.0,0.3048,55.5,0.00283081,0.6178636955885874,0
21,2500,0.0,0.3048,55.5,0.00283081,0.5511208019783553,0
22,3150,0.0,0.3048,55.5,0.00283081,0.5279868109660439,0
23,4000,0.0,0.3048,55.5,0.00283081,0.47134841917728076,0
24,5000,0.0,0.3048,55.5,0.00283081,0.15950696778081008,1
25,6300,0.0,0.3048,55.5,0.00283081,0.3881192331214933,0
26,8000,0.0,0.3048,55.5,0.00283081,0.3482330417209565,0
27,10000,0.0,0.3048,55.5,0.00283081,0.25782434121307185,0
28,12500,0.0,0.3048,55.5,0.00283081,0.20464275267902243,0
29,200,0.0,0.3048,39.6,0.00310138,0.39218762464434853,0
30,250,0.0,0.3048,39.6,0.00310138,0.4238306698221077,0
31,315,0.0,0.3048,39.6,0.00310138,0.5158348179860135,0
32,400,0.0,0.3048,39.6,0.00310138,0.5698141303480737,0
33,500,0.0,0.3048,39.6,0.00310138,0.6269843380221771,0
34,630,0.0,0.3048,39.6,0.00310138,0.6713909644481082,0
35,800,0.0,0.3048,39.6,0.00310138,0.6838886377536095,0
36,1000,0.0,0.3048,39.6,0.00310138,0.6519796846331802,0
37,1250,0.0,0.3048,39.6,0.00310138,0.5881617783923208,0
38,1600,0.0,0.3048,39.6,0.00310138,0.549605126705135,0
39,2000,0.0,0.3048,39.6,0.00310138,0.5400324407690058,0
40,2500,0.0,0.3048,39.6,0.00310138,0.4791395218975194,0
41,3150,0.0,0.3048,39.6,0.00310138,0.4504214640891324,0
42,4000,0.0,0.3048,39.6,0.00310138,0.4214374983380753,0
43,5000,0.0,0.3048,39.6,0.00310138,0.38314675459356007,0
44,6300,0.0,0.3048,39.6,0.00310138,0.3416651155370012,0
45,8000,0.0,0.3048,39.6,0.00310138,0.3031084638498154,0
46,10000,0.0,0.3048,39.6,0.00310138,0.23290876698486995,0
47,12500,0.0,0.3048,39.6,0.00310138,0.16589996543196772,0
48,200,0.0,0.3048,31.7,0.00331266,0.36735182279894696,0
49,250,0.0,0.3048,31.7,0.00331266,0.40457893477278173,0
50,315,0.0,0.3048,31.7,0.00331266,0.5154625468662752,0
51,400,0.0,0.3048,31.7,0.00331266,0.5760895577950915,0
52,500,0.0,0.3048,31.7,0.00331266,0.3333779909395076,1
53,630,0.0,0.3048,31.7,0.00331266,0.6837822745765418,0
54,800,0.0,0.3048,31.7,0.00331266,0.6875049857739257,0
55,1000,0.0,0.3048,31.7,0.00331266,0.9130202340603903,1
56,1250,0.0,0.3048,31.7,0.00331266,0.5577419097508445,0
57,1600,0.0,0.3048,31.7,0.00331266,0.5048262291594652,0
58,2000,0.0,0.3048,31.7,0.00331266,0.5050921371021353,0
59,2500,0.0,0.3048,31.7,0.00331266,0.46201505038955526,0
60,3150,0.0,0.3048,31.7,0.00331266,0.4189379636769752,0
61,4000,0.0,0.3048,31.7,0.00331266,0.39261307735262063,0
62,5000,0.0,0.3048,31.7,0.00331266,0.1747795058851535,1
63,6300,0.0,0.3048,31.7,0.00331266,0.27641130640572253,0
64,8000,0.0,0.3048,31.7,0.00331266,0.18972531709522178,0
65,10000,0.0,0.3048,31.7,0.00331266,0.1298960299944163,0
66,800,1.5,0.3048,71.3,0.00336729,1.0577279388557375,1
67,1000,1.5,0.3048,71.3,0.00336729,0.601271039965964,0
68,1250,1.5,0.3048,71.3,0.00336729,0.5980801446539208,0
69,1600,1.5,0.3048,71.3,0.00336729,0.61828914829686,0
70,2000,1.5,0.3048,71.3,0.00336729,0.6185550562395301,0
71,2500,1.5,0.3048,71.3,0.00336729,0.5619166644507674,0
72,3150,1.5,0.3048,71.3,0.00336729,0.5321349748716995,0
73,4000,1.5,0.3048,71.3,0.00336729,0.4887919802164493,0
74,5000,1.5,0.3048,71.3,0.00336729,0.4321535884276866,0
75,6300,1.5,0.3048,71.3,0.00336729,0.3920014890844792,0
76,8000,1.5,0.3048,71.3,0.00336729,0.3188768048501611,0
77,10000,1.5,0.3048,71.3,0.00336729,0.26888611162815446,0
78,12500,1.5,0.3048,71.3,0.00336729,0.15534342010795843,0
79,16000,1.5,0.3048,71.3,0.00336729,0.08514372324301345,0
80,315,1.5,0.3048,39.6,0.00392107,0.49115856090621435,0
81,400,1.5,0.3048,39.6,0.00392107,0.5483287685803178,0
82,500,1.5,0.3048,39.6,0.00392107,0.6190602813306034,0
83,630,1.5,0.3048,39.6,0.00392107,0.6629350918711947,0
84,800,1.5,0.3048,39.6,0.00392107,0.6767623048900475,0
85,1000,1.5,0.3048,39.6,0.00392107,0.6435238120562663,0
86,1250,1.5,0.3048,39.6,0.00392107,0.5805036296434176,0
87,1600,1.5,0.3048,39.6,0.00392107,0.5007312468423435,0
88,2000,1.5,0.3048,39.6,0.00392107,0.4978062594729704,0
89,2500,1.5,0.3048,39.6,0.00392107,0.30150012565233736,1
90,3150,1.5,0.3048,39.6,0.00392107,0.41829978461456685,0
91,4000,1.5,0.3048,39.6,0.00392107,0.3818703964687429,0
92,5000,1.5,0.3048,39.6,0.00392107,0.3419842050682056,0
93,6300,1.5,0.3048,39.6,0.00392107,0.30236392161033887,0
94,8000,1.5,0.3048,39.6,0.00392107,-0.09568068706010735,1
95,10000,1.5,0.3048,39.6,0.00392107,0.14920094663227612,0
96,12500,1.5,0.3048,39.6,0.00392107,0.07261945914324475,0
97,400,3.0,0.3048,71.3,0.00425727,0.388993595215836,1
98,500,3.0,0.3048,71.3,0.00425727,0.6667375754513789,0
99,630,3.0,0.3048,71.3,0.00425727,0.6906692902917007,0
100,800,3.0,0.3048,71.3,0.00425727,0.6943920014890845,0
101,1000,3.0,0.3048,71.3,0.00425727,0.6813625122982421,0
102,1250,3.0,0.3048,71.3,0.00425727,0.6449331241524185,0
103,1600,3.0,0.3048,71.3,0.00425727,0.6151514345733506,0
104,2000,3.0,0.3048,71.3,0.00425727,0.5888265482489965,0
105,2500,3.0,0.3048,71.3,0.00425727,0.5489403568484592,0
106,3150,3.0,0.3048,71.3,0.00425727,0.4821974632382271,0
107,4000,3.0,0.3048,71.3,0.00425727,0.4489589704044459,0
108,5000,3.0,0.3048,71.3,0.00425727,0.3923205786156836,0
109,6300,3.0,0.3048,71.3,0.00425727,0.33913899008163373,0
110,8000,3.0,0.3048,71.3,0.00425727,0.2992527986810969,0
111,10000,3.0,0.3048,71.3,0.00425727,0.18198739596351787,0
112,400,3.0,0.3048,55.5,0.00452492,0.6057117026085574,0
113,500,3.0,0.3048,55.5,0.00452492,0.6594251070279471,0
114,630,3.0,0.3048,55.5,0.00452492,0.6963863110591113,0
115,800,3.0,0.3048,55.5,0.00452492,0.38825469719837175,1
116,1000,3.0,0.3048,55.5,0.00452492,0.6900045204350258,0
117,1250,3.0,0.3048,55.5,0.00452492,0.6368229319009759,0
118,1600,3.0,0.3048,55.5,0.00452492,0.5599755364692744,0
119,2000,3.0,0.3048,55.5,0.00452492,0.5235461483234505,0
120,2500,3.0,0.3048,55.5,0.00452492,0.506793947935225,0
121,3150,3.0,0.3048,55.5,0.00452492,0.4469646608344191,0
122,4000,3.0,0.3048,55.5,0.00452492,0.4070784694338818,0
123,5000,3.0,0.3048,55.5,0.00452492,0.37038317334538773,0
124,6300,3.0,0.3048,55.5,0.00452492,0.3270401786901376,0
125,8000,3.0,0.3048,55.5,0.00452492,0.27704948546813135,0
126,10000,3.0,0.3048,55.5,0.00452492,0.23370649081288075,0
127,315,3.0,0.3048,39.6,0.00495741,0.5300077113303376,0
128,400,3.0,0.3048,39.6,0.00495741,0.5874438269471107,0
129,500,3.0,0.3048,39.6,0.00495741,0.6448799425638847,0
130,630,3.0,0.3048,39.6,0.00495741,0.6890206610471457,0
131,800,3.0,0.3048,39.6,0.00495741,0.9987832691706804,1
132,1000,3.0,0.3048,39.6,0.00495741,0.6629616826654616,0
133,1250,3.0,0.3048,39.6,0.00495741,0.5962187890552295,0
134,1600,3.0,0.3048,39.6,0.00495741,0.5159145903688143,0
135,2000,3.0,0.3048,39.6,0.00495741,0.4560853032680088,0
136,2500,3.0,0.3048,39.6,0.00495741,0.07342003406497932,1
137,3150,3.0,0.3048,39.6,0.00495741,0.41327412449809886,0
138,4000,3.0,0.3048,39.6,0.00495741,0.35663573270933613,0
139,5000,3.0,0.3048,39.6,0.00495741,0.3300449384423114,0
140,6300,3.0,0.3048,39.6,0.00495741,0.28351104847501807,0
141,8000,3.0,0.3048,39.6,0.00495741,0.193368255909804,0
142,315,3.0,0.3048,31.7,0.00529514,0.5248490972425346,0
143,400,3.0,0.3048,31.7,0.00529514,0.32396588764404033,1
144,500,3.0,0.3048,31.7,0.00529514,0.6426463158454547,0
145,630,3.0,0.3048,31.7,0.00529514,0.6732257292525325,0
146,800,3.0,0.3048,31.7,0.00529514,0.6734916371952031,0
147,1000,3.0,0.3048,31.7,0.00529514,0.148194850345025,1
148,1250,3.0,0.3048,31.7,0.00529514,0.5705852633818171,0
149,1600,3.0,0.3048,31.7,0.00529514,0.4974605791474991,0
150,2000,3.0,0.3048,31.7,0.00529514,0.44427899061344966,0
151,2500,3.0,0.3048,31.7,0.00529514,0.43124950142260765,0
152,3150,3.0,0.3048,31.7,0.00529514,0.3916292179647409,0
153,4000,3.0,0.3048,31.7,0.00529514,0.32515223229717893,0
154,5000,3.0,0.3048,31.7,0.00529514,0.2786183423298856,0
155,6300,3.0,0.3048,31.7,0.00529514,0.16853245406440331,0
156,250,4.0,0.3048,71.3,0.00497773,0.6119871300555748,0
157,315,4.0,0.3048,71.3,0.00497773,0.6593187438508794,0
158,400,4.0,0.3048,71.3,0.00497773,0.6965458558247133,0
159,500,4.0,0.3048,71.3,0.00497773,0.7268593612891219,0
160,630,4.0,0.3048,71.3,0.00497773,0.7507910761294445,0
161,800,4.0,0.3048,71.3,0.00497773,0.7545137873268275,0
162,1000,4.0,0.3048,71.3,0.00497773,0.8967553296788546,1
163,1250,4.0,0.3048,71.3,0.00497773,0.6917595128566494,0
164,1600,4.0,0.3048,71.3,0.00497773,0.2507444387143992,1
165,2000,4.0,0.3048,71.3,0.00497773,0.5588055415215254,0
166,2500,4.0,0.3048,71.3,0.00497773,0.5423192490759701,0
167,3150,4.0,0.3048,71.3,0.00497773,0.48913766054192065,0
168,4000,4.0,0.3048,71.3,0.00497773,0.42957428138378484,0
169,5000,4.0,0.3048,71.3,0.00497773,0.3830403914164915,0
170,6300,4.0,0.3048,71.3,0.00497773,0.3399633047039119,0
171,8000,4.0,0.3048,71.3,0.00497773,0.2734863190363499,0
172,10000,4.0,0.3048,71.3,0.00497773,0.20009572685936128,0
173,12500,4.0,0.3048,71.3,0.00497773,0.10702794692477502,0
174,250,4.0,0.3048,39.6,0.00579636,0.5361501848060204,0
175,315,4.0,0.3048,39.6,0.00579636,0.6238998058872021,0
176,400,4.0,0.3048,39.6,0.00579636,0.6714973276251759,0
177,500,4.0,0.3048,39.6,0.00579636,0.7124471507963945,0
178,630,4.0,0.3048,39.6,0.00579636,0.7363788656367163,0
179,800,4.0,0.3048,39.6,0.00579636,0.9228530117784812,1
180,1000,4.0,0.3048,39.6,0.00579636,0.6738904991092083,0
181,1250,4.0,0.3048,39.6,0.00579636,0.6106044087536899,0
182,1600,4.0,0.3048,39.6,0.00579636,0.527375222697902,0
183,2000,4.0,0.3048,39.6,0.00579636,0.4675459355970961,0
184,2500,4.0,0.3048,39.6,0.00579636,0.4481346557821686,0
185,3150,4.0,0.3048,39.6,0.00579636,0.40851437232430143,0
186,4000,4.0,0.3048,39.6,0.00579636,0.33193288483527006,0
187,5000,4.0,0.3048,39.6,0.00579636,0.549852046594751,1
188,1250,0.0,0.2286,71.3,0.00214345,0.6584944292286012,0
189,1600,0.0,0.2286,71.3,0.00214345,0.6848193155529554,0
190,2000,0.0,0.2286,71.3,0.00214345,0.4616909750871895,1
191,2500,0.0,0.2286,71.3,0.00214345,0.664078496024676,0
192,3150,0.0,0.2286,71.3,0.00214345,1.12899075488782,1
193,4000,0.0,0.2286,71.3,0.00214345,0.5968037865291036,0
194,5000,0.0,0.2286,71.3,0.00214345,0.5563857792432261,0
195,6300,0.0,0.2286,71.3,0.00214345,0.49629058419975003,0
196,8000,0.0,0.2286,71.3,0.00214345,0.3893955912463105,0
197,10000,0.0,0.2286,71.3,0.00214345,0.3923205786156836,0
198,12500,0.0,0.2286,71.3,0.00214345,0.37875927353950045,0
199,16000,0.0,0.2286,71.3,0.00214345,0.03980692074079378,1
200,20000,0.0,0.2286,71.3,0.00214345,0.2949982715983728,0
201,315,0.0,0.2286,55.5,0.00229336,0.42970723535512034,0
202,400,0.0,0.2286,55.5,0.00229336,0.4860797192012125,0
203,500,0.0,0.2286,55.5,0.00229336,0.5424522030473051,0
204,630,0.0,0.2286,55.5,0.00229336,0.6057382934028239,0
205,800,0.0,0.2286,55.5,0.00229336,0.6421676815486479,0
206,1000,0.0,0.2286,55.5,0.00229336,0.6623766851915867,0
207,1250,0.0,0.2286,55.5,0.00229336,0.8477465644164557,1
208,1600,0.0,0.2286,55.5,0.00229336,0.6224904937910498,0
209,2000,0.0,0.2286,55.5,0.00229336,0.6158427952242937,0
210,2500,0.0,0.2286,55.5,0.00229336,0.27626496144020213,1
211,3150,0.0,0.2286,55.5,0.00229336,0.5791474991357992,0
212,4000,0.0,0.2286,55.5,0.00229336,0.5326136091685059,0
213,5000,0.0,0.2286,55.5,0.00229336,0.5060228149014812,0
214,6300,0.0,0.2286,55.5,0.00229336,0.3996596378333823,0
215,315,0.0,0.2286,39.6,0.00253511,0.4699922886696628,0
216,400,0.0,0.2286,39.6,0.00253511,0.5367351822798949,0
217,500,0.0,0.2286,39.6,0.00253511,0.6066689712021698,0
218,630,0.0,0.2286,39.6,0.00253511,0.6734118648124023,0
219,800,0.0,0.2286,39.6,0.00253511,0.7132980562129396,0
220,1000,0.0,0.2286,39.6,0.00253511,0.719413938894355,0
221,1250,0.0,0.2286,39.6,0.00253511,0.6917595128566494,0
222,1600,0.0,0.2286,39.6,0.00253511,0.6306006860424924,0
223,2000,0.0,0.2286,39.6,0.00253511,0.5830031643045182,0
224,2500,0.0,0.2286,39.6,0.00253511,0.5755577419097513,0
225,3150,0.0,0.2286,39.6,0.00253511,0.36303242174750844,1
226,4000,0.0,0.2286,39.6,0.00253511,0.5340761028531924,0
227,5000,0.0,0.2286,39.6,0.00253511,0.49977397824873027,0
228,6300,0.0,0.2286,39.6,0.00253511,0.37453133725104415,0
229,315,0.0,0.2286,31.7,0.0027238,0.9465157628548769,1
230,400,0.0,0.2286,31.7,0.0027238,0.5385965378785866,0
231,500,0.0,0.2286,31.7,0.0027238,0.6194325524503417,0
232,630,0.0,0.2286,31.7,0.0027238,0.6936208684553411,0
233,800,0.0,0.2286,31.7,0.0027238,0.727125269231792,0
234,1000,0.0,0.2286,31.7,0.0027238,0.7236684659770787,0
235,1250,0.0,0.2286,31.7,0.0027238,1.0463218375151448,1
236,1600,0.0,0.2286,31.7,0.0027238,0.5915122184699659,0
237,2000,0.0,0.2286,31.7,0.0027238,0.5338101949105223,0
238,2500,0.0,0.2286,31.7,0.0027238,0.5335442869678517,0
239,3150,0.0,0.2286,31.7,0.0027238,0.5335442869678517,0
240,4000,0.0,0.2286,31.7,0.0027238,0.49605126705134683,0
241,5000,0.0,0.2286,31.7,0.0027238,0.4553673518227992,0
242,6300,0.0,0.2286,31.7,0.0027238,0.3572473209774776,0
243,400,2.0,0.2286,71.3,0.00293031,0.5779775041880502,0
244,500,2.0,0.2286,71.3,0.00293031,0.6144068923338741,0
245,630,2.0,0.2286,71.3,0.00293031,0.6375408833461855,0
246,800,2.0,0.2286,71.3,0.00293031,0.6604089664158272,0
247,1000,2.0,0.2286,71.3,0.00293031,0.6800861541734258,0
248,1250,2.0,0.2286,71.3,0.00293031,0.6763634429760419,0
249,1600,2.0,0.2286,71.3,0.00293031,0.649240832823677,0
250,2000,2.0,0.2286,71.3,0.00293031,0.6253091179833543,0
251,2500,2.0,0.2286,71.3,0.00293031,0.628234105352727,0
252,3150,2.0,0.2286,71.3,0.00293031,0.6045682984550749,0
253,4000,2.0,0.2286,71.3,0.00293031,0.5505889860930147,0
254,5000,2.0,0.2286,71.3,0.00293031,0.5168186773738932,0
255,6300,2.0,0.2286,71.3,0.00293031,0.462839365011833,0
256,8000,2.0,0.2286,71.3,0.00293031,0.541550683741645,1
257,10000,2.0,0.2286,71.3,0.00293031,0.2580902491557424,0
258,400,2.0,0.2286,55.5,0.00313525,0.5028851011779722,0
259,500,2.0,0.2286,55.5,0.00313525,0.5667030074188317,0
260,630,2.0,0.2286,55.5,0.00313525,0.6238732150929351,0
261,800,2.0,0.2286,55.5,0.00313525,0.6677480256335264,0
262,1000,2.0,0.2286,55.5,0.00313525,0.6813093307097087,0
263,1250,2.0,0.2286,55.5,0.00313525,0.6749275400856227,0
264,1600,2.0,0.2286,55.5,0.00313525,0.6214800436089027,0
265,2000,2.0,0.2286,55.5,0.00313525,0.5645757438774694,0
266,2500,2.0,0.2286,55.5,0.00313525,0.5446326481772013,0
267,3150,2.0,0.2286,55.5,0.00313525,0.5414417528651585,0
268,4000,2.0,0.2286,55.5,0.00313525,0.5012896535219507,0
269,5000,2.0,0.2286,55.5,0.00313525,0.4544898556119872,0
270,6300,2.0,0.2286,55.5,0.00313525,0.4076900577020237,0
271,315,2.0,0.2286,39.6,0.00346574,0.4455819395325342,0
272,400,2.0,0.2286,39.6,0.00346574,0.49902943600925376,0
273,500,2.0,0.2286,39.6,0.00346574,0.579067726752998,0
274,630,2.0,0.2286,39.6,0.00346574,0.6391629217964745,0
275,800,2.0,0.2286,39.6,0.00346574,0.6822400085090545,0
276,1000,2.0,0.2286,39.6,0.00346574,0.6851649958784276,0
277,1250,2.0,0.2286,39.6,0.00346574,0.6614991889807751,0
278,1600,2.0,0.2286,39.6,0.00346574,0.5971494668545754,0
279,2000,2.0,0.2286,39.6,0.00346574,0.5163134522828199,0
280,2500,2.0,0.2286,39.6,0.00346574,0.47908634030898556,0
281,3150,2.0,0.2286,39.6,0.00346574,0.48520222299040094,0
282,4000,2.0,0.2286,39.6,0.00346574,0.4479751110165662,0
283,5000,2.0,0.2286,39.6,0.00346574,0.4107479990427314,0
284,6300,2.0,0.2286,39.6,0.00346574,0.5180913113281873,1
285,315,2.0,0.2286,31.7,0.00372371,0.44584784747520434,0
286,400,2.0,0.2286,31.7,0.00372371,0.21704813268052492,1
287,500,2.0,0.2286,31.7,0.00372371,0.619485734038876,0
288,630,2.0,0.2286,31.7,0.00372371,0.6827718243943952,0
289,800,2.0,0.2286,31.7,0.00372371,0.7160103172281764,0
290,1000,2.0,0.2286,31.7,0.00372371,0.7160103172281764,0
291,1250,2.0,0.2286,31.7,0.00372371,0.6726673225729258,0
292,1600,2.0,0.2286,31.7,0.00372371,0.596085835083894,0
293,2000,2.0,0.2286,31.7,0.00372371,0.07925794237179318,1
294,2500,2.0,0.2286,31.7,0.00372371,0.47935224825165523,0
295,3150,2.0,0.2286,31.7,0.00372371,0.48254314356369843,0
296,4000,2.0,0.2286,31.7,0.00372371,0.4559523492966737,0
297,5000,2.0,0.2286,31.7,0.00372371,0.3958571542531977,0
298,6300,2.0,0.2286,31.7,0.00372371,0.31262796819741023,0
299,500,4.0,0.2286,71.3,0.00400603,0.6216395883745047,0
300,630,4.0,0.2286,71.3,0.00400603,0.682266599303321,0
301,800,4.0,0.2286,71.3,0.00400603,0.7261414098439118,0
302,1000,4.0,0.2286,71.3,0.00400603,0.7532640199962772,0
303,1250,4.0,0.2286,71.3,0.00400603,0.7535299279389474,0
304,1600,4.0,0.2286,71.3,0.00400603,0.6937006408381419,0
305,2000,4.0,0.2286,71.3,0.00400603,0.6072805594703117,0
306,2500,4.0,0.2286,71.3,0.00400603,0.557289866248305,0
307,3150,4.0,0.2286,71.3,0.00400603,0.5511739835668896,0
308,4000,4.0,0.2286,71.3,0.00400603,0.4878878932113704,0
309,5000,4.0,0.2286,71.3,0.00400603,0.4716675087084852,0
310,6300,4.0,0.2286,71.3,0.00400603,0.4051905230409232,0
311,8000,4.0,0.2286,71.3,0.00400603,0.2517616401201903,0
312,10000,4.0,0.2286,71.3,0.00400603,0.25867524662961694,0
313,12500,4.0,0.2286,71.3,0.00400603,0.2892546600366952,0
314,16000,4.0,0.2286,71.3,0.00400603,0.3503108878662803,1
315,20000,4.0,0.2286,71.3,0.00400603,0.16640519052304104,0
316,400,4.0,0.2286,55.5,0.0042862,0.5289972611481906,0
317,500,4.0,0.2286,55.5,0.0042862,0.6364240699869703,0
318,630,4.0,0.2286,55.5,0.0042862,0.7068896747945863,0
319,800,4.0,0.2286,55.5,0.0042862,0.388066364984613,1
320,1000,4.0,0.2286,55.5,0.0042862,0.7645916983540295,0
321,1250,4.0,0.2286,55.5,0.0042862,0.7414577073417186,0
322,1600,4.0,0.2286,55.5,0.0042862,0.6616853245406444,0
323,2000,4.0,0.2286,55.5,0.0042862,0.555056239529875,0
324,2500,4.0,0.2286,55.5,0.0042862,0.08270629642003213,1
325,3150,4.0,0.2286,55.5,0.0042862,0.505597362193209,0
326,4000,4.0,0.2286,55.5,0.0042862,0.4593293801685858,0
327,5000,4.0,0.2286,55.5,0.0042862,0.8658418868296879,1
328,6300,4.0,0.2286,55.5,0.0042862,-0.11328819415452662,1
329,8000,4.0,0.2286,55.5,0.0042862,0.2431462227776744,0
330,315,4.0,0.2286,39.6,0.00473801,0.5012098811391499,0
331,400,4.0,0.2286,39.6,0.00473801,0.5450846916797407,0
332,500,4.0,0.2286,39.6,0.00473801,0.629111601563539,0
333,630,4.0,0.2286,39.6,0.00473801,0.6966522190017819,0
334,800,4.0,0.2286,39.6,0.00473801,0.5910137374595803,1
335,1000,4.0,0.2286,39.6,0.00473801,1.0091862520051162,1
336,1250,4.0,0.2286,39.6,0.00473801,0.6636796341106712,0
337,1600,4.0,0.2286,39.6,0.00473801,0.5833754354242564,0
338,2000,4.0,0.2286,39.6,0.00473801,0.48605312840694603,0
339,2500,4.0,0.2286,39.6,0.00473801,0.43260563193022605,0
340,3150,4.0,0.2286,39.6,0.00473801,0.45308054351583493,0
341,4000,4.0,0.2286,39.6,0.00473801,0.41957614273938404,0
342,5000,4.0,0.2286,39.6,0.00473801,0.37942404339617664,0
343,6300,4.0,0.2286,39.6,0.00473801,0.289015342888292,0
344,8000,4.0,0.2286,39.6,0.00473801,0.25923365330922454,0
345,250,4.0,0.2286,31.7,0.00509068,0.4469646608344191,0
346,315,4.0,0.2286,31.7,0.00509068,0.537905177227644,0
347,400,4.0,0.2286,31.7,0.00509068,0.6054457946658869,0
348,500,4.0,0.2286,31.7,0.00509068,0.6796341106708859,0
349,630,4.0,0.2286,31.7,0.00509068,0.7171271305873907,0
350,800,4.0,0.2286,31.7,0.00509068,0.7309543436062436,0
351,1000,4.0,0.2286,31.7,0.00509068,0.49542426441329235,1
352,1250,4.0,0.2286,31.7,0.00509068,0.6578296593719255,0
353,1600,4.0,0.2286,31.7,0.00509068,0.580982263940224,0
354,2000,4.0,0.2286,31.7,0.00509068,0.49748716994176645,0
355,2500,4.0,0.2286,31.7,0.00509068,0.4474964767197598,0
356,3150,4.0,0.2286,31.7,0.00509068,0.44802829260510046,0
357,4000,4.0,0.2286,31.7,0.00509068,0.41159890445927605,0
358,5000,4.0,0.2286,31.7,0.00509068,0.33475150902757456,0
359,6300,4.0,0.2286,31.7,0.00509068,0.24779961177440368,0
360,400,5.3,0.2286,71.3,0.0051942,0.6466881165740421,0
361,500,5.3,0.2286,71.3,0.0051942,0.7046560480761559,0
362,630,5.3,0.2286,71.3,0.0051942,0.7557103730688439,0
363,800,5.3,0.2286,71.3,0.0051942,0.8003829074374451,0
364,1000,5.3,0.2286,71.3,0.0051942,0.8142101204562984,0
365,1250,5.3,0.2286,71.3,0.0051942,0.7977238280107426,0
366,1600,5.3,0.2286,71.3,0.0051942,0.7200787087510307,0
367,2000,5.3,0.2286,71.3,0.0051942,0.5985587789507276,0
368,2500,5.3,0.2286,71.3,0.0051942,0.5413885712766242,0
369,3150,5.3,0.2286,71.3,0.0051942,0.5249022788310689,0
370,4000,5.3,0.2286,71.3,0.0051942,0.4507139628260699,0
371,5000,5.3,0.2286,71.3,0.0051942,0.3900869518972532,0
372,6300,5.3,0.2286,71.3,0.0051942,0.3600393543755156,0
373,8000,5.3,0.2286,71.3,0.0051942,0.3063259499561255,0
374,10000,5.3,0.2286,71.3,0.0051942,0.21192863030818732,0
375,250,5.3,0.2286,39.6,0.00614329,0.628367059324062,0
376,315,5.3,0.2286,39.6,0.00614329,0.6996303879596888,0
377,400,5.3,0.2286,39.6,0.00614329,0.7403143031882364,0
378,500,5.3,0.2286,39.6,0.00614329,0.7677028212832719,0
379,630,5.3,0.2286,39.6,0.00614329,0.761321030659186,0
380,800,5.3,0.2286,39.6,0.00614329,0.6943122291062838,0
381,1000,5.3,0.2286,39.6,0.00614329,0.5903422235222169,0
382,1250,5.3,0.2286,39.6,0.00614329,0.5940649347196003,0
383,1600,5.3,0.2286,39.6,0.00614329,0.5238652378546549,0
384,2000,5.3,0.2286,39.6,0.00614329,0.3863908314941371,0
385,2500,5.3,0.2286,39.6,0.00614329,0.3395910335841732,0
386,3150,5.3,0.2286,39.6,0.00614329,0.40048395245566004,0
387,4000,5.3,0.2286,39.6,0.00614329,0.3302842555907146,0
388,5000,5.3,0.2286,39.6,0.00614329,0.3172547663998726,0
389,6300,5.3,0.2286,39.6,0.00614329,0.24359826628021386,0
390,200,7.3,0.2286,71.3,0.0104404,0.9407291195788017,0
391,250,7.3,0.2286,71.3,0.0104404,0.9715744409285509,0
392,315,7.3,0.2286,71.3,0.0104404,0.9686494535591779,0
393,400,7.3,0.2286,71.3,0.0104404,0.9588108596803786,0
394,500,7.3,0.2286,71.3,0.0104404,0.44807414467778506,1
395,630,7.3,0.2286,71.3,0.0104404,0.8080410561863487,0
396,800,7.3,0.2286,71.3,0.0104404,0.7277368574999334,0
397,1000,7.3,0.2286,71.3,0.0104404,0.6237668519158666,0
398,1250,7.3,0.2286,71.3,0.0104404,0.6375940649347198,0
399,1600,7.3,0.2286,71.3,0.0104404,0.5942510702794692,0
400,2000,7.3,0.2286,71.3,0.0104404,0.5139468715930544,0
401,2500,7.3,0.2286,71.3,0.0104404,0.4974605791474991,0
402,3150,7.3,0.2286,71.3,0.0104404,0.4541175844922489,0
403,4000,7.3,0.2286,71.3,0.0104404,0.42087909165846815,0
404,5000,7.3,0.2286,71.3,0.0104404,0.31690908607440127,0
405,6300,7.3,0.2286,71.3,0.0104404,0.3307362990932541,0
406,200,7.3,0.2286,55.5,0.0111706,0.847023160581807,0
407,250,7.3,0.2286,55.5,0.0111706,0.8776025739888849,0
408,315,7.3,0.2286,55.5,0.0111706,0.7493331360316444,1
409,400,7.3,0.2286,55.5,0.0111706,0.8653708086260541,0
410,500,7.3,0.2286,55.5,0.0111706,0.792246124391736,0
411,630,7.3,0.2286,55.5,0.0111706,0.7326827452336002,0
412,800,7.3,0.2286,55.5,0.0111706,0.6664716675087083,0
413,1000,7.3,0.2286,55.5,0.0111706,0.5800515861408782,0
414,1250,7.3,0.2286,55.5,0.0111706,0.5941447071024015,0
415,1600,7.3,0.2286,55.5,0.0111706,0.5311245246895528,0
416,2000,7.3,0.2286,55.5,0.0111706,0.4513521418884783,0
417,2500,7.3,0.2286,55.5,0.0111706,0.41518866168532487,0
418,3150,7.3,0.2286,55.5,0.0111706,0.3657297843486589,0
419,4000,7.3,0.2286,55.5,0.0111706,0.36971840348871243,0
420,5000,7.3,0.2286,55.5,0.0111706,0.25963251522323016,0
421,6300,7.3,0.2286,55.5,0.0111706,0.21682133645332025,0
422,200,7.3,0.2286,39.6,0.0123481,0.7341452389182868,0
423,250,7.3,0.2286,39.6,0.0123481,0.7580769537586094,0
424,315,7.3,0.2286,39.6,0.0123481,0.7649905602680356,0
425,400,7.3,0.2286,39.6,0.0123481,0.7620655728986625,0
426,500,7.3,0.2286,39.6,0.0123481,0.7157975908740397,0
427,630,7.3,0.2286,39.6,0.0123481,0.6793682027282157,0
428,800,7.3,0.2286,39.6,0.0123481,0.6094344138059409,0
429,1000,7.3,0.2286,39.6,0.0123481,0.5094530273619275,0
430,1250,7.3,0.2286,39.6,0.0123481,0.07502894664167614,1
431,1600,7.3,0.2286,39.6,0.0123481,0.47009865184673094,0
432,2000,7.3,0.2286,39.6,0.0123481,0.3836785704789003,0
433,2500,7.3,0.2286,39.6,0.0123481,0.10896862379927219,1
434,3150,7.3,0.2286,39.6,0.0123481,0.2906107905443136,0
435,4000,7.3,0.2286,39.6,0.0123481,0.2844949078628978,0
436,5000,7.3,0.2286,39.6,0.0123481,-0.22444405784852417,1
437,6300,7.3,0.2286,39.6,0.0123481,0.1983407344377377,0
438,200,7.3,0.2286,31.7,0.0132672,0.6727205041614597,0
439,250,7.3,0.2286,31.7,0.0132672,0.7102135240779646,0
440,315,7.3,0.2286,31.7,0.0132672,0.7142021432180181,0
441,400,7.3,0.2286,31.7,0.0132672,0.5907547974152234,1
442,500,7.3,0.2286,31.7,0.0132672,0.6591591990852765,0
443,630,7.3,0.2286,31.7,0.0132672,0.6065094264365678,0
444,800,7.3,0.2286,31.7,0.0132672,0.5272688595208344,0
445,1000,7.3,0.2286,31.7,0.0132672,0.41798069508336244,0
446,1250,7.3,0.2286,31.7,0.0132672,0.45547371499986733,0
447,1600,7.3,0.2286,31.7,0.0132672,0.41638524742734084,0
448,2000,7.3,0.2286,31.7,0.0132672,0.11117893323531466,1
449,2500,7.3,0.2286,31.7,0.0132672,0.30124710825112366,0
450,3150,7.3,0.2286,31.7,0.0132672,0.5825649011864835,1
451,4000,7.3,0.2286,31.7,0.0132672,0.24620416411838209,0
452,5000,7.3,0.2286,31.7,0.0132672,-0.24046117475302597,1
453,6300,7.3,0.2286,31.7,0.0132672,0.1943521152976837,0
454,800,0.0,0.1524,71.3,0.0015988,0.5966176509692342,0
455,1000,0.0,0.1524,71.3,0.0015988,0.6362379344271014,0
456,1250,0.0,0.1524,71.3,0.0015988,0.6793150211396823,0
457,1600,0.0,0.1524,71.3,0.0015988,0.69899220889728,0
458,2000,0.0,0.1524,71.3,0.0015988,0.5107338913250611,1
459,2500,0.0,0.1524,71.3,0.0015988,0.6580423857260622,0
460,3150,0.0,0.1524,71.3,0.0015988,0.691280878559843,0
461,4000,0.0,0.1524,71.3,0.0015988,0.6774536655409897,0
462,5000,0.0,0.1524,71.3,0.0015988,0.6136357593001303,0
463,6300,0.0,0.1524,71.3,0.0015988,0.5862472412050952,0
464,8000,0.0,0.1524,71.3,0.0015988,0.5091339378307231,0
465,10000,0.0,0.1524,71.3,0.0015988,0.44850692690190685,0
466,12500,0.0,0.1524,71.3,0.0015988,0.3644800170181086,0
467,16000,0.0,0.1524,71.3,0.0015988,0.6266501725350935,1
468,500,0.0,0.1524,55.5,0.00172668,0.4571755258329566,0
469,630,0.0,0.1524,55.5,0.00172668,0.5372138165767013,0
470,800,0.0,0.1524,55.5,0.00172668,0.9534468292284064,1
471,1000,0.0,0.1524,55.5,0.00172668,0.6701677879118249,0
472,1250,0.0,0.1524,55.5,0.00172668,0.7065971760576493,0
473,1600,0.0,0.1524,55.5,0.00172668,0.7127130587390647,0
474,2000,0.0,0.1524,55.5,0.00172668,0.699151753662882,0
475,2500,0.0,0.1524,55.5,0.00172668,0.6483633366128649,0
476,3150,0.0,0.1524,55.5,0.00172668,0.6480974286701944,0
477,4000,0.0,0.1524,55.5,0.00172668,1.1200153780543243,1
478,5000,0.0,0.1524,55.5,0.00172668,0.5802909032892813,0
479,6300,0.0,0.1524,55.5,0.00172668,0.5297683941819344,0
480,8000,0.0,0.1524,55.5,0.00172668,0.4925412822080997,0
481,10000,0.0,0.1524,55.5,0.00172668,0.42207567740048413,0
482,12500,0.0,0.1524,55.5,0.00172668,0.3646395617837106,0
483,16000,0.0,0.1524,55.5,0.00172668,0.25056505437817433,0
484,500,0.0,0.1524,39.6,0.00193287,0.42898928390991076,0
485,630,0.0,0.1524,39.6,0.00193287,0.5590182678756617,0
486,800,0.0,0.1524,39.6,0.00193287,0.6520860478102484,0
487,1000,0.0,0.1524,39.6,0.00193287,0.7087244395990107,0
488,1250,0.0,0.1524,39.6,0.00193287,0.7350493259233652,0
489,1600,0.0,0.1524,39.6,0.00193287,0.7347834179806956,0
490,2000,0.0,0.1524,39.6,0.00193287,0.6980881218922006,0
491,2500,0.0,0.1524,39.6,0.00193287,0.6244316217725423,0
492,3150,0.0,0.1524,39.6,0.00193287,0.590927220996091,0
493,4000,0.0,0.1524,39.6,0.00193287,0.5840136144866648,0
494,5000,0.0,0.1524,39.6,0.00193287,0.533757013321988,0
495,6300,0.0,0.1524,39.6,0.00193287,0.47685271359055514,0
496,8000,0.0,0.1524,39.6,0.00193287,0.4566437099476164,0
497,10000,0.0,0.1524,39.6,0.00193287,0.31996702741510896,0
498,500,0.0,0.1524,31.7,0.00209405,0.4849363150477308,0
499,630,0.0,0.1524,31.7,0.00209405,0.601403993937299,0
500,800,0.0,0.1524,31.7,0.00209405,0.6843672720504168,0
501,1000,0.0,0.1524,31.7,0.00209405,0.7340920573297525,0
502,1250,0.0,0.1524,31.7,0.00209405,1.1835233778469116,1
503,1600,0.0,0.1524,31.7,0.00209405,0.7295716223043587,0
504,2000,0.0,0.1524,31.7,0.00209405,0.6787832052543412,0
505,2500,0.0,0.1524,31.7,0.00209405,0.5979471906825862,0
506,3150,0.0,0.1524,31.7,0.00209405,0.7936698419776922,1
507,4000,0.0,0.1524,31.7,0.00209405,0.5431701544925147,0
508,5000,0.0,0.1524,31.7,0.00209405,0.5056771345760103,0
509,6300,0.0,0.1524,31.7,0.00209405,0.43494562182572416,0
510,8000,0.0,0.1524,31.7,0.00209405,0.38761400803042,0
511,630,2.7,0.1524,71.3,0.00243851,0.6388172414710027,0
512,800,2.7,0.1524,71.3,0.00243851,0.6385513335283326,0
513,1000,2.7,0.1524,71.3,0.00243851,0.6752466296168267,0
514,1250,2.7,0.1524,71.3,0.00243851,0.7116760177626511,0
515,1600,2.7,0.1524,71.3,0.00243851,0.9874014823994284,1
516,2000,2.7,0.1524,71.3,0.00243851,0.7108782939346403,0
517,2500,2.7,0.1524,71.3,0.00243851,0.6635466801393362,0
518,3150,2.7,0.1524,71.3,0.00243851,0.6295104634775441,0
519,4000,2.7,0.1524,71.3,0.00243851,0.6156832504586913,0
520,5000,2.7,0.1524,71.3,0.00243851,0.5579812268992477,0
521,6300,2.7,0.1524,71.3,0.00243851,0.49363150477304796,0
522,8000,2.7,0.1524,71.3,0.00243851,0.45613848485654307,0
523,10000,2.7,0.1524,71.3,0.00243851,0.3548275586991787,0
524,12500,2.7,0.1524,71.3,0.00243851,0.25670752785385753,0
525,16000,2.7,0.1524,71.3,0.00243851,0.1857101071609013,0
526,500,2.7,0.1524,39.6,0.00294804,0.46876911213337946,0
527,630,2.7,0.1524,39.6,0.00294804,0.5964049246150984,0
528,800,2.7,0.1524,39.6,0.00294804,0.6767091233015132,0
529,1000,2.7,0.1524,39.6,0.00294804,0.7235089212114767,0
530,1250,2.7,0.1524,39.6,0.00294804,0.7298907118355631,0
531,1600,2.7,0.1524,39.6,0.00294804,0.7091498923072836,0
532,2000,2.7,0.1524,39.6,0.00294804,0.6583614752572662,0
533,2500,2.7,0.1524,39.6,0.00294804,0.5905549498763532,0
534,3150,2.7,0.1524,39.6,0.00294804,0.5195575291833969,0
535,4000,2.7,0.1524,39.6,0.00294804,0.4921690110883614,0
536,5000,2.7,0.1524,39.6,0.00294804,0.4817986013242215,0
537,6300,2.7,0.1524,39.6,0.00294804,0.4209056824527351,0
538,8000,2.7,0.1524,39.6,0.00294804,0.35309915707182205,0
539,10000,2.7,0.1524,39.6,0.00294804,-0.01451176702088236,1
540,12500,2.7,0.1524,39.6,0.00294804,0.1401068949929538,0
541,400,5.4,0.1524,71.3,0.00401199,0.5515196638923605,0
542,500,5.4,0.1524,71.3,0.00401199,0.12162318453790366,1
543,630,5.4,0.1524,71.3,0.00401199,0.5006558840771302,1
544,800,5.4,0.1524,71.3,0.00401199,0.741909750844258,0
545,1000,5.4,0.1524,71.3,0.00401199,0.7929640758369452,0
546,1250,5.4,0.1524,71.3,0.00401199,0.8171616986199375,0
547,1600,5.4,0.1524,71.3,0.00401199,1.2275256894635498,1
548,2000,5.4,0.1524,71.3,0.00401199,0.7373893158188634,0
549,2500,5.4,0.1524,71.3,0.00401199,0.18421986538834656,1
550,3150,5.4,0.1524,71.3,0.00401199,0.5299811205360707,0
551,4000,5.4,0.1524,71.3,0.00401199,0.47999042731406405,0
552,5000,5.4,0.1524,71.3,0.00401199,0.4435610391682405,0
553,6300,5.4,0.1524,71.3,0.00401199,0.7782438758424876,1
554,400,5.4,0.1524,55.5,0.00433288,0.6229425372935893,0
555,500,5.4,0.1524,55.5,0.00433288,0.6910149706171729,0
556,630,5.4,0.1524,55.5,0.00433288,0.7558965086287133,0
557,800,5.4,0.1524,55.5,0.00433288,0.790198633233175,0
558,1000,5.4,0.1524,55.5,0.00433288,0.764405562794161,0
559,1250,5.4,0.1524,55.5,0.00433288,0.7285079905336778,0
560,1600,5.4,0.1524,55.5,0.00433288,0.7229239237376026,0
561,2000,5.4,0.1524,55.5,0.00433288,0.6734650464009362,0
562,2500,5.4,0.1524,55.5,0.00433288,0.5503496689446115,0
563,3150,5.4,0.1524,55.5,0.00433288,0.48413859121972,0
564,4000,5.4,0.1524,55.5,0.00433288,-0.013261806108982643,1
565,5000,5.4,0.1524,55.5,0.00433288,0.40888664344404013,0
566,6300,5.4,0.1524,55.5,0.00433288,0.36979817587151365,0
567,8000,5.4,0.1524,55.5,0.00433288,0.3070439014013351,0
568,315,5.4,0.1524,39.6,0.00485029,0.5841199776637329,0
569,400,5.4,0.1524,39.6,0.00485029,0.6450128965352198,0
570,500,5.4,0.1524,39.6,0.00485029,0.39047815079147485,1
571,630,5.4,0.1524,39.6,0.00485029,0.7705214454755764,0
572,800,5.4,0.1524,39.6,0.00485029,0.7811577631823865,0
573,1000,5.4,0.1524,39.6,0.00485029,0.721328476081581,0
574,1250,5.4,0.1524,39.6,0.00485029,0.631185683516367,0
575,1600,5.4,0.1524,39.6,0.00485029,0.6085835083893958,0
576,2000,5.4,0.1524,39.6,0.00485029,0.5655064216768158,0
577,2500,5.4,0.1524,39.6,0.00485029,0.4551546254686629,0
578,3150,5.4,0.1524,39.6,0.00485029,0.41899114526550907,0
579,4000,5.4,0.1524,39.6,0.00485029,0.36580955673145965,0
580,5000,5.4,0.1524,39.6,0.00485029,0.3631504773047576,0
581,6300,5.4,0.1524,39.6,0.00485029,0.35357779136862844,0
582,315,5.4,0.1524,31.7,0.00525474,0.5945967506049405,0
583,400,5.4,0.1524,31.7,0.00525474,0.6488419709096713,0
584,500,5.4,0.1524,31.7,0.00525474,0.6993644800170187,0
585,630,5.4,0.1524,31.7,0.00525474,0.7469620017549925,0
586,800,5.4,0.1524,31.7,0.00525474,0.7474938176403336,0
587,1000,5.4,0.1524,31.7,0.00525474,0.661073736272503,0
588,1250,5.4,0.1524,31.7,0.00525474,0.5480628606376472,0
589,1600,5.4,0.1524,31.7,0.00525474,0.5419469779562318,0
590,2000,5.4,0.1524,31.7,0.00525474,0.5156220916318772,0
591,2500,5.4,0.1524,31.7,0.00525474,0.4193634163852473,0
592,3150,5.4,0.1524,31.7,0.00525474,0.39649533331560605,0
593,4000,5.4,0.1524,31.7,0.00525474,0.8142712605067549,1
594,5000,5.4,0.1524,31.7,0.00525474,0.327359268221342,0
595,6300,5.4,0.1524,31.7,0.00525474,0.32470018879463947,0
596,315,7.2,0.1524,71.3,0.00752039,0.6736245911665382,0
597,400,7.2,0.1524,71.3,0.00752039,0.711117611083043,0
598,500,7.2,0.1524,71.3,0.00752039,0.7621719360757311,0
599,630,7.2,0.1524,71.3,0.00752039,0.8368920679660699,0
600,800,7.2,0.1524,71.3,0.00752039,0.8680032972584892,0
601,1000,7.2,0.1524,71.3,0.00752039,0.4897972909646934,1
602,1250,7.2,0.1524,71.3,0.00752039,0.9120244894114575,1
603,1600,7.2,0.1524,71.3,0.00752039,0.7315925226686524,0
604,2000,7.2,0.1524,71.3,0.00752039,0.6717632355678465,0
605,2500,7.2,0.1524,71.3,0.00752039,0.5576887281623102,0
606,3150,7.2,0.1524,71.3,0.00752039,0.35639641556093293,0
607,4000,7.2,0.1524,71.3,0.00752039,0.4244688488845165,0
608,5000,7.2,0.1524,71.3,0.00752039,0.3978780546174918,0
609,6300,7.2,0.1524,71.3,0.00752039,0.3516100725928686,0
610,8000,7.2,0.1524,71.3,0.00752039,0.2646581753396977,0
611,10000,7.2,0.1524,71.3,0.00752039,0.1843539766532829,0
612,250,7.2,0.1524,39.6,0.00909175,0.6410508681894331,0
613,315,7.2,0.1524,39.6,0.00909175,0.722684606589199,0
614,400,7.2,0.1524,39.6,0.00909175,0.7641662456457574,0
615,500,7.2,0.1524,39.6,0.00909175,0.7785252745499505,0
616,630,7.2,0.1524,39.6,0.00909175,0.792884303454144,0
617,800,7.2,0.1524,39.6,0.00909175,0.7705480362698438,0
618,1000,7.2,0.1524,39.6,0.00909175,0.6636530433164038,0
619,1250,7.2,0.1524,39.6,0.00909175,0.5065014491982875,0
620,1600,7.2,0.1524,39.6,0.00909175,0.4434812667854393,0
621,2000,7.2,0.1524,39.6,0.00909175,0.4480017018108331,0
622,2500,7.2,0.1524,39.6,0.00909175,0.37487701757651504,0
623,3150,7.2,0.1524,39.6,0.00909175,0.2243731220251548,0
624,4000,7.2,0.1524,39.6,0.00909175,0.2892546600366952,0
625,5000,7.2,0.1524,39.6,0.00909175,0.2634615895976813,0
626,6300,7.2,0.1524,39.6,0.00909175,0.24750711303746664,0
627,8000,7.2,0.1524,39.6,0.00909175,0.21825723934373897,0
628,10000,7.2,0.1524,39.6,0.00909175,0.19911186747148157,0
629,200,9.9,0.1524,71.3,0.0193001,0.8226925838274788,0
630,250,9.9,0.1524,71.3,0.0193001,0.8495492860371745,0
631,315,9.9,0.1524,71.3,0.0193001,0.8530060892918874,0
632,400,9.9,0.1524,71.3,0.0193001,0.842901587470418,0
633,500,9.9,0.1524,71.3,0.0193001,0.7418565692557237,0
634,630,9.9,0.1524,71.3,0.0193001,0.7048953652245595,0
635,800,9.9,0.1524,71.3,0.0193001,0.6780386630148643,0
636,1000,9.9,0.1524,71.3,0.0193001,0.6107639535192919,0
637,1250,9.9,0.1524,71.3,0.0193001,0.513175738559311,0
638,1600,9.9,0.1524,71.3,0.0193001,0.4895099316616589,0
639,2000,9.9,0.1524,71.3,0.0193001,0.46265322945196363,0
640,2500,9.9,0.1524,71.3,0.0193001,0.4323397239875555,0
641,3150,9.9,0.1524,71.3,0.0193001,0.3581514079825565,0
642,4000,9.9,0.1524,71.3,0.0193001,0.3110857021299225,0
643,5000,9.9,0.1524,71.3,0.0193001,0.29752439705374023,0
644,6300,9.9,0.1524,71.3,0.0193001,0.23024968755816744,0
645,200,9.9,0.1524,55.5,0.0208438,0.31398966769224734,1
646,250,9.9,0.1524,55.5,0.0208438,0.7938681628420245,0
647,315,9.9,0.1524,55.5,0.0208438,0.49855357873473344,1
648,400,9.9,0.1524,55.5,0.0208438,0.7505251681867735,0
649,500,9.9,0.1524,55.5,0.0208438,0.6497460579147498,0
650,630,9.9,0.1524,55.5,0.0208438,0.6364506607812377,0
651,800,9.9,0.1524,55.5,0.0208438,0.616507565080969,0
652,1000,9.9,0.1524,55.5,0.0208438,0.5659850559736221,0
653,1250,9.9,0.1524,55.5,0.0208438,0.4854149493445372,0
654,1600,9.9,0.1524,55.5,0.0208438,0.4386151514345733,0
655,2000,9.9,0.1524,55.5,0.0208438,0.42877655755577404,0
656,2500,9.9,0.1524,55.5,0.0208438,0.3984630520913659,0
657,3150,9.9,0.1524,55.5,0.0208438,0.3112452468955249,0
658,4000,9.9,0.1524,55.5,0.0208438,0.2543409471640916,0
659,5000,9.9,0.1524,55.5,0.0208438,0.2309410482091101,0
660,6300,9.9,0.1524,55.5,0.0208438,0.19078894886590314,0
661,200,9.9,0.1524,39.6,0.0233328,0.6364506607812377,0
662,250,9.9,0.1524,39.6,0.0233328,0.6635732709336031,0
663,315,9.9,0.1524,39.6,0.0233328,0.6704868774430293,0
664,400,9.9,0.1524,39.6,0.0233328,0.6638391788762732,0
665,500,9.9,0.1524,39.6,0.0233328,0.493589535503559,1
666,630,9.9,0.1524,39.6,0.0233328,0.613848485654267,0
667,800,9.9,0.1524,39.6,0.0233328,0.6106575903422238,0
668,1000,9.9,0.1524,39.6,0.0233328,0.5439146967319912,0
669,1250,9.9,0.1524,39.6,0.0233328,0.4566968915361507,0
670,1600,9.9,0.1524,39.6,0.0233328,0.4032493950594307,0
671,2000,9.9,0.1524,39.6,0.0233328,0.38676310261387536,0
672,2500,9.9,0.1524,39.6,0.0233328,0.34342010795862477,0
673,3150,9.9,0.1524,39.6,0.0233328,0.26976360783896647,0
674,4000,9.9,0.1524,39.6,0.0233328,0.23625920706251513,0
675,5000,9.9,0.1524,39.6,0.0233328,0.2062116095407771,0
676,6300,9.9,0.1524,39.6,0.0233328,0.17297311670699633,0
677,200,9.9,0.1524,31.7,0.0252785,0.6360252080729656,0
678,250,9.9,0.1524,31.7,0.0252785,0.6695296088494165,0
679,315,9.9,0.1524,31.7,0.0252785,0.6761773074161725,0
680,400,9.9,0.1524,31.7,0.0252785,0.6796341106708859,0
681,500,9.9,0.1524,31.7,0.0252785,0.6328343127609224,0
682,630,9.9,0.1524,31.7,0.0252785,0.6027867152391844,0
683,800,9.9,0.1524,31.7,0.0252785,0.5892254101630017,0
684,1000,9.9,0.1524,31.7,0.0252785,0.49908261759778805,0
685,1250,9.9,0.1524,31.7,0.0252785,0.40521711383519055,0
686,1600,9.9,0.1524,31.7,0.0252785,0.36533092243465326,0
687,2000,9.9,0.1524,31.7,0.0252785,0.35841731592522663,0
688,2500,9.9,0.1524,31.7,0.0252785,0.3017789241364639,0
689,3150,9.9,0.1524,31.7,0.0252785,0.23477012258356167,0
690,4000,9.9,0.1524,31.7,0.0252785,0.6350640312279726,1
691,5000,9.9,0.1524,31.7,0.0252785,0.17467492754008562,0
692,6300,9.9,0.1524,31.7,0.0252785,0.14117052676363429,0
693,200,12.6,0.1524,71.3,0.0483159,0.664078496024676,0
694,250,12.6,0.1524,71.3,0.0483159,0.701039700055841,0
695,315,12.6,0.1524,71.3,0.0483159,0.6675352992793897,0
696,400,12.6,0.1524,71.3,0.0483159,0.630574095248225,0
697,500,12.6,0.1524,71.3,0.0483159,0.7729959495929506,1
698,630,12.6,0.1524,71.3,0.0483159,0.5297949849762014,0
699,800,12.6,0.1524,71.3,0.0483159,0.5231472864094453,0
700,1000,12.6,0.1524,71.3,0.0483159,0.49629058419975003,0
701,1250,12.6,0.1524,71.3,0.0483159,0.44603398303507324,0
702,1600,12.6,0.1524,71.3,0.0483159,0.45613848485654307,0
703,2000,12.6,0.1524,71.3,0.0483159,0.37556837822745814,0
704,2500,12.6,0.1524,71.3,0.0483159,0.31520727524131154,0
705,3150,12.6,0.1524,71.3,0.0483159,-0.01256753188741816,1
706,4000,12.6,0.1524,71.3,0.0483159,0.12375355651873354,0
707,5000,12.6,0.1524,71.3,0.0483159,0.12375355651873354,0
708,6300,12.6,0.1524,71.3,0.0483159,0.1038104608184649,0
709,200,12.6,0.1524,39.6,0.05841130000000001,0.3023373308160715,0
710,250,12.6,0.1524,39.6,0.05841130000000001,0.3326508362804801,0
711,315,12.6,0.1524,39.6,0.05841130000000001,0.33610763953519296,0
712,400,12.6,0.1524,39.6,0.05841130000000001,0.3331826521658203,0
713,500,12.6,0.1524,39.6,0.05841130000000001,0.3063259499561255,0
714,630,12.6,0.1524,39.6,0.05841130000000001,0.35020076049671633,0
715,800,12.6,0.1524,39.6,0.05841130000000001,0.35046666843938645,0
716,1000,12.6,0.1524,39.6,0.05841130000000001,0.30021006727470967,0
717,1250,12.6,0.1524,39.6,0.05841130000000001,0.23346717366447756,0
718,1600,12.6,0.1524,39.6,0.05841130000000001,0.19677187757598347,0
719,2000,12.6,0.1524,39.6,0.05841130000000001,0.16326747679953213,0
720,2500,12.6,0.1524,39.6,0.05841130000000001,0.0930677799345867,0
721,3150,12.6,0.1524,39.6,0.05841130000000001,0.07658148748903137,0
722,4000,12.6,0.1524,39.6,0.05841130000000001,0.029781689579067905,0
723,5000,12.6,0.1524,39.6,0.05841130000000001,0.019943095700268643,0
724,6300,12.6,0.1524,39.6,0.05841130000000001,0.0,0
725,800,0.0,0.0508,71.3,0.000740478,0.7333741058845433,0
726,1000,0.0,0.0508,71.3,0.000740478,0.6932220065413355,0
727,1250,0.0,0.0508,71.3,0.000740478,0.6695561996436834,0
728,1600,0.0,0.0508,71.3,0.000740478,0.22603413802526762,1
729,2000,0.0,0.0508,71.3,0.000740478,0.7360331853112454,0
730,2500,0.0,0.0508,71.3,0.000740478,0.7426808838780015,0
731,3150,0.0,0.0508,71.3,0.000740478,0.8426622703220144,0
732,4000,0.0,0.0508,71.3,0.000740478,0.8256441619911192,0
733,5000,0.0,0.0508,71.3,0.000740478,0.8256441619911192,0
734,6300,0.0,0.0508,71.3,0.000740478,0.7886829579599541,0
735,8000,0.0,0.0508,71.3,0.000740478,0.7315127502858507,0
736,10000,0.0,0.0508,71.3,0.000740478,0.9593937699721351,1
737,12500,0.0,0.0508,71.3,0.000740478,0.5807429467918208,0
738,800,0.0,0.0508,55.5,0.00076193,0.5572366846597707,0
739,1000,0.0,0.0508,55.5,0.00076193,0.5904751774935519,0
740,1250,0.0,0.0508,55.5,0.00076193,0.6300954609514187,0
741,1600,0.0,0.0508,55.5,0.00076193,0.9711218055197613,1
742,2000,0.0,0.0508,55.5,0.00076193,0.2957477752107637,1
743,2500,0.0,0.0508,55.5,0.00076193,0.8130401255085498,0
744,3150,0.0,0.0508,55.5,0.00076193,0.8361741165208607,0
745,4000,0.0,0.0508,55.5,0.00076193,0.8393650118329035,0
746,5000,0.0,0.0508,55.5,0.00076193,0.8289946020687644,0
747,6300,0.0,0.0508,55.5,0.00076193,0.7821948041588,0
748,8000,0.0,0.0508,55.5,0.00076193,0.6082689245401565,1
749,10000,0.0,0.0508,55.5,0.00076193,0.6449863057409524,0
750,12500,0.0,0.0508,55.5,0.00076193,0.5848911106974768,0
751,800,0.0,0.0508,39.6,0.000791822,0.6149918898077487,0
752,1000,0.0,0.0508,39.6,0.000791822,0.6450394873294867,0
753,1250,0.0,0.0508,39.6,0.000791822,0.6851915866726941,0
754,1600,0.0,0.0508,39.6,0.000791822,0.7319913845826571,0
755,2000,0.0,0.0508,39.6,0.000791822,0.7854388810593775,0
756,2500,0.0,0.0508,39.6,0.000791822,0.8391522854787672,0
757,3150,0.0,0.0508,39.6,0.000791822,0.8657430797457919,0
758,4000,0.0,0.0508,39.6,0.000791822,0.8489908793575665,0
759,5000,0.0,0.0508,39.6,0.000791822,0.5200462074710356,1
760,6300,0.0,0.0508,39.6,0.000791822,0.7588480867923528,0
761,8000,0.0,0.0508,39.6,0.000791822,0.6684393862844686,0
762,10000,0.0,0.0508,39.6,0.000791822,0.6014305847315664,0
763,12500,0.0,0.0508,39.6,0.000791822,0.5479830882548464,0
764,800,0.0,0.0508,31.7,0.000812164,0.516127316722951,0
765,1000,0.0,0.0508,31.7,0.000812164,0.6222245858483797,0
766,1250,0.0,0.0508,31.7,0.000812164,0.6884356635732716,0
767,1600,0.0,0.0508,31.7,0.000812164,0.7347036455978939,0
768,2000,0.0,0.0508,31.7,0.000812164,0.7878852341319433,0
769,2500,0.0,0.0508,31.7,0.000812164,0.8373441114686098,0
770,3150,0.0,0.0508,31.7,0.000812164,0.8538304039141655,0
771,4000,0.0,0.0508,31.7,0.000812164,0.8171351078256714,0
772,5000,0.0,0.0508,31.7,0.000812164,0.793735208870689,0
773,6300,0.0,0.0508,31.7,0.000812164,0.7168878134389876,0
774,8000,0.0,0.0508,31.7,0.000812164,0.6171723349376448,0
775,10000,0.0,0.0508,31.7,0.000812164,0.5070864466721625,0
776,12500,0.0,0.0508,31.7,0.000812164,0.6313092536283866,1
777,1600,4.2,0.0508,71.3,0.00142788,0.5567580503629643,0
778,2000,4.2,0.0508,71.3,0.00142788,0.5668857555745175,1
779,2500,4.2,0.0508,71.3,0.00142788,0.4459292328842358,1
780,3150,4.2,0.0508,71.3,0.00142788,0.8069774244156669,0
781,4000,4.2,0.0508,71.3,0.00142788,0.803520621160954,0
782,5000,4.2,0.0508,71.3,0.00142788,1.1048107006420627,1
783,6300,4.2,0.0508,71.3,0.00142788,0.6894461137554178,0
784,8000,4.2,0.0508,71.3,0.00142788,0.582019304916638,0
785,10000,4.2,0.0508,71.3,0.00142788,0.47485840402052837,0
786,12500,4.2,0.0508,71.3,0.00142788,0.3708883984364615,0
787,1000,4.2,0.0508,39.6,0.00152689,0.5920972159438405,0
788,1250,4.2,0.0508,39.6,0.00152689,0.6660196240061698,0
789,1600,4.2,0.0508,39.6,0.00152689,0.9435584918017633,1
790,2000,4.2,0.0508,39.6,0.00152689,0.7766373281569927,0
791,2500,4.2,0.0508,39.6,0.00152689,0.8101417289334436,0
792,3150,4.2,0.0508,39.6,0.00152689,0.8032281224240174,0
793,4000,4.2,0.0508,39.6,0.00152689,0.7558965086287133,0
794,5000,4.2,0.0508,39.6,0.00152689,0.701917196266653,0
795,6300,4.2,0.0508,39.6,0.00152689,0.5939585715425322,0
796,8000,4.2,0.0508,39.6,0.00152689,0.4524955460419604,0
797,10000,4.2,0.0508,39.6,0.00152689,0.3612891217060654,0
798,800,8.4,0.0508,71.3,0.00529514,0.6428590421995906,0
799,1000,8.4,0.0508,71.3,0.00529514,0.7064110404977799,0
800,1250,8.4,0.0508,71.3,0.00529514,0.7633153402292132,0
801,1600,8.4,0.0508,71.3,0.00529514,0.8101151381391767,0
802,2000,8.4,0.0508,71.3,0.00529514,0.8268673385274021,0
803,2500,8.4,0.0508,71.3,0.00529514,0.8202196399606456,0
804,3150,8.4,0.0508,71.3,0.00529514,0.76012444491717,0
805,4000,8.4,0.0508,71.3,0.00529514,0.6261068418113651,0
806,5000,8.4,0.0508,71.3,0.00529514,0.4724120509479621,0
807,400,8.4,0.0508,55.5,0.00544854,0.4840056372483845,0
808,500,8.4,0.0508,55.5,0.00544854,0.5414417528651585,0
809,630,8.4,0.0508,55.5,0.00544854,0.6055255670486881,0
810,800,8.4,0.0508,55.5,0.00544854,0.6696093812322177,0
811,1000,8.4,0.0508,55.5,0.00544854,1.1479395524238467,1
812,1250,8.4,0.0508,55.5,0.00544854,0.7677294120775393,0
813,1600,8.4,0.0508,55.5,0.00544854,0.7884702316058187,0
814,2000,8.4,0.0508,55.5,0.00544854,0.7887361395484884,0
815,2500,8.4,0.0508,55.5,0.00544854,0.7488499481479516,0
816,3150,8.4,0.0508,55.5,0.00544854,0.665354854149494,0
817,4000,8.4,0.0508,55.5,0.00544854,0.51139415534342,0
818,5000,8.4,0.0508,55.5,0.00544854,0.8062716104575379,1
819,400,8.4,0.0508,39.6,0.00566229,0.4423378626319572,0
820,500,8.4,0.0508,39.6,0.00566229,0.5191852580636587,0
821,630,8.4,0.0508,39.6,0.00566229,0.6026803520621162,0
822,800,8.4,0.0508,39.6,0.00566229,0.4429290103882521,1
823,1000,8.4,0.0508,39.6,0.00566229,0.7130321482702686,0
824,1250,8.4,0.0508,39.6,0.00566229,0.7398888504799643,0
825,1600,8.4,0.0508,39.6,0.00566229,0.7335070598558784,0
826,2000,8.4,0.0508,39.6,0.00566229,0.7069162655888532,0
827,2500,8.4,0.0508,39.6,0.00566229,0.6404392799212917,0
828,3150,8.4,0.0508,39.6,0.00566229,0.547371499986705,0
829,4000,8.4,0.0508,39.6,0.00566229,0.4141516207089109,0
830,400,8.4,0.0508,31.7,0.00580776,0.44395990108224526,0
831,500,8.4,0.0508,31.7,0.00580776,0.5208072965139467,0
832,630,8.4,0.0508,31.7,0.00580776,0.5976546919456482,0
833,800,8.4,0.0508,31.7,0.00580776,0.661206690243838,0
834,1000,8.4,0.0508,31.7,0.00580776,0.6949769989629591,0
835,1250,8.4,0.0508,31.7,0.00580776,0.7119951072938551,0
836,1600,8.4,0.0508,31.7,0.00580776,0.6891270242242133,0
837,2000,8.4,0.0508,31.7,0.00580776,0.6463158454543039,0
838,2500,8.4,0.0508,31.7,0.00580776,0.5902092695508814,0
839,3150,8.4,0.0508,31.7,0.00580776,0.49740739755896524,0
840,4000,8.4,0.0508,31.7,0.00580776,0.39157603637620664,0
841,200,11.2,0.0508,71.3,0.014072,0.5999149094583456,0
842,250,11.2,0.0508,71.3,0.014072,0.6307602308080944,0
843,315,11.2,0.0508,71.3,0.014072,0.664796447469886,0
844,400,11.2,0.0508,71.3,0.014072,0.6887281623102086,0
845,500,11.2,0.0508,71.3,0.014072,0.7161166804052441,0
846,630,11.2,0.0508,71.3,0.014072,0.8038663014864253,0
847,800,11.2,0.0508,71.3,0.014072,0.8682160236126255,0
848,1000,11.2,0.0508,71.3,0.014072,0.8924136463956183,0
849,1250,11.2,0.0508,71.3,0.014072,0.8724705506953496,0
850,1600,11.2,0.0508,71.3,0.014072,0.8458797564283249,0
851,2000,11.2,0.0508,71.3,0.014072,0.7958890632063182,0
852,2500,11.2,0.0508,71.3,0.014072,0.7222325630866595,0
853,3150,11.2,0.0508,71.3,0.014072,0.6318238625787758,0
854,4000,11.2,0.0508,71.3,0.014072,0.5076448533517697,0
855,200,11.2,0.0508,39.6,0.015047799999999997,0.5751588799957457,0
856,250,11.2,0.0508,39.6,0.015047799999999997,0.6129178078549211,0
857,315,11.2,0.0508,39.6,0.015047799999999997,0.6809902411785043,0
858,400,11.2,0.0508,39.6,0.015047799999999997,0.7256627755471055,0
859,500,11.2,0.0508,39.6,0.015047799999999997,0.759964900151568,0
860,630,11.2,0.0508,39.6,0.015047799999999997,0.5994994159195248,1
861,800,11.2,0.0508,39.6,0.015047799999999997,0.8086260536602228,0
862,1000,11.2,0.0508,39.6,0.015047799999999997,0.7724625734570694,0
863,1250,11.2,0.0508,39.6,0.015047799999999997,0.7091764831015506,0
864,1600,11.2,0.0508,39.6,0.015047799999999997,0.6158427952242937,0
865,2000,11.2,0.0508,39.6,0.015047799999999997,0.4252089305510496,1
866,2500,11.2,0.0508,39.6,0.015047799999999997,0.7413600509132168,1
867,3150,11.2,0.0508,39.6,0.015047799999999997,0.43316403860983366,0
868,4000,11.2,0.0508,39.6,0.015047799999999997,0.3228122424016804,0
869,200,15.4,0.0508,71.3,0.0264269,0.5375329061079057,0
870,250,15.4,0.0508,71.3,0.0264269,0.5705054909990159,0
871,315,15.4,0.0508,71.3,0.0264269,0.6066689712021698,0
872,400,15.4,0.0508,71.3,0.0264269,0.6228893557050554,0
873,500,15.4,0.0508,71.3,0.0264269,0.6356529369532269,0
874,630,15.4,0.0508,71.3,0.0264269,0.6984072114234054,0
875,800,15.4,0.0508,71.3,0.0264269,0.7481319967027416,0
876,1000,15.4,0.0508,71.3,0.0264269,0.7574387746962006,0
877,1250,15.4,0.0508,71.3,0.0264269,0.7303161645438352,0
878,1600,15.4,0.0508,71.3,0.0264269,0.9500337966486566,1
879,2000,15.4,0.0508,71.3,0.0264269,0.6888345254872763,0
880,2500,15.4,0.0508,71.3,0.0264269,0.6446938070040154,0
881,3150,15.4,0.0508,71.3,0.0264269,0.5939053899539983,0
882,4000,15.4,0.0508,71.3,0.0264269,0.5130693753822428,0
883,5000,15.4,0.0508,71.3,0.0264269,0.4189379636769752,0
884,6300,15.4,0.0508,71.3,0.0264269,0.3147020501502382,0
885,8000,15.4,0.0508,71.3,0.0264269,0.2471614327119953,0
886,200,15.4,0.0508,55.5,0.0271925,0.5201159358630045,0
887,250,15.4,0.0508,55.5,0.0271925,0.5528226128114451,0
888,315,15.4,0.0508,55.5,0.0271925,0.585263381817215,0
889,400,15.4,0.0508,55.5,0.0271925,0.6147791634536124,0
890,500,15.4,0.0508,55.5,0.0271925,0.6339245353258702,0
891,630,15.4,0.0508,55.5,0.0271925,0.32091284300642586,1
892,800,15.4,0.0508,55.5,0.0271925,0.71928098492302,0
893,1000,15.4,0.0508,55.5,0.0271925,0.7184832610950092,0
894,1250,15.4,0.0508,55.5,0.0271925,0.7078469433881991,0
895,1600,15.4,0.0508,55.5,0.0271925,0.6599835137075543,0
896,2000,15.4,0.0508,55.5,0.0271925,0.6291381923578059,0
897,2500,15.4,0.0508,55.5,0.0271925,0.591645172441301,0
898,3150,15.4,0.0508,55.5,0.0271925,0.5339431488818569,0
899,4000,15.4,0.0508,55.5,0.0271925,0.46640253144361443,0
900,5000,15.4,0.0508,55.5,0.0271925,0.36509160528625006,0
901,6300,15.4,0.0508,55.5,0.0271925,0.2539420852500869,0
902,200,15.4,0.0508,39.6,0.0282593,0.4893503868960569,0
903,250,15.4,0.0508,39.6,0.0282593,0.5188661685324543,0
904,315,15.4,0.0508,39.6,0.0282593,0.5614114393596936,0
905,400,15.4,0.0508,39.6,0.0282593,0.5842795224293349,0
906,500,15.4,0.0508,39.6,0.0282593,0.6004999069322201,0
907,630,15.4,0.0508,39.6,0.0282593,0.6398542824474167,0
908,800,15.4,0.0508,39.6,0.0282593,0.6659132608291012,0
909,1000,15.4,0.0508,39.6,0.0282593,0.6518201398675783,0
910,1250,15.4,0.0508,39.6,0.0282593,0.6212407264604995,0
911,1600,15.4,0.0508,39.6,0.0282593,0.5707182173531526,0
912,2000,15.4,0.0508,39.6,0.0282593,0.5334911053793179,0
913,2500,15.4,0.0508,39.6,0.0282593,0.5061025872842824,0
914,3150,15.4,0.0508,39.6,0.0282593,0.45558007817693547,0
915,4000,15.4,0.0508,39.6,0.0282593,0.391762171936076,0
916,5000,15.4,0.0508,39.6,0.0282593,0.29443986491876517,0
917,6300,15.4,0.0508,39.6,0.0282593,0.16706996037971678,0
918,200,15.4,0.0508,31.7,0.0289853,0.4412742308612758,0
919,250,15.4,0.0508,31.7,0.0289853,0.4745127236950566,0
920,315,15.4,0.0508,31.7,0.0289853,0.2119273624842014,1
921,400,15.4,0.0508,31.7,0.0289853,0.5404578934772784,0
922,500,15.4,0.0508,31.7,0.0289853,0.5401919855346078,0
923,630,15.4,0.0508,31.7,0.0289853,0.5665168718589628,0
924,800,15.4,0.0508,31.7,0.0289853,0.5896508628712742,0
925,1000,15.4,0.0508,31.7,0.0289853,0.5622623447762387,0
926,1250,15.4,0.0508,31.7,0.0289853,0.5284920360571173,0
927,1600,15.4,0.0508,31.7,0.0289853,0.4814263302044832,0
928,2000,15.4,0.0508,31.7,0.0289853,0.4641423139309171,0
929,2500,15.4,0.0508,31.7,0.0289853,0.5928278198842476,1
930,3150,15.4,0.0508,31.7,0.0289853,0.3899539979259181,0
931,4000,15.4,0.0508,31.7,0.0289853,0.3258701837423885,0
932,5000,15.4,0.0508,31.7,0.0289853,0.23865237854654753,0
933,6300,15.4,0.0508,31.7,0.0289853,0.12776876645305402,0
934,200,19.7,0.0508,71.3,0.034118300000000004,0.3888903661552372,0
935,250,19.7,0.0508,71.3,0.034118300000000004,0.41840614779163454,0
936,315,19.7,0.0508,71.3,0.034118300000000004,0.47477863163772716,0
937,400,19.7,0.0508,71.3,0.034118300000000004,0.544712420560002,0
938,500,19.7,0.0508,71.3,0.034118300000000004,0.6279416066157899,0
939,630,19.7,0.0508,71.3,0.034118300000000004,0.6643709947616139,0
940,800,19.7,0.0508,71.3,0.034118300000000004,0.3100433795654758,1
941,1000,19.7,0.0508,71.3,0.034118300000000004,0.9530397941155128,1
942,1250,19.7,0.0508,71.3,0.034118300000000004,0.4814263302044832,0
943,1600,19.7,0.0508,71.3,0.034118300000000004,0.4572287074214909,0
944,2000,19.7,0.0508,71.3,0.034118300000000004,0.4434014944026381,0
945,2500,19.7,0.0508,71.3,0.034118300000000004,0.3989948679767066,0
946,3150,19.7,0.0508,71.3,0.034118300000000004,0.34155875235993305,0
947,4000,19.7,0.0508,71.3,0.034118300000000004,0.7191346230225238,1
948,200,19.7,0.0508,39.6,0.036484,0.6007924056691576,0
949,250,19.7,0.0508,39.6,0.036484,0.6340308985029384,0
950,315,19.7,0.0508,39.6,0.036484,0.7042305953678838,0
951,400,19.7,0.0508,39.6,0.036484,0.7241736910681524,0
952,500,19.7,0.0508,39.6,0.036484,0.6664716675087083,0
953,630,19.7,0.0508,39.6,0.036484,0.4505544180604675,0
954,800,19.7,0.0508,39.6,0.036484,0.4199750046533892,0
955,1000,19.7,0.0508,39.6,0.036484,0.41279549020129247,0
956,1250,19.7,0.0508,39.6,0.036484,0.4056159757491957,0
957,1600,19.7,0.0508,39.6,0.036484,0.3782274576541602,0
958,2000,19.7,0.0508,39.6,0.036484,0.3814183529662034,0
959,2500,19.7,0.0508,39.6,0.036484,0.7113957079040784,1
960,3150,19.7,0.0508,39.6,0.036484,0.25590980402584673,0
961,4000,19.7,0.0508,39.6,0.036484,0.14103757279229923,0
962,2500,0.0,0.0254,71.3,0.000400682,0.8064190177360597,0
963,3150,0.0,0.0254,71.3,0.000400682,0.8941686388172418,0
964,4000,0.0,0.0254,71.3,0.000400682,0.9353843699311306,0
965,5000,0.0,0.0254,71.3,0.000400682,0.8896482037918481,0
966,6300,0.0,0.0254,71.3,0.000400682,0.8404552343978513,0
967,8000,0.0,0.0254,71.3,0.000400682,0.7043103677506855,0
968,10000,0.0,0.0254,71.3,0.000400682,0.7287738984763479,0
969,12500,0.0,0.0254,71.3,0.000400682,0.7931236206025476,0
970,16000,0.0,0.0254,71.3,0.000400682,0.7205307522535702,0
971,20000,0.0,0.0254,71.3,0.000400682,0.5274815858749702,0
972,2000,0.0,0.0254,55.5,0.00041229,0.6446406254154815,0
973,2500,0.0,0.0254,55.5,0.00041229,0.7097880713696916,0
974,3150,0.0,0.0254,55.5,0.00041229,0.7212221129045124,0
975,4000,0.0,0.0254,55.5,0.00041229,0.7935490733108197,0
976,5000,0.0,0.0254,55.5,0.00041229,0.862153322519744,0
977,6300,0.0,0.0254,55.5,0.00041229,0.8701305607998506,0
978,8000,0.0,0.0254,55.5,0.00041229,0.8717260084558722,0
979,10000,0.0,0.0254,55.5,0.00041229,0.8291807376286329,0
980,12500,0.0,0.0254,55.5,0.00041229,0.7464833674581861,0
981,16000,0.0,0.0254,55.5,0.00041229,0.5930544845374537,0
982,20000,0.0,0.0254,55.5,0.00041229,0.4933390060361105,0
983,1600,0.0,0.0254,39.6,0.000428464,0.5524503416917068,0
984,2000,0.0,0.0254,39.6,0.000428464,0.7085383040391422,0
985,2500,0.0,0.0254,39.6,0.000428464,0.7566676416624571,0
986,3150,0.0,0.0254,39.6,0.000428464,0.7949583854069724,0
987,4000,0.0,0.0254,39.6,0.000428464,0.8500013295397135,0
988,5000,0.0,0.0254,39.6,0.000428464,0.8816443747174731,0
989,6300,0.0,0.0254,39.6,0.000428464,0.8893557050549101,0
990,8000,0.0,0.0254,39.6,0.000428464,0.8638285425585668,0
991,10000,0.0,0.0254,39.6,0.000428464,0.7976174648336749,0
992,12500,0.0,0.0254,39.6,0.000428464,0.6843406812561499,0
993,16000,0.0,0.0254,39.6,0.000428464,0.5745207009333373,0
994,1000,0.0,0.0254,31.7,0.000439472,0.5782700029249872,0
995,1250,0.0,0.0254,31.7,0.000439472,0.6532560427579974,0
996,1600,0.0,0.0254,31.7,0.000439472,0.6883558911904699,0
997,2000,0.0,0.0254,31.7,0.000439472,0.7263807269923155,0
998,2500,0.0,0.0254,31.7,0.000439472,0.7848804743797704,0
999,3150,0.0,0.0254,31.7,0.000439472,0.8468370250219377,0
1000,4000,0.0,0.0254,31.7,0.000439472,0.8952322705879228,0
1001,5000,0.0,0.0254,31.7,0.000439472,0.9367139096444812,0
1002,6300,0.0,0.0254,31.7,0.000439472,0.9348525540457895,0
1003,8000,0.0,0.0254,31.7,0.000439472,0.8994867976706464,0
1004,10000,0.0,0.0254,31.7,0.000439472,0.820246230754913,0
1005,12500,0.0,0.0254,31.7,0.000439472,0.6806445608530329,0
1006,16000,0.0,0.0254,31.7,0.000439472,0.5915654000584998,0
1007,2000,4.8,0.0254,71.3,0.000848633,0.6652484909724254,0
1008,2500,4.8,0.0254,71.3,0.000848633,0.7298641210412957,0
1009,3150,4.8,0.0254,71.3,0.000848633,0.7976706464222083,0
1010,4000,4.8,0.0254,71.3,0.000848633,0.8388863775360971,0
1011,5000,4.8,0.0254,71.3,0.000848633,1.0915202511122102,1
1012,6300,4.8,0.0254,71.3,0.000848633,0.8274523360012762,0
1013,8000,4.8,0.0254,71.3,0.000848633,0.7482117690855428,0
1014,10000,4.8,0.0254,71.3,0.000848633,0.6386576967054007,0
1015,12500,4.8,0.0254,71.3,0.000848633,0.6463690270428382,0
1016,16000,4.8,0.0254,71.3,0.000848633,0.5538330629935917,0
1017,20000,4.8,0.0254,71.3,0.000848633,0.4341744887919803,0
1018,1600,4.8,0.0254,55.5,0.000873218,0.4811338314675462,0
1019,2000,4.8,0.0254,55.5,0.000873218,0.5763288749434947,0
1020,2500,4.8,0.0254,55.5,0.000873218,0.685085223495626,0
1021,3150,4.8,0.0254,55.5,0.000873218,0.7704416730927752,0
1022,4000,4.8,0.0254,55.5,0.000873218,0.8121892200920047,0
1023,5000,4.8,0.0254,55.5,0.000873218,1.2666254576076157,1
1024,6300,4.8,0.0254,55.5,0.000873218,0.8451618049831149,0
1025,8000,4.8,0.0254,55.5,0.000873218,0.765921238067381,0
1026,10000,4.8,0.0254,55.5,0.000873218,0.6265854761081715,0
1027,12500,4.8,0.0254,55.5,0.000873218,0.5773925067141756,0
1028,16000,4.8,0.0254,55.5,0.000873218,0.5587789507272585,0
1029,20000,4.8,0.0254,55.5,0.000873218,0.4760815805568117,0
1030,500,4.8,0.0254,39.6,0.000907475,0.34530805435158385,0
1031,630,4.8,0.0254,39.6,0.000907475,0.40726460499375117,0
1032,800,4.8,0.0254,39.6,0.000907475,0.46230754912649275,0
1033,1000,4.8,0.0254,39.6,0.000907475,0.5205413885712771,0
1034,1250,4.8,0.0254,39.6,0.000907475,0.5755843327040178,0
1035,1600,4.8,0.0254,39.6,0.000907475,0.2154000901873726,1
1036,2000,4.8,0.0254,39.6,0.000907475,0.6790225224027444,0
1037,2500,4.8,0.0254,39.6,0.000907475,0.7407131651022416,0
1038,3150,4.8,0.0254,39.6,0.000907475,0.7992129124896965,0
1039,4000,4.8,0.0254,39.6,0.000907475,0.8406945515462549,0
1040,5000,4.8,0.0254,39.6,0.000907475,0.8521285930810758,0
1041,6300,4.8,0.0254,39.6,0.000907475,0.8231446273300187,0
1042,8000,4.8,0.0254,39.6,0.000907475,0.7436381524716147,0
1043,10000,4.8,0.0254,39.6,0.000907475,0.6032387587417238,0
1044,500,4.8,0.0254,31.7,0.000930789,0.45428232425733683,1
1045,630,4.8,0.0254,31.7,0.000930789,0.44401308267077955,0
1046,800,4.8,0.0254,31.7,0.000930789,0.5123514239370333,0
1047,1000,4.8,0.0254,31.7,0.000930789,0.5841465684579998,0
1048,1250,4.8,0.0254,31.7,0.000930789,0.6389236046480709,0
1049,1600,4.8,0.0254,31.7,0.000930789,0.6737575451378732,0
1050,2000,4.8,0.0254,31.7,0.000930789,0.7117823809397188,0
1051,2500,4.8,0.0254,31.7,0.000930789,0.7766639189512592,0
1052,3150,4.8,0.0254,31.7,0.000930789,0.8213364533198608,0
1053,4000,4.8,0.0254,31.7,0.000930789,0.8495226952429071,0
1054,5000,4.8,0.0254,31.7,0.000930789,0.8473954317015449,0
1055,6300,4.8,0.0254,31.7,0.000930789,0.7849070651740369,0
1056,8000,4.8,0.0254,31.7,0.000930789,0.6282872869412608,0
1057,630,9.5,0.0254,71.3,0.00420654,0.5941978886909354,0
1058,800,9.5,0.0254,71.3,0.00420654,0.633552264206132,0
1059,1000,9.5,0.0254,71.3,0.00420654,0.6960406307336404,0
1060,1250,9.5,0.0254,71.3,0.00420654,0.7518812986943924,0
1061,1600,9.5,0.0254,71.3,0.00420654,0.8077219666551443,0
1062,2000,9.5,0.0254,71.3,0.00420654,0.8401627356609143,0
1063,2500,9.5,0.0254,71.3,0.00420654,0.8662217140425992,0
1064,3150,9.5,0.0254,71.3,0.00420654,0.8718057808386739,0
1065,4000,9.5,0.0254,71.3,0.00420654,0.8204855479033157,0
1066,5000,9.5,0.0254,71.3,0.00420654,0.7393836253888906,0
1067,6300,9.5,0.0254,71.3,0.00420654,0.6346158959768129,0
1068,400,9.5,0.0254,55.5,0.0043284,0.4672534368601591,0
1069,500,9.5,0.0254,55.5,0.0043284,0.5238918286489218,0
1070,630,9.5,0.0254,55.5,0.0043284,0.5869120110617705,0
1071,800,9.5,0.0254,55.5,0.0043284,0.6568457999840454,0
1072,1000,9.5,0.0254,55.5,0.0043284,0.7166750870848513,0
1073,1250,9.5,0.0254,55.5,0.0043284,0.7663998723641878,0
1074,1600,9.5,0.0254,55.5,0.0043284,0.7892679554338291,0
1075,2000,9.5,0.0254,55.5,0.0043284,0.8155928417581841,0
1076,2500,9.5,0.0254,55.5,0.0043284,0.8182519211848862,0
1077,3150,9.5,0.0254,55.5,0.0043284,0.794320206344564,0
1078,4000,9.5,0.0254,55.5,0.0043284,0.7499135799186321,0
1079,5000,9.5,0.0254,55.5,0.0043284,0.6656207620921641,0
1080,6300,9.5,0.0254,55.5,0.0043284,0.55420533411333,0
1081,200,9.5,0.0254,39.6,0.00449821,0.3375435424256126,0
1082,250,9.5,0.0254,39.6,0.00449821,0.36014571755258373,0
1083,315,9.5,0.0254,39.6,0.00449821,0.42316589996543197,0
1084,400,9.5,0.0254,39.6,0.00449821,0.12641881092154572,1
1085,500,9.5,0.0254,39.6,0.00449821,0.5454835535937463,0
1086,630,9.5,0.0254,39.6,0.00449821,0.6151514345733506,0
1087,800,9.5,0.0254,39.6,0.00449821,0.6816284202409131,0
1088,1000,9.5,0.0254,39.6,0.00449821,0.7177919004440665,0
1089,1250,9.5,0.0254,39.6,0.00449821,0.733480469061611,0
1090,1600,9.5,0.0254,39.6,0.00449821,0.7393304438003563,0
1091,2000,9.5,0.0254,39.6,0.00449821,0.7417236152843887,0
1092,2500,9.5,0.0254,39.6,0.00449821,0.7406599835137078,0
1093,3150,9.5,0.0254,39.6,0.00449821,0.7060919509665755,0
1094,4000,9.5,0.0254,39.6,0.00449821,0.2640041319783152,1
1095,5000,9.5,0.0254,39.6,0.00449821,0.5760629670008246,0
1096,6300,9.5,0.0254,39.6,0.00449821,0.4505544180604675,0
1097,200,9.5,0.0254,31.7,0.00461377,0.4192304624139127,0
1098,250,9.5,0.0254,31.7,0.00461377,0.44555534873826685,0
1099,315,9.5,0.0254,31.7,0.00461377,0.2638998900697757,1
1100,400,9.5,0.0254,31.7,0.00461377,0.20486452025255275,1
1101,500,9.5,0.0254,31.7,0.00461377,0.6250432100406842,0
1102,630,9.5,0.0254,31.7,0.00461377,0.6814156938867764,0
1103,800,9.5,0.0254,31.7,0.00461377,0.7276836759114,0
1104,1000,9.5,0.0254,31.7,0.00461377,0.554468733589291,1
1105,1250,9.5,0.0254,31.7,0.00461377,0.7462972318983168,0
1106,1600,9.5,0.0254,31.7,0.00461377,0.735395006248837,0
1107,2000,9.5,0.0254,31.7,0.00461377,0.7210359773446435,0
1108,2500,9.5,0.0254,31.7,0.00461377,0.7101337516951638,0
1109,3150,9.5,0.0254,31.7,0.00461377,0.668918020581275,0
1110,4000,9.5,0.0254,31.7,0.00461377,0.6210545909006306,0
1111,5000,9.5,0.0254,31.7,0.00461377,0.5596298561438031,0
1112,6300,9.5,0.0254,31.7,0.00461377,0.4612439173558114,0
1113,250,12.7,0.0254,71.3,0.0121808,0.43390858084931017,0
1114,315,12.7,0.0254,71.3,0.0121808,0.5200627542744702,0
1115,400,12.7,0.0254,71.3,0.0121808,0.5761693301778927,0
1116,500,12.7,0.0254,71.3,0.0121808,0.6253622995718882,0
1117,630,12.7,0.0254,71.3,0.0121808,1.1295008233498707,1
1118,800,12.7,0.0254,71.3,0.0121808,0.7171005397931234,0
1119,1000,12.7,0.0254,71.3,0.0121808,0.7529981120536067,0
1120,1250,12.7,0.0254,71.3,0.0121808,0.7888956843140909,0
1121,1600,12.7,0.0254,71.3,0.0121808,0.828250059829287,0
1122,2000,12.7,0.0254,71.3,0.0121808,0.8202728215491795,0
1123,2500,12.7,0.0254,71.3,0.0121808,0.8157523865237857,0
1124,3150,12.7,0.0254,71.3,0.0121808,0.8077751482436777,0
1125,4000,12.7,0.0254,71.3,0.0121808,0.7559230994229797,0
1126,5000,12.7,0.0254,71.3,0.0121808,0.6806711516472994,0
1127,6300,12.7,0.0254,71.3,0.0121808,0.5854761081713513,0
1128,8000,12.7,0.0254,71.3,0.0121808,0.45624484803361076,0
1129,10000,12.7,0.0254,71.3,0.0121808,0.29350918711941976,0
1130,250,12.7,0.0254,39.6,0.013025299999999998,0.48307495944903867,0
1131,315,12.7,0.0254,39.6,0.013025299999999998,0.7230709994060884,1
1132,400,12.7,0.0254,39.6,0.013025299999999998,0.5889063206317973,0
1133,500,12.7,0.0254,39.6,0.013025299999999998,0.6314515914590371,0
1134,630,12.7,0.0254,39.6,0.013025299999999998,0.4561695937763192,1
1135,800,12.7,0.0254,39.6,0.013025299999999998,0.713617145744144,0
1136,1000,12.7,0.0254,39.6,0.013025299999999998,0.7330284255590716,0
1137,1250,12.7,0.0254,39.6,0.013025299999999998,0.7285079905336778,0
1138,1600,12.7,0.0254,39.6,0.013025299999999998,0.7072353551200576,0
1139,2000,12.7,0.0254,39.6,0.013025299999999998,0.6963331294705775,0
1140,2500,12.7,0.0254,39.6,0.013025299999999998,0.6819741005663844,0
1141,3150,12.7,0.0254,39.6,0.013025299999999998,0.8152297538408494,1
1142,4000,12.7,0.0254,39.6,0.013025299999999998,0.6157630228414925,0
1143,5000,12.7,0.0254,39.6,0.013025299999999998,0.577738187039647,0
1144,6300,12.7,0.0254,39.6,0.013025299999999998,0.5264179541042893,0
1145,8000,12.7,0.0254,39.6,0.013025299999999998,0.45807961283803555,0
1146,10000,12.7,0.0254,39.6,0.013025299999999998,0.33602786715239175,0
1147,200,17.4,0.0254,71.3,0.016104,0.242667588480868,0
1148,250,17.4,0.0254,71.3,0.016104,0.27696971308533014,0
1149,315,17.4,0.0254,71.3,0.016104,0.33148084133273104,0
1150,400,17.4,0.0254,71.3,0.016104,0.5210982507939257,1
1151,500,17.4,0.0254,71.3,0.016104,0.43678038663014895,0
1152,630,17.4,0.0254,71.3,0.016104,0.511234610577818,0
1153,800,17.4,0.0254,71.3,0.016104,0.5556412370037496,0
1154,1000,17.4,0.0254,71.3,0.016104,0.5965910601749678,0
1155,1250,17.4,0.0254,71.3,0.016104,0.6109500890791608,0
1156,1600,17.4,0.0254,71.3,0.016104,0.6122796287925123,0
1157,2000,17.4,0.0254,71.3,0.016104,0.6234477623846626,0
1158,2500,17.4,0.0254,71.3,0.016104,0.6213204988433003,0
1159,3150,17.4,0.0254,71.3,0.016104,0.6157364320472256,0
1160,4000,17.4,0.0254,71.3,0.016104,0.5904751774935519,0
1161,5000,17.4,0.0254,71.3,0.016104,0.5250618235966713,0
1162,6300,17.4,0.0254,71.3,0.016104,0.9292401830544372,1
1163,8000,17.4,0.0254,71.3,0.016104,0.3213763395112612,0
1164,200,17.4,0.0254,55.5,0.016570599999999998,0.17472810912861947,0
1165,250,17.4,0.0254,55.5,0.016570599999999998,0.1890871380328134,0
1166,315,17.4,0.0254,55.5,0.016570599999999998,0.2268460658919884,0
1167,400,17.4,0.0254,55.5,0.016570599999999998,0.32124338553992615,0
1168,500,17.4,0.0254,55.5,0.016570599999999998,0.4318610896907491,0
1169,630,17.4,0.0254,55.5,0.016570599999999998,0.5060494056957485,0
1170,800,17.4,0.0254,55.5,0.016570599999999998,0.524131145797325,0
1171,1000,17.4,0.0254,55.5,0.016570599999999998,0.6015103571143672,0
1172,1250,17.4,0.0254,55.5,0.016570599999999998,0.6892599781955493,0
1173,1600,17.4,0.0254,55.5,0.016570599999999998,0.614008030419869,0
1174,2000,17.4,0.0254,55.5,0.016570599999999998,0.5818331693567687,0
1175,2500,17.4,0.0254,55.5,0.016570599999999998,0.5730582072486508,0
1176,3150,17.4,0.0254,55.5,0.016570599999999998,0.5509878480070203,0
1177,4000,17.4,0.0254,55.5,0.016570599999999998,0.4890312973648525,0
1178,5000,17.4,0.0254,55.5,0.016570599999999998,0.4137793495891726,0
1179,6300,17.4,0.0254,55.5,0.016570599999999998,0.3052889089797115,0
1180,200,17.4,0.0254,39.6,0.0172206,0.2835642300635519,0
1181,250,17.4,0.0254,39.6,0.0172206,0.3013800622224587,0
1182,315,17.4,0.0254,39.6,0.0172206,0.3128141037572796,0
1183,400,17.4,0.0254,39.6,0.0172206,0.19803951014591287,1
1184,500,17.4,0.0254,39.6,0.0172206,0.3758342861701278,0
1185,630,17.4,0.0254,39.6,0.0172206,0.5619698460393012,0
1186,800,17.4,0.0254,39.6,0.0172206,0.8494163320658386,0
1187,1000,17.4,0.0254,39.6,0.0172206,0.9278591751535621,0
1188,1250,17.4,0.0254,39.6,0.0172206,0.7441167867684211,0
1189,1600,17.4,0.0254,39.6,0.0172206,0.6444013082670783,0
1190,2000,17.4,0.0254,39.6,0.0172206,0.6186082378280644,0
1191,2500,17.4,0.0254,39.6,0.0172206,0.5523971601031725,0
1192,3150,17.4,0.0254,39.6,0.0172206,0.5367085914856276,0
1193,4000,17.4,0.0254,39.6,0.0172206,0.514372324301327,0
1194,5000,17.4,0.0254,39.6,0.0172206,0.43805674475496614,0
1195,200,17.4,0.0254,31.7,0.017663099999999998,0.33945807961283814,0
1196,250,17.4,0.0254,31.7,0.017663099999999998,0.7328038703132339,1
1197,315,17.4,0.0254,31.7,0.017663099999999998,0.3998191825989843,0
1198,400,17.4,0.0254,31.7,0.017663099999999998,0.9080487259386073,1
1199,500,17.4,0.0254,31.7,0.017663099999999998,0.6460499375116338,0
1200,630,17.4,0.0254,31.7,0.017663099999999998,0.8909511527109317,0
1201,800,17.4,0.0254,31.7,0.017663099999999998,0.9531736112957696,0
1202,1000,17.4,0.0254,31.7,0.017663099999999998,0.7556040098917753,0
1203,1250,17.4,0.0254,31.7,0.017663099999999998,0.6628021378998596,0
1204,1600,17.4,0.0254,31.7,0.017663099999999998,0.6239795782700033,0
1205,2000,17.4,0.0254,31.7,0.017663099999999998,0.5577685005451114,0
1206,2500,17.4,0.0254,31.7,0.017663099999999998,0.5527162496343765,0
1207,3150,17.4,0.0254,31.7,0.017663099999999998,0.9016938049659716,1
1208,4000,17.4,0.0254,31.7,0.017663099999999998,0.49501422607493284,0
1209,5000,17.4,0.0254,31.7,0.017663099999999998,0.388651049006834,0
1210,315,22.2,0.0254,71.3,0.0214178,-0.11943049961194818,1
1211,400,22.2,0.0254,71.3,0.0214178,0.38681628420240965,0
1212,500,22.2,0.0254,71.3,0.0214178,0.38787991597309013,0
1213,630,22.2,0.0254,71.3,0.0214178,0.4594091525513866,0
1214,800,22.2,0.0254,71.3,0.0214178,0.5277474938176407,0
1215,1000,22.2,0.0254,71.3,0.0214178,0.8207780466402537,0
1216,1250,22.2,0.0254,71.3,0.0214178,1.0,0
1217,1600,22.2,0.0254,71.3,0.0214178,0.7561624165713834,0
1218,2000,22.2,0.0254,71.3,0.0214178,0.6333129470577288,0
1219,2500,22.2,0.0254,71.3,0.0214178,0.6040630733640016,0
1220,3150,22.2,0.0254,71.3,0.0214178,0.5516792086579625,0
1221,4000,22.2,0.0254,71.3,0.0214178,0.27791660835272447,1
1222,5000,22.2,0.0254,71.3,0.0214178,0.2063227742796222,1
1223,6300,22.2,0.0254,71.3,0.0214178,0.5250884143909378,0
1224,8000,22.2,0.0254,71.3,0.0214178,0.48599994681841174,0
1225,200,22.2,0.0254,39.6,0.0229028,0.3373308160714763,0
1226,250,22.2,0.0254,39.6,0.0229028,0.3724306645039488,0
1227,315,22.2,0.0254,39.6,0.0229028,0.46097800941314127,0
1228,400,22.2,0.0254,39.6,0.0229028,0.5327731539341083,0
1229,500,22.2,0.0254,39.6,0.0229028,0.7018906054723861,0
1230,630,22.2,0.0254,39.6,0.0229028,0.8946738639083156,0
1231,800,22.2,0.0254,39.6,0.0229028,0.8960034036216662,0
1232,1000,22.2,0.0254,39.6,0.0229028,0.6657271252692318,0
1233,1250,22.2,0.0254,39.6,0.0229028,1.1114030032275513,1
1234,1600,22.2,0.0254,39.6,0.0229028,0.5008642008136781,0
1235,2000,22.2,0.0254,39.6,0.0229028,0.47533703831733476,0
1236,2500,22.2,0.0254,39.6,0.0229028,0.4766665780306858,0
1237,3150,22.2,0.0254,39.6,0.0229028,0.3444653888005722,1
1238,4000,22.2,0.0254,39.6,0.0229028,0.43252585954742484,0
1239,5000,22.2,0.0254,39.6,0.0229028,0.41045550030579436,0
1240,630,0.0,0.1016,71.3,0.00121072,0.5524237508974394,0
1241,800,0.0,0.1016,71.3,0.00121072,0.6228893557050554,0
1242,1000,0.0,0.1016,71.3,0.00121072,0.6766027601244446,0
1243,1250,0.0,0.1016,71.3,0.00121072,0.7167548594676525,0
1244,1600,0.0,0.1016,71.3,0.00121072,0.7537160634988167,0
1245,2000,0.0,0.1016,71.3,0.00121072,0.763554657377616,0
1246,2500,0.0,0.1016,71.3,0.00121072,0.7768500545111285,0
1247,3150,0.0,0.1016,71.3,0.00121072,0.759831946180233,0
1248,4000,0.0,0.1016,71.3,0.00121072,0.5269229674330165,1
1249,5000,0.0,0.1016,71.3,0.00121072,0.7289866248304837,0
1250,6300,0.0,0.1016,71.3,0.00121072,0.6917595128566494,0
1251,8000,0.0,0.1016,71.3,0.00121072,0.5872576913872418,0
1252,10000,0.0,0.1016,71.3,0.00121072,0.5298215757704687,0
1253,12500,0.0,0.1016,71.3,0.00121072,0.42531975430106117,0
1254,630,0.0,0.1016,55.5,0.00131983,0.6060042013454945,0
1255,800,0.0,0.1016,55.5,0.00131983,0.6525380913127878,0
1256,1000,0.0,0.1016,55.5,0.00131983,0.7025287845347945,0
1257,1250,0.0,0.1016,55.5,0.00131983,0.7458717791900447,0
1258,1600,0.0,0.1016,55.5,0.00131983,0.7623580716356004,0
1259,2000,0.0,0.1016,55.5,0.00131983,0.775387560826442,0
1260,2500,0.0,0.1016,55.5,0.00131983,0.7886829579599541,0
1261,3150,0.0,0.1016,55.5,0.00131983,0.7551785571835032,0
1262,4000,0.0,0.1016,55.5,0.00131983,0.694551546254687,0
1263,5000,0.0,0.1016,55.5,0.00131983,0.6642380407902788,0
1264,6300,0.0,0.1016,55.5,0.00131983,0.6474858404020529,0
1265,8000,0.0,0.1016,55.5,0.00131983,0.5602680352062119,0
1266,10000,0.0,0.1016,55.5,0.00131983,0.4932592336533097,0
1267,12500,0.0,0.1016,55.5,0.00131983,0.3194888943283377,1
1268,630,0.0,0.1016,39.6,0.00146332,0.5855558805541521,0
1269,800,0.0,0.1016,39.6,0.00146332,0.6653282633552267,0
1270,1000,0.0,0.1016,39.6,0.00146332,0.7286143537107459,0
1271,1250,0.0,0.1016,39.6,0.00146332,0.7682346371686126,0
1272,1600,0.0,0.1016,39.6,0.00146332,0.7945595234929668,0
1273,2000,0.0,0.1016,39.6,0.00146332,0.7942936155502966,0
1274,2500,0.0,0.1016,39.6,0.00146332,0.7772755072194006,0
1275,3150,0.0,0.1016,39.6,0.00146332,0.7334006966788102,0
1276,4000,0.0,0.1016,39.6,0.00146332,0.649373786795012,0
1277,5000,0.0,0.1016,39.6,0.00146332,0.6020421729997079,0
1278,6300,0.0,0.1016,39.6,0.00146332,0.5916717632355679,0
1279,8000,0.0,0.1016,39.6,0.00146332,0.5041880500970564,0
1280,10000,0.0,0.1016,39.6,0.00146332,0.43026564203472795,0
1281,630,0.0,0.1016,31.7,0.00150092,0.6124657643523812,0
1282,800,0.0,0.1016,31.7,0.00150092,0.6826654612173266,0
1283,1000,0.0,0.1016,31.7,0.00150092,0.7427606562608022,0
1284,1250,0.0,0.1016,31.7,0.00150092,0.7892945462280956,0
1285,1600,0.0,0.1016,31.7,0.00150092,0.802324035418938,0
1286,2000,0.0,0.1016,31.7,0.00150092,0.5459991289996223,1
1287,2500,0.0,0.1016,31.7,0.00150092,0.7611083043050493,0
1288,3150,0.0,0.1016,31.7,0.00150092,0.3079387677913634,1
1289,4000,0.0,0.1016,31.7,0.00150092,0.6262929773712345,0
1290,5000,0.0,0.1016,31.7,0.00150092,0.5587523599329915,0
1291,6300,0.0,0.1016,31.7,0.00150092,0.5550296487356081,0
1292,8000,0.0,0.1016,31.7,0.00150092,0.44707102401148724,0
1293,10000,0.0,0.1016,31.7,0.00150092,0.33273060866328086,0
1294,800,3.3,0.1016,71.3,0.00202822,0.7364054564309832,0
1295,1000,3.3,0.1016,71.3,0.00202822,0.7459781423671128,0
1296,1250,3.3,0.1016,71.3,0.00202822,0.7691121333794242,0
1297,1600,3.3,0.1016,71.3,0.00202822,0.8052756135825776,0
1298,2000,3.3,0.1016,71.3,0.00202822,0.8151142074613769,0
1299,2500,3.3,0.1016,71.3,0.00202822,0.8113914962639939,0
1300,3150,3.3,0.1016,71.3,0.00202822,0.7640598824686897,0
1301,4000,3.3,0.1016,71.3,0.00202822,0.27641860042573596,1
1302,5000,3.3,0.1016,71.3,0.00202822,0.912400292505725,1
1303,6300,3.3,0.1016,71.3,0.00202822,0.5723402558034407,0
1304,8000,3.3,0.1016,71.3,0.00202822,0.47475204084346023,0
1305,10000,3.3,0.1016,71.3,0.00202822,0.3540298348711679,0
1306,630,3.3,0.1016,55.5,0.002211,0.617411652086048,0
1307,800,3.3,0.1016,55.5,0.002211,0.6844204536389502,0
1308,1000,3.3,0.1016,55.5,0.002211,0.7378679501156697,0
1309,1250,3.3,0.1016,55.5,0.002211,0.7814768527135909,0
1310,1600,3.3,0.1016,55.5,0.002211,0.9061748781092641,1
1311,2000,3.3,0.1016,55.5,0.002211,0.7034584760334595,1
1312,2500,3.3,0.1016,55.5,0.002211,0.7846677480256341,0
1313,3150,3.3,0.1016,55.5,0.002211,1.030753356948244,1
1314,4000,3.3,0.1016,55.5,0.002211,0.6341638524742734,0
1315,5000,3.3,0.1016,55.5,0.002211,0.5706118541760845,0
1316,6300,3.3,0.1016,55.5,0.002211,0.5440210599090598,0
1317,8000,3.3,0.1016,55.5,0.002211,0.25034687881810014,1
1318,10000,3.3,0.1016,55.5,0.002211,0.32650836280479734,0
1319,630,3.3,0.1016,39.6,0.00245138,0.6347488499481484,0
1320,800,3.3,0.1016,39.6,0.00245138,0.7076076262397963,0
1321,1000,3.3,0.1016,39.6,0.00245138,0.7602573988885051,0
1322,1250,3.3,0.1016,39.6,0.00245138,0.7932299837796162,0
1323,1600,3.3,0.1016,39.6,0.00245138,0.7895072725822323,0
1324,2000,3.3,0.1016,39.6,0.00245138,0.7690323609966234,0
1325,2500,3.3,0.1016,39.6,0.00245138,0.7288802616534156,0
1326,3150,3.3,0.1016,39.6,0.00245138,0.6653282633552267,0
1327,4000,3.3,0.1016,39.6,0.00245138,0.5717286675352993,0
1328,5000,3.3,0.1016,39.6,0.00245138,0.9776881896994981,1
1329,6300,3.3,0.1016,39.6,0.00245138,0.46456776663918964,0
1330,8000,3.3,0.1016,39.6,0.00245138,0.391177174462201,0
1331,10000,3.3,0.1016,39.6,0.00245138,-0.01785537142159771,1
1332,630,3.3,0.1016,31.7,0.00251435,0.6799797909963572,0
1333,800,3.3,0.1016,31.7,0.00251435,0.7440636051798868,0
1334,1000,3.3,0.1016,31.7,0.00251435,0.7879384157204776,0
1335,1250,3.3,0.1016,31.7,0.00251435,0.8147951179301733,0
1336,1600,3.3,0.1016,31.7,0.00251435,0.798308825484618,0
1337,2000,3.3,0.1016,31.7,0.00251435,0.7515090275746537,0
1338,2500,3.3,0.1016,31.7,0.00251435,0.7182705347408729,0
1339,3150,3.3,0.1016,31.7,0.00251435,0.66136623500944,0
1340,4000,3.3,0.1016,31.7,0.00251435,0.5709575345015558,0
1341,5000,3.3,0.1016,31.7,0.00251435,0.4973010343818971,0
1342,6300,3.3,0.1016,31.7,0.00251435,0.460605738293403,0
1343,8000,3.3,0.1016,31.7,0.00251435,0.20190957567294932,1
1344,630,6.7,0.1016,71.3,0.00478288,0.7463504134868506,0
1345,800,6.7,0.1016,71.3,0.00478288,0.8269205201159355,0
1346,1000,6.7,0.1016,71.3,0.00478288,0.8875475310447518,0
1347,1250,6.7,0.1016,71.3,0.00478288,0.9114792458850745,0
1348,1600,6.7,0.1016,71.3,0.00478288,0.8854202675033904,0
1349,2000,6.7,0.1016,71.3,0.00478288,0.8293136915999679,0
1350,2500,6.7,0.1016,71.3,0.00478288,0.7466163214295212,0
1351,3150,6.7,0.1016,71.3,0.00478288,0.5604807615603478,0
1352,500,6.7,0.1016,55.5,0.0052139,0.6903767915547636,0
1353,630,6.7,0.1016,55.5,0.0052139,0.7882309144574151,0
1354,800,6.7,0.1016,55.5,0.0052139,0.8661419416597975,0
1355,1000,6.7,0.1016,55.5,0.0052139,0.5524255541887483,1
1356,1250,6.7,0.1016,55.5,0.0052139,0.8908713803281301,0
1357,1600,6.7,0.1016,55.5,0.0052139,0.8049831148456406,0
1358,2000,6.7,0.1016,55.5,0.0052139,0.6986199377775413,0
1359,2500,6.7,0.1016,55.5,0.0052139,0.5555614646209484,0
1360,400,6.7,0.1016,39.6,0.00578076,0.6625096391629217,0
1361,500,6.7,0.1016,39.6,0.00578076,0.7332411519132083,0
1362,630,6.7,0.1016,39.6,0.00578076,0.7970590581540669,0
1363,800,6.7,0.1016,39.6,0.00578076,0.8308293668731888,0
1364,1000,6.7,0.1016,39.6,0.00578076,0.8279043795038157,0
1365,1250,6.7,0.1016,39.6,0.00578076,0.771531895657724,0
1366,1600,6.7,0.1016,39.6,0.00578076,0.6380461084372593,0
1367,2000,6.7,0.1016,39.6,0.00578076,0.5013694259047519,0
1368,315,6.7,0.1016,31.7,0.00592927,0.6085569175951289,0
1369,400,6.7,0.1016,31.7,0.00592927,0.6625362299571886,0
1370,500,6.7,0.1016,31.7,0.00592927,0.7133246470072065,0
1371,630,6.7,0.1016,31.7,0.00592927,0.764113064057224,0
1372,800,6.7,0.1016,31.7,0.00592927,0.7845879756428324,0
1373,1000,6.7,0.1016,31.7,0.00592927,0.9653444392957143,1
1374,1250,6.7,0.1016,31.7,0.00592927,0.6880633924535329,0
1375,1600,6.7,0.1016,31.7,0.00592927,0.5575025926024413,0
1376,2000,6.7,0.1016,31.7,0.00592927,0.4537984949610445,0
1377,200,8.9,0.1016,71.3,0.0103088,0.8009944957055866,0
1378,250,8.9,0.1016,71.3,0.0103088,0.8283830138006221,0
1379,315,8.9,0.1016,71.3,0.0103088,0.882894142048023,0
1380,400,8.9,0.1016,71.3,0.0103088,0.9238439652192412,0
1381,500,8.9,0.1016,71.3,0.0103088,0.9344802829260512,0
1382,630,8.9,0.1016,71.3,0.0103088,0.9318212034993487,0
1383,800,8.9,0.1016,71.3,0.0103088,0.9156008189964635,0
1384,1000,8.9,0.1016,71.3,0.0103088,0.8523147286409447,0
1385,1250,8.9,0.1016,71.3,0.0103088,0.7821150317759997,0
1386,1600,8.9,0.1016,71.3,0.0103088,0.7827448278342226,1
1387,2000,8.9,0.1016,71.3,0.0103088,0.5544978328502674,0
1388,2500,8.9,0.1016,71.3,0.0103088,0.5382774483473822,0
1389,3150,8.9,0.1016,71.3,0.0103088,0.5287047624112535,0
1390,4000,8.9,0.1016,71.3,0.0103088,0.4484005637248383,0
1391,5000,8.9,0.1016,71.3,0.0103088,0.35480096790491134,0
1392,6300,8.9,0.1016,71.3,0.0103088,0.3688940888664347,0
1393,200,8.9,0.1016,39.6,0.0124596,0.7987874597814235,0
1394,250,8.9,0.1016,39.6,0.0124596,1.1725131544856504,1
1395,315,8.9,0.1016,39.6,0.0124596,0.8509054165447925,0
1396,400,8.9,0.1016,39.6,0.0124596,0.8551599436275161,0
1397,500,8.9,0.1016,39.6,0.0124596,1.2261202133026234,1
1398,630,8.9,0.1016,39.6,0.0124596,0.7589012683808862,0
1399,800,8.9,0.1016,39.6,0.0124596,0.7328422899992022,0
1400,1000,8.9,0.1016,39.6,0.0124596,0.3295335283110158,1
1401,1250,8.9,0.1016,39.6,0.0124596,0.6469540245167122,0
1402,1600,8.9,0.1016,39.6,0.0124596,0.543515834817986,0
1403,2000,8.9,0.1016,39.6,0.0124596,0.7407745841315068,1
1404,2500,8.9,0.1016,39.6,0.0124596,0.4204004573616613,0
1405,3150,8.9,0.1016,39.6,0.0124596,0.42465498444438543,0
1406,4000,8.9,0.1016,39.6,0.0124596,0.341425798388598,0
1407,5000,8.9,0.1016,39.6,0.0124596,0.25793070439014043,0
1408,6300,8.9,0.1016,39.6,0.0124596,0.25872842821815123,0
1409,200,12.3,0.1016,71.3,0.033779199999999995,0.7234823304172098,0
1410,250,12.3,0.1016,71.3,0.033779199999999995,0.39469595787834144,1
1411,315,12.3,0.1016,71.3,0.033779199999999995,0.8957906772675299,0
1412,400,12.3,0.1016,71.3,0.033779199999999995,0.9585449517377085,0
1413,500,12.3,0.1016,71.3,0.033779199999999995,0.9779562315526364,0
1414,630,12.3,0.1016,71.3,0.033779199999999995,0.850586327013588,0
1415,800,12.3,0.1016,71.3,0.033779199999999995,0.6365304331640389,0
1416,1000,12.3,0.1016,71.3,0.033779199999999995,0.6527508176669237,0
1417,1250,12.3,0.1016,71.3,0.033779199999999995,0.6187146010051321,0
1418,1600,12.3,0.1016,71.3,0.033779199999999995,0.5681920918977852,0
1419,2000,12.3,0.1016,71.3,0.033779199999999995,0.5009173824022128,0
1420,2500,12.3,0.1016,71.3,0.033779199999999995,0.4769856675618902,0
1421,3150,12.3,0.1016,71.3,0.033779199999999995,0.4631584545430374,0
1422,4000,12.3,0.1016,71.3,0.033779199999999995,0.38923604648070853,0
1423,5000,12.3,0.1016,71.3,0.033779199999999995,0.3384476294306915,0
1424,6300,12.3,0.1016,71.3,0.033779199999999995,0.2812774217565881,0
1425,200,12.3,0.1016,55.5,0.0368233,0.7691121333794242,0
1426,250,12.3,0.1016,55.5,0.0368233,0.7954370197037783,0
1427,315,12.3,0.1016,55.5,0.0368233,0.858723110059298,0
1428,400,12.3,0.1016,55.5,0.0368233,0.8784002978168957,0
1429,500,12.3,0.1016,55.5,0.0368233,0.8082006009519507,0
1430,630,12.3,0.1016,55.5,0.0368233,0.4170600129904516,1
1431,800,12.3,0.1016,55.5,0.0368233,0.5779243225995163,0
1432,1000,12.3,0.1016,55.5,0.0368233,0.5877629164783151,0
1433,1250,12.3,0.1016,55.5,0.0368233,0.5539926077591941,0
1434,1600,12.3,0.1016,55.5,0.0368233,0.49044060946100476,0
1435,2000,12.3,0.1016,55.5,0.0368233,0.403754620150504,0
1436,2500,12.3,0.1016,55.5,0.0368233,0.3636025208072966,0
1437,3150,12.3,0.1016,55.5,0.0368233,0.23148257520630014,1
1438,4000,12.3,0.1016,55.5,0.0368233,0.6378080222900611,1
1439,5000,12.3,0.1016,55.5,0.0368233,0.2295849177014917,0
1440,6300,12.3,0.1016,55.5,0.0368233,0.1793283165368149,0
1441,200,12.3,0.1016,39.6,0.0408268,0.6691573377296778,0
1442,250,12.3,0.1016,39.6,0.0408268,0.6992049352514162,0
1443,315,12.3,0.1016,39.6,0.0408268,0.3542772861619785,1
1444,400,12.3,0.1016,39.6,0.0408268,0.6617119153349109,0
1445,500,12.3,0.1016,39.6,0.0408268,0.5005717020767411,0
1446,630,12.3,0.1016,39.6,0.0408268,0.476905895179089,0
1447,800,12.3,0.1016,39.6,0.0408268,0.5034966894461137,0
1448,1000,12.3,0.1016,39.6,0.0408268,0.5066875847581569,0
1449,1250,12.3,0.1016,39.6,0.0408268,0.47291727603903544,0
1450,1600,12.3,0.1016,39.6,0.0408268,0.3854335629005239,0
1451,2000,12.3,0.1016,39.6,0.0408268,0.2846544526285002,0
1452,2500,12.3,0.1016,39.6,0.0408268,0.2641795410428909,0
1453,3150,12.3,0.1016,39.6,0.0408268,0.2572659345334647,0
1454,4000,12.3,0.1016,39.6,0.0408268,0.20009572685936128,0
1455,5000,12.3,0.1016,39.6,0.0408268,0.139468715930545,0
1456,6300,12.3,0.1016,39.6,0.0408268,0.12245060759964899,0
1457,200,12.3,0.1016,31.7,0.0418756,0.5745472917276038,0
1458,250,12.3,0.1016,31.7,0.0418756,0.5976812827399156,0
1459,315,12.3,0.1016,31.7,0.0418756,0.5673677772755075,0
1460,400,12.3,0.1016,31.7,0.0418756,0.5272156779322996,0
1461,500,12.3,0.1016,31.7,0.0418756,0.40649347196000774,0
1462,630,12.3,0.1016,31.7,0.0418756,0.42297976440556306,0
1463,800,12.3,0.1016,31.7,0.0418756,0.4429228601058317,0
1464,1000,12.3,0.1016,31.7,0.0418756,0.4360092535964051,0
1465,1250,12.3,0.1016,31.7,0.0418756,0.4091525513867098,0
1466,1600,12.3,0.1016,31.7,0.0418756,0.295078043981174,0
1467,2000,12.3,0.1016,31.7,0.0418756,-0.14740634429782895,1
1468,2500,12.3,0.1016,31.7,0.0418756,0.1844603398303506,0
1469,3150,12.3,0.1016,31.7,0.0418756,0.18419443188768048,0
1470,4000,12.3,0.1016,31.7,0.0418756,0.13367192278033357,0
1471,5000,12.3,0.1016,31.7,0.0418756,-0.37013800702393995,1
1472,6300,12.3,0.1016,31.7,0.0418756,0.10335841731592543,0
1473,200,15.6,0.1016,71.3,0.0437259,0.7317254766399874,0
1474,250,15.6,0.1016,71.3,0.0437259,0.7652298774164383,0
1475,315,15.6,0.1016,71.3,0.0437259,0.8091046879570292,0
1476,400,15.6,0.1016,71.3,0.0437259,0.8157523865237857,0
1477,500,15.6,0.1016,71.3,0.0437259,1.010807146229367,1
1478,630,15.6,0.1016,71.3,0.0437259,0.5027787380009041,0
1479,800,15.6,0.1016,71.3,0.0437259,0.5533012471082515,0
1480,1000,15.6,0.1016,71.3,0.0437259,0.5599489456750075,0
1481,1250,15.6,0.1016,71.3,0.0437259,0.5264445448985562,0
1482,1600,15.6,0.1016,71.3,0.0437259,0.4825697343579658,0
1483,2000,15.6,0.1016,71.3,0.0437259,0.4389608317600451,0
1484,2500,15.6,0.1016,71.3,0.0437259,0.415295024862393,0
1485,3150,15.6,0.1016,71.3,0.0437259,0.3480203153668202,0
1486,4000,15.6,0.1016,71.3,0.0437259,0.26372749754035185,0
1487,200,15.6,0.1016,39.6,0.0528487,0.5353790517722765,0
1488,250,15.6,0.1016,39.6,0.0528487,0.5654266492940145,0
1489,315,15.6,0.1016,39.6,0.0528487,0.5151700481293378,0
1490,400,15.6,0.1016,39.6,0.0528487,0.4548089451431916,0
1491,500,15.6,0.1016,39.6,0.0528487,0.31706863084000325,0
1492,630,15.6,0.1016,39.6,0.0528487,0.3909910389023321,0
1493,800,15.6,0.1016,39.6,0.0528487,0.41439093785731407,0
1494,1000,15.6,0.1016,39.6,0.0528487,0.046305692846208446,1
1495,1250,15.6,0.1016,39.6,0.0528487,0.6869912093454612,1
1496,1600,15.6,0.1016,39.6,0.0528487,0.29712553513973505,0
1497,2000,15.6,0.1016,39.6,0.0528487,0.19980322812242424,0
1498,2500,15.6,0.1016,39.6,0.0528487,0.18305102773419835,0
1499,3150,15.6,0.1016,39.6,0.0528487,0.15619432552450352,0
1500,4000,15.6,0.1016,39.6,0.0528487,0.08572872071688797,0
1501,5000,15.6,0.1016,39.6,0.0528487,0.0756242188954186,0
1502,6300,15.6,0.1016,39.6,0.0528487,0.021910814476028495,0
