,C1,C2,C3,C4,C5,C6,C7,Age,Strength,ground_truth
0,540.0,0.0,0.0,162.0,2.5,1040.0,676.0,28,0.9674448968372589,0
1,540.0,0.0,0.0,162.0,2.5,1055.0,676.0,28,0.7419643010531017,0
2,332.5,142.5,0.0,228.0,0.0,932.0,594.0,270,0.4726416877115224,0
3,332.5,142.5,0.0,228.0,0.0,932.0,594.0,365,0.4823996289233623,0
4,198.6,132.4,0.0,192.0,0.0,978.4,825.5,360,0.5228057516878833,0
5,266.0,114.0,0.0,228.0,0.0,932.0,670.0,90,0.5568640588225189,0
6,380.0,95.0,0.0,228.0,0.0,932.0,594.0,365,0.5153584497242694,0
7,380.0,95.0,0.0,228.0,0.0,932.0,594.0,28,0.08545094183479895,1
8,266.0,114.0,0.0,228.0,0.0,932.0,670.0,28,0.5422185572677765,0
9,475.0,0.0,0.0,228.0,0.0,932.0,594.0,28,0.46043567145973985,0
10,198.6,132.4,0.0,192.0,0.0,978.4,825.5,90,0.4452919651600268,0
11,198.6,132.4,0.0,192.0,0.0,978.4,825.5,28,0.32005359995876925,0
12,427.5,47.5,0.0,228.0,0.0,932.0,594.0,270,0.5068202511639094,0
13,190.0,190.0,0.0,228.0,0.0,932.0,670.0,90,0.49827346286656693,0
14,304.0,76.0,0.0,228.0,0.0,932.0,670.0,28,0.5666305897713412,0
15,380.0,0.0,0.0,228.0,0.0,932.0,670.0,90,0.630100156333213,0
16,139.6,209.4,0.0,192.0,0.0,1047.0,806.9,90,0.461286055420983,0
17,342.0,38.0,0.0,228.0,0.0,932.0,670.0,365,0.6703860227799824,0
18,380.0,95.0,0.0,228.0,0.0,932.0,594.0,90,0.47630091566596233,0
19,475.0,0.0,0.0,228.0,0.0,932.0,594.0,180,0.5019326908210071,0
20,427.5,47.5,0.0,228.0,0.0,932.0,594.0,180,0.4921661598721847,0
21,139.6,209.4,0.0,192.0,0.0,1047.0,806.9,28,0.3227421876342146,0
22,139.6,209.4,0.0,192.0,0.0,1047.0,806.9,3,0.0714064835334742,0
23,139.6,209.4,0.0,192.0,0.0,1047.0,806.9,180,0.5217062653541549,0
24,380.0,0.0,0.0,228.0,0.0,932.0,670.0,365,0.6252211857272929,0
25,380.0,0.0,0.0,228.0,0.0,932.0,670.0,270,0.6349877166761154,0
26,380.0,95.0,0.0,228.0,0.0,932.0,594.0,270,0.4836279613118246,0
27,342.0,38.0,0.0,228.0,0.0,932.0,670.0,180,0.6203336253843906,0
28,427.5,47.5,0.0,228.0,0.0,932.0,594.0,28,0.6898825064732876,1
29,475.0,0.0,0.0,228.0,0.0,932.0,594.0,7,0.4518888831623975,0
30,304.0,76.0,0.0,228.0,0.0,932.0,670.0,365,0.6593997491796801,0
31,266.0,114.0,0.0,228.0,0.0,932.0,670.0,365,0.8748987338186575,1
32,198.6,132.4,0.0,192.0,0.0,978.4,825.5,180,0.4907059045852016,0
33,475.0,0.0,0.0,228.0,0.0,932.0,594.0,270,0.9549631310045977,1
34,190.0,190.0,0.0,228.0,0.0,932.0,670.0,365,0.6398666872820353,0
35,237.5,237.5,0.0,228.0,0.0,932.0,594.0,270,0.4494493978594375,0
36,237.5,237.5,0.0,228.0,0.0,932.0,594.0,28,0.34569396485079623,0
37,332.5,142.5,0.0,228.0,0.0,932.0,594.0,90,0.4409026095620952,0
38,475.0,0.0,0.0,228.0,0.0,932.0,594.0,90,0.497053720215087,0
39,237.5,237.5,0.0,228.0,0.0,932.0,594.0,180,0.4225892903159305,0
40,342.0,38.0,0.0,228.0,0.0,932.0,670.0,90,0.5995894105722482,0
41,427.5,47.5,0.0,228.0,0.0,932.0,594.0,365,0.5153584497242694,0
42,237.5,237.5,0.0,228.0,0.0,932.0,594.0,365,0.45676785376831763,0
43,380.0,0.0,0.0,228.0,0.0,932.0,670.0,180,0.632539641636173,0
44,427.5,47.5,0.0,228.0,0.0,932.0,594.0,90,0.48850693191774464,0
45,427.5,47.5,0.0,228.0,0.0,932.0,594.0,7,0.09225021620328627,1
46,349.0,0.0,0.0,192.0,0.0,1047.0,806.9,3,0.1584376986376677,0
47,380.0,95.0,0.0,228.0,0.0,932.0,594.0,180,0.6848216242377831,1
48,237.5,237.5,0.0,228.0,0.0,932.0,594.0,7,0.29808105275816454,0
49,380.0,95.0,0.0,228.0,0.0,932.0,594.0,7,0.3798725283031833,0
50,332.5,142.5,0.0,228.0,0.0,932.0,594.0,180,0.46653438471714,0
51,190.0,190.0,0.0,228.0,0.0,932.0,670.0,180,0.5556443161710387,0
52,237.5,237.5,0.0,228.0,0.0,932.0,594.0,90,0.03987935399082809,1
53,304.0,76.0,0.0,228.0,0.0,932.0,670.0,90,0.5837155766290436,0
54,139.6,209.4,0.0,192.0,0.0,1047.0,806.9,7,0.15270834407050454,0
55,198.6,132.4,0.0,192.0,0.0,978.4,825.5,7,0.15331821539624452,0
56,475.0,0.0,0.0,228.0,0.0,932.0,594.0,365,0.49338590252366465,0
57,198.6,132.4,0.0,192.0,0.0,978.4,825.5,3,0.08471198611898503,0
58,304.0,76.0,0.0,228.0,0.0,932.0,670.0,180,0.6056881238296483,0
59,332.5,142.5,0.0,228.0,0.0,932.0,594.0,28,0.3823120136061434,0
60,304.0,76.0,0.0,228.0,0.0,932.0,670.0,270,0.6484134755793777,0
61,266.0,114.0,0.0,228.0,0.0,932.0,670.0,270,0.6154546547784706,0
62,310.0,0.0,0.0,192.0,0.0,971.0,850.6,3,0.09386864574206737,0
63,190.0,190.0,0.0,228.0,0.0,932.0,670.0,270,0.6020288958752082,0
64,266.0,114.0,0.0,228.0,0.0,932.0,670.0,180,0.5776168633716435,0
65,342.0,38.0,0.0,228.0,0.0,932.0,670.0,270,0.65696026387672,0
66,139.6,209.4,0.0,192.0,0.0,1047.0,806.9,360,0.5278135683485371,0
67,332.5,142.5,0.0,228.0,0.0,932.0,594.0,7,0.3481334501537563,0
68,190.0,190.0,0.0,228.0,0.0,932.0,670.0,28,0.4799601436204024,0
69,485.0,0.0,0.0,146.0,0.0,1120.0,800.0,28,0.8678039478431171,0
70,374.0,189.2,0.0,170.1,10.1,926.1,756.7,3,0.39949148757065056,0
71,313.3,262.2,0.0,175.5,8.6,1046.9,611.8,3,0.32974282327475135,0
72,425.0,106.3,0.0,153.5,16.5,852.1,887.1,3,0.13544712135561643,1
73,425.0,106.3,0.0,151.4,18.6,936.0,803.7,3,0.4231991616416705,0
74,375.0,93.8,0.0,126.6,23.4,852.1,992.6,3,0.33223384699960484,0
75,475.0,118.8,0.0,181.1,8.9,852.1,781.5,3,0.4418388908931608,0
76,469.0,117.2,0.0,137.8,32.2,852.1,840.5,3,0.47173117559140343,0
77,425.0,106.3,0.0,153.5,16.5,852.1,887.1,3,0.3870363689463829,0
78,388.6,97.1,0.0,157.9,12.1,852.1,925.7,3,0.3209812915528526,0
79,531.3,0.0,0.0,141.8,28.2,852.1,893.7,3,0.48547475476300916,0
80,425.0,106.3,0.0,153.5,16.5,852.1,887.1,3,0.3870363689463829,0
81,318.8,212.5,0.0,155.7,14.3,852.1,880.4,3,0.16065932659658205,1
82,401.8,94.7,0.0,147.4,11.4,946.8,852.1,3,0.08379350688652998,1
83,362.6,189.0,0.0,164.9,11.6,944.7,755.8,3,0.41074404301740297,0
84,323.7,282.8,0.0,183.8,10.3,942.7,659.9,3,0.3234723152777062,0
85,379.5,151.2,0.0,153.9,15.9,1134.3,605.0,3,0.3272517995498978,0
86,362.6,189.0,0.0,164.9,11.6,944.7,755.8,3,0.41074404301740297,0
87,286.3,200.9,0.0,144.7,11.2,1004.6,803.7,3,0.2749403013279733,0
88,362.6,189.0,0.0,164.9,11.6,944.7,755.8,3,0.41074404301740297,0
89,439.0,177.0,0.0,186.0,11.1,884.9,707.9,3,0.46056451751447364,0
90,389.9,189.0,0.0,145.9,22.0,944.7,755.8,3,0.6338618592179355,1
91,362.6,189.0,0.0,164.9,11.6,944.7,755.8,3,0.41074404301740297,0
92,337.9,189.0,0.0,174.9,9.5,944.7,755.8,3,0.2711608170557817,0
93,374.0,189.2,0.0,170.1,10.1,926.1,756.7,7,0.5465477847068322,0
94,313.3,262.2,0.0,175.5,8.6,1046.9,611.8,7,0.5041144840144994,0
95,425.0,106.3,0.0,153.5,16.5,852.1,887.1,7,0.7323148189269417,1
96,425.0,106.3,0.0,151.4,18.6,936.0,803.7,7,0.250210338410807,1
97,375.0,93.8,0.0,126.6,23.4,852.1,992.6,7,0.5402772767097871,0
98,475.0,118.8,0.0,181.1,8.9,852.1,781.5,7,0.6636258997749488,0
99,469.0,117.2,0.0,137.8,32.2,852.1,840.5,7,0.6548643680530503,0
100,425.0,106.3,0.0,153.5,16.5,852.1,887.1,7,0.2485896531967421,1
101,388.6,97.1,0.0,157.9,12.1,852.1,925.7,7,0.4057619955676957,0
102,531.3,0.0,0.0,141.8,28.2,852.1,893.7,7,0.5552234190589084,0
103,425.0,106.3,0.0,153.5,16.5,852.1,887.1,7,0.5839131405796354,0
104,318.8,212.5,0.0,155.7,14.3,852.1,880.4,7,-0.05350064919126568,1
105,401.8,94.7,0.0,147.4,11.4,946.8,852.1,7,0.22288195284515022,1
106,362.6,189.0,0.0,164.9,11.6,944.7,755.8,7,0.6673194866773179,0
107,323.7,282.8,0.0,183.8,10.3,942.7,659.9,7,0.591386211754196,0
108,379.5,151.2,0.0,153.9,15.9,1134.3,605.0,7,0.5577144427837619,0
109,362.6,189.0,0.0,164.9,11.6,944.7,755.8,7,0.6673194866773179,0
110,286.3,200.9,0.0,144.7,11.2,1004.6,803.7,7,0.4443299146180144,0
111,362.6,189.0,0.0,164.9,11.6,944.7,755.8,7,0.6673194866773179,0
112,439.0,177.0,0.0,186.0,11.1,884.9,707.9,7,0.6698105104021715,0
113,389.9,189.0,0.0,145.9,22.0,944.7,755.8,7,0.7071758662749746,0
114,362.6,189.0,0.0,164.9,11.6,944.7,755.8,7,0.2562146747066605,0
115,337.9,189.0,0.0,174.9,9.5,944.7,755.8,7,0.4082530192925493,0
116,374.0,189.2,0.0,170.1,10.1,926.1,756.7,28,0.7320861035235101,0
117,313.3,262.2,0.0,175.5,8.6,1046.9,611.8,28,0.7159373979968733,0
118,425.0,106.3,0.0,153.5,16.5,852.1,887.1,28,0.7221220086240958,0
119,425.0,106.3,0.0,151.4,18.6,936.0,803.7,28,0.7408476352454088,0
120,375.0,93.8,0.0,126.6,23.4,852.1,992.6,28,0.6772835815767321,0
121,475.0,118.8,0.0,181.1,8.9,852.1,781.5,28,0.8218488549880603,0
122,469.0,117.2,0.0,137.8,32.2,852.1,840.5,28,0.8044116889140853,0
123,425.0,106.3,0.0,153.5,16.5,852.1,887.1,28,0.7221220086240958,0
124,388.6,97.1,0.0,157.9,12.1,852.1,925.7,28,0.6025528698311258,0
125,531.3,0.0,0.0,141.8,28.2,852.1,893.7,28,0.6735899946743631,0
126,425.0,106.3,0.0,153.5,16.5,852.1,887.1,28,0.7221220086240958,0
127,318.8,212.5,0.0,155.7,14.3,852.1,880.4,28,0.6623374392276109,0
128,401.8,94.7,0.0,147.4,11.4,946.8,852.1,28,1.0660589053487353,1
129,362.6,189.0,0.0,164.9,11.6,944.7,755.8,28,0.8592142108608631,0
130,323.7,282.8,0.0,183.8,10.3,942.7,659.9,28,0.9015616141833737,0
131,379.5,151.2,0.0,153.9,15.9,1134.3,605.0,28,0.6212784964524386,0
132,362.6,189.0,0.0,164.9,11.6,944.7,755.8,28,0.8592142108608631,0
133,286.3,200.9,0.0,144.7,11.2,1004.6,803.7,28,0.8143757838134996,0
134,362.6,189.0,0.0,164.9,11.6,944.7,755.8,28,0.8592142108608631,0
135,439.0,177.0,0.0,186.0,11.1,884.9,707.9,28,0.7931591334673331,0
136,389.9,189.0,0.0,145.9,22.0,944.7,755.8,28,0.8990705904585201,0
137,362.6,189.0,0.0,164.9,11.6,944.7,755.8,28,0.8592142108608631,0
138,337.9,189.0,0.0,174.9,9.5,944.7,755.8,28,0.5925887749317116,0
139,374.0,189.2,0.0,170.1,10.1,926.1,756.7,56,0.7607758250442371,0
140,313.3,262.2,0.0,175.5,8.6,1046.9,611.8,56,0.77950145166555,0
141,425.0,106.3,0.0,153.5,16.5,852.1,887.1,56,0.7720283804909893,0
142,425.0,106.3,0.0,151.4,18.6,936.0,803.7,56,0.77950145166555,0
143,375.0,93.8,0.0,126.6,23.4,852.1,992.6,56,0.7209194454465804,0
144,475.0,118.8,0.0,181.1,8.9,852.1,781.5,56,0.8716693294851311,0
145,469.0,117.2,0.0,137.8,32.2,852.1,840.5,56,0.8343039736123279,0
146,425.0,106.3,0.0,153.5,16.5,852.1,887.1,56,0.7720283804909893,0
147,388.6,97.1,0.0,157.9,12.1,852.1,925.7,56,0.6586438523252418,0
148,531.3,0.0,0.0,141.8,28.2,852.1,893.7,56,0.7034822793726055,0
149,425.0,106.3,0.0,153.5,16.5,852.1,887.1,56,0.7720283804909893,0
150,318.8,212.5,0.0,155.7,14.3,852.1,880.4,56,0.7944475940146712,0
151,401.8,94.7,0.0,147.4,11.4,946.8,852.1,56,0.8891064955591057,0
152,362.6,189.0,0.0,164.9,11.6,944.7,755.8,56,0.9339449226064697,0
153,323.7,282.8,0.0,183.8,10.3,942.7,659.9,56,0.9701077153017574,0
154,379.5,151.2,0.0,153.9,15.9,1134.3,605.0,56,0.6548643680530503,0
155,362.6,189.0,0.0,164.9,11.6,944.7,755.8,56,0.9339449226064697,0
156,286.3,200.9,0.0,144.7,11.2,1004.6,803.7,56,0.8803449638372073,0
157,362.6,189.0,0.0,164.9,11.6,944.7,755.8,56,0.9339449226064697,0
158,439.0,177.0,0.0,186.0,11.1,884.9,707.9,56,0.8641962583105705,0
159,389.9,189.0,0.0,145.9,22.0,944.7,755.8,56,0.9601436204023429,0
160,362.6,189.0,0.0,164.9,11.6,944.7,755.8,56,1.412684394488466,1
161,337.9,189.0,0.0,174.9,9.5,944.7,755.8,56,0.7171399611743888,0
162,374.0,189.2,0.0,170.1,10.1,926.1,756.7,91,0.77950145166555,0
163,313.3,262.2,0.0,175.5,8.6,1046.9,611.8,91,0.8006322046418938,0
164,425.0,106.3,0.0,153.5,16.5,852.1,887.1,91,0.9789759627031426,1
165,425.0,106.3,0.0,151.4,18.6,936.0,803.7,91,0.8019206651892319,0
166,375.0,93.8,0.0,126.6,23.4,852.1,992.6,91,0.7496091669673074,0
167,475.0,118.8,0.0,181.1,8.9,852.1,781.5,91,0.5274007162783969,1
168,469.0,117.2,0.0,137.8,32.2,852.1,840.5,91,0.8517411396863025,0
169,425.0,106.3,0.0,153.5,16.5,852.1,887.1,91,0.783195038567919,0
170,388.6,97.1,0.0,157.9,12.1,852.1,925.7,91,0.6885361370234844,0
171,531.3,0.0,0.0,141.8,28.2,852.1,893.7,91,0.7084643268223126,0
172,425.0,106.3,0.0,153.5,16.5,852.1,887.1,91,0.783195038567919,0
173,318.8,212.5,0.0,155.7,14.3,852.1,880.4,91,0.8193578312632066,0
174,401.8,94.7,0.0,147.4,11.4,946.8,852.1,91,0.9115257090827875,0
175,362.6,189.0,0.0,164.9,11.6,944.7,755.8,91,0.9588551598550052,0
176,379.5,151.2,0.0,153.9,15.9,1134.3,605.0,91,0.6747925578518785,0
177,362.6,189.0,0.0,164.9,11.6,944.7,755.8,91,0.9588551598550052,0
178,286.3,200.9,0.0,144.7,11.2,1004.6,803.7,91,0.9277603119792471,0
179,362.6,189.0,0.0,164.9,11.6,944.7,755.8,91,0.9588551598550052,0
180,439.0,177.0,0.0,186.0,11.1,884.9,707.9,91,0.8841244481093988,0
181,389.9,189.0,0.0,145.9,22.0,944.7,755.8,91,1.0,0
182,362.6,189.0,0.0,164.9,11.6,944.7,755.8,91,0.9588551598550052,0
183,337.9,189.0,0.0,174.9,9.5,944.7,755.8,91,0.8155783469910151,0
184,222.36,0.0,96.67,189.29,4.46,967.08,870.32,3,0.1151711934580563,0
185,222.36,0.0,96.67,189.29,4.46,967.08,870.32,14,0.2755415829167311,0
186,222.36,0.0,96.67,189.29,4.46,967.08,870.32,28,0.2810390145853734,0
187,222.36,0.0,96.67,189.29,4.46,967.08,870.32,56,0.3378171760380697,0
188,222.36,0.0,96.67,189.29,4.46,967.08,870.32,100,0.47817347832809354,0
189,233.81,0.0,94.58,197.89,4.567,947.04,852.16,3,0.10031094847875756,0
190,233.81,0.0,94.58,197.89,4.567,947.04,852.16,14,0.2467659640261815,0
191,233.81,0.0,94.58,197.89,4.567,947.04,852.16,28,0.25544159837825764,0
192,233.81,0.0,94.58,197.89,4.567,947.04,852.16,56,0.31556975725403286,0
193,233.81,0.0,94.58,197.89,4.567,947.04,852.16,100,0.4014671270765689,0
194,194.68,0.0,100.52,165.62,7.48,1006.4,905.9,3,0.12608015942551837,0
195,194.68,0.0,100.52,165.62,7.48,1006.4,905.9,14,0.2822415777628889,0
196,194.68,0.0,100.52,165.62,7.48,1006.4,905.9,28,0.29143259633390023,0
197,194.68,0.0,100.52,165.62,7.48,1006.4,905.9,56,0.6866233204602465,1
198,194.68,0.0,100.52,165.62,7.48,1006.4,905.9,100,0.43616966448487343,0
199,190.68,0.0,125.4,162.14,7.77,1090.0,804.01,3,0.15837757047879192,0
200,190.68,0.0,125.4,162.14,7.77,1090.0,804.01,14,0.2333659743338659,0
201,190.68,0.0,125.4,162.14,7.77,1090.0,804.01,28,0.2998505385765088,0
202,190.68,0.0,125.4,162.14,7.77,1090.0,804.01,56,0.411259427236338,0
203,190.68,0.0,125.4,162.14,7.77,1090.0,804.01,100,0.47636963356182027,0
204,212.07,0.0,121.62,180.31,5.69,1057.6,779.32,3,-0.24577551256762142,1
205,212.07,0.0,121.62,180.31,5.69,1057.6,779.32,14,0.23156212956759264,0
206,212.07,0.0,121.62,180.31,5.69,1057.6,779.32,28,0.28121080932501846,0
207,212.07,0.0,121.62,180.31,5.69,1057.6,779.32,56,0.3970863612156196,0
208,212.07,0.0,121.62,180.31,5.69,1057.6,779.32,100,0.46442989915648775,0
209,229.97,0.0,118.31,195.47,4.63,1029.4,758.59,3,0.09593018261780824,0
210,229.97,0.0,118.31,195.47,4.63,1029.4,758.59,14,0.2211685478190658,0
211,229.97,0.0,118.31,195.47,4.63,1029.4,758.59,28,0.2759710697658438,0
212,229.97,0.0,118.31,195.47,4.63,1029.4,758.59,56,0.3638440790942981,0
213,229.97,0.0,118.31,195.47,4.63,1029.4,758.59,100,0.411259427236338,0
214,190.34,0.0,125.18,161.85,9.88,1088.1,802.59,3,0.08862890618289267,0
215,190.34,0.0,125.18,161.85,9.88,1088.1,802.59,14,0.5368711721194555,1
216,190.34,0.0,125.18,161.85,9.88,1088.1,802.59,28,0.3256197495232696,0
217,190.34,0.0,125.18,161.85,9.88,1088.1,802.59,56,0.45137349894346235,0
218,190.34,0.0,125.18,161.85,9.88,1088.1,802.59,100,0.4741363019464344,0
219,166.09,0.0,163.27,176.46,4.49,1058.6,780.09,3,0.10503530381899705,0
220,166.09,0.0,163.27,176.46,4.49,1058.6,780.09,14,0.28842618839011147,0
221,166.09,0.0,163.27,176.46,4.49,1058.6,780.09,28,0.03327024127559722,1
222,166.09,0.0,163.27,176.46,4.49,1058.6,780.09,56,0.32759538902918794,0
223,166.09,0.0,163.27,176.46,4.49,1058.6,780.09,100,0.38884021371265604,0
224,167.95,42.08,163.83,121.75,5.72,1058.7,780.11,3,-0.3348147098069463,1
225,167.95,42.08,163.83,121.75,5.72,1058.7,780.11,14,0.19299421051727395,0
226,167.95,42.08,163.83,121.75,5.72,1058.7,780.11,28,0.7617199013701008,1
227,167.95,42.08,163.83,121.75,5.72,1058.7,780.11,56,0.3802504767304025,0
228,167.95,42.08,163.83,121.75,5.72,1058.7,780.11,100,0.4597055438162483,0
229,213.72,98.05,24.51,181.71,6.86,1065.8,785.38,3,0.575869770146258,1
230,213.72,98.05,24.51,181.71,6.86,1065.8,785.38,14,0.3494992183339346,0
231,213.72,98.05,24.51,181.71,6.86,1065.8,785.38,28,0.5403631740796097,0
232,213.72,98.05,24.51,181.71,6.86,1065.8,785.38,56,0.6034977408991736,0
233,213.72,98.05,24.51,181.71,6.86,1065.8,785.38,100,0.642495146798605,0
234,213.76,98.06,24.52,181.74,6.65,1066.0,785.52,3,0.29710401073633286,1
235,213.76,98.06,24.52,181.74,6.65,1066.0,785.52,14,0.19316600525691902,0
236,213.76,98.06,24.52,181.74,6.65,1066.0,785.52,28,0.472160662440516,0
237,213.76,98.06,24.52,181.74,6.65,1066.0,785.52,56,0.5581439296328746,0
238,213.76,98.06,24.52,181.74,6.65,1066.0,785.52,100,0.5935336459997594,0
239,229.68,0.0,118.16,195.23,6.13,1028.1,757.63,3,-0.023803812867033813,1
240,229.68,0.0,118.16,195.23,6.13,1028.1,757.63,14,0.24899929564156748,0
241,229.68,0.0,118.16,195.23,6.13,1028.1,757.63,28,0.276658248724424,0
242,229.68,0.0,118.16,195.23,6.13,1028.1,757.63,56,0.36152485010908963,0
243,229.68,0.0,118.16,195.23,6.13,1028.1,757.63,100,0.4799773230943668,0
244,238.05,0.0,94.11,186.66,7.0,949.91,847.01,3,0.21927880568296998,0
245,238.05,0.0,94.11,186.66,7.0,949.91,847.01,14,0.2910031094847876,0
246,238.05,0.0,94.11,186.66,7.0,949.91,847.01,28,0.3476094761978389,0
247,238.05,0.0,94.11,186.66,7.0,949.91,847.01,56,0.46417220704702017,0
248,238.05,0.0,94.11,186.66,7.0,949.91,847.01,100,0.5228401106358124,0
249,250.0,0.0,95.69,187.42,5.53,956.86,861.17,3,0.1430878386503805,0
250,250.0,0.0,95.69,187.42,5.53,956.86,861.17,14,0.28138260406466353,0
251,250.0,0.0,95.69,187.42,5.53,956.86,861.17,28,0.334982562833926,0
252,250.0,0.0,95.69,187.42,5.53,956.86,861.17,56,0.4484529883694961,0
253,250.0,0.0,95.69,187.42,5.53,956.86,861.17,100,0.4985311549760346,0
254,212.52,0.0,100.37,159.32,8.71,1007.8,903.59,3,0.1396519438574791,0
255,212.52,0.0,100.37,159.32,8.71,1007.8,903.59,14,0.2987338727688158,0
256,212.52,0.0,100.37,159.32,8.71,1007.8,903.59,28,0.36513253964163617,0
257,212.52,0.0,100.37,159.32,8.71,1007.8,903.59,56,0.5010221787008882,0
258,212.52,0.0,100.37,159.32,8.71,1007.8,903.59,100,0.505660636671305,0
259,212.57,0.0,100.39,159.35,10.37,1003.8,903.79,3,0.13707502276280298,0
260,212.57,0.0,100.39,159.35,10.37,1003.8,903.79,14,0.2870518304729509,0
261,212.57,0.0,100.39,159.35,10.37,1003.8,903.79,28,0.4369427408132762,0
262,212.57,0.0,100.39,159.35,10.37,1003.8,903.79,56,0.5240426738133278,0
263,212.57,0.0,100.39,159.35,10.37,1003.8,903.79,100,0.5657028981772578,0
264,212.0,0.0,124.78,159.0,7.84,1085.4,799.54,3,0.21412496349361781,0
265,212.0,0.0,124.78,159.0,7.84,1085.4,799.54,14,0.36152485010908963,0
266,212.0,0.0,124.78,159.0,7.84,1085.4,799.54,28,0.45060042261505956,0
267,212.0,0.0,124.78,159.0,7.84,1085.4,799.54,56,0.5326324107955814,0
268,212.0,0.0,124.78,159.0,7.84,1085.4,799.54,100,0.5666477692453058,0
269,231.75,0.0,121.62,173.96,6.72,1056.4,778.45,3,0.16327372055867645,0
270,231.75,0.0,121.62,173.96,6.72,1056.4,778.45,14,0.3044889965469257,0
271,231.75,0.0,121.62,173.96,6.72,1056.4,778.45,28,0.0854969947744289,1
272,231.75,0.0,121.62,173.96,6.72,1056.4,778.45,56,0.5029119208369839,0
273,231.75,0.0,121.62,173.96,6.72,1056.4,778.45,100,0.5419952241062378,0
274,251.37,0.0,118.27,188.45,5.75,1028.4,757.73,3,0.1855211393427133,0
275,251.37,0.0,118.27,188.45,5.75,1028.4,757.73,14,0.3438299919256472,0
276,251.37,0.0,118.27,188.45,5.75,1028.4,757.73,28,0.3403940971327458,0
277,251.37,0.0,118.27,188.45,5.75,1028.4,757.73,56,0.4315312065144565,0
278,251.37,0.0,118.27,188.45,5.75,1028.4,757.73,100,0.5139067841742685,0
279,251.37,0.0,118.27,188.45,6.35,1028.4,757.73,3,0.13441220429830436,0
280,251.37,0.0,118.27,188.45,6.35,1028.4,757.73,14,0.27528389080726345,0
281,251.37,0.0,118.27,188.45,6.35,1028.4,757.73,28,0.3778453503753715,0
282,251.37,0.0,118.27,188.45,6.35,1028.4,757.73,56,0.4274081327629748,0
283,251.37,0.0,118.27,188.45,6.35,1028.4,757.73,100,0.5217234448281194,0
284,181.38,0.0,167.01,169.59,7.56,1055.6,777.8,3,0.1406827122953495,0
285,181.38,0.0,167.01,169.59,7.56,1055.6,777.8,14,0.6767337084490106,1
286,181.38,0.0,167.01,169.59,7.56,1055.6,777.8,28,-0.05690158522475641,1
287,181.38,0.0,167.01,169.59,7.56,1055.6,777.8,56,0.4140940404404817,0
288,181.38,0.0,167.01,169.59,7.56,1055.6,777.8,100,0.5361542029583054,0
289,182.04,45.21,121.97,170.21,8.19,1059.4,780.65,3,0.06208661890772903,0
290,182.04,45.21,121.97,170.21,8.19,1059.4,780.65,14,0.23886340600250822,0
291,182.04,45.21,121.97,170.21,8.19,1059.4,780.65,28,0.36049408167121927,0
292,182.04,45.21,121.97,170.21,8.19,1059.4,780.65,56,0.5128760157363981,0
293,182.04,45.21,121.97,170.21,8.19,1059.4,780.65,100,0.5772990431033002,0
294,168.88,42.22,124.25,158.33,10.83,1080.8,796.15,3,0.06311738734559945,0
295,168.88,42.22,124.25,158.33,10.83,1080.8,796.15,14,0.2638595406208662,0
296,168.88,42.22,124.25,158.33,10.83,1080.8,796.15,28,0.35860433953512344,0
297,168.88,42.22,124.25,158.33,10.83,1080.8,796.15,56,0.12700265905187536,1
298,168.88,42.22,124.25,158.33,10.83,1080.8,796.15,100,0.5708567403666099,0
299,290.35,0.0,96.18,168.08,9.41,961.18,865.0,3,0.2513185246267759,0
300,290.35,0.0,96.18,168.08,9.41,961.18,865.0,14,0.402927382363552,0
301,290.35,0.0,96.18,168.08,9.41,961.18,865.0,28,0.20423792512384054,1
302,290.35,0.0,96.18,168.08,9.41,961.18,865.0,56,0.5326324107955814,0
303,290.35,0.0,96.18,168.08,9.41,961.18,865.0,100,0.5810785273754917,0
304,277.05,0.0,97.39,160.6,11.83,973.9,875.61,3,0.25922108265044924,0
305,277.05,0.0,97.39,160.6,11.83,973.9,875.61,14,0.4927760311979247,0
306,277.05,0.0,97.39,160.6,11.83,973.9,875.61,28,0.5724887903932381,0
307,277.05,0.0,97.39,160.6,11.83,973.9,875.61,56,0.60676184095243,0
308,277.05,0.0,97.39,160.6,11.83,973.9,875.61,100,0.6641412839938841,0
309,295.71,0.0,95.64,171.54,8.87,955.14,859.2,3,0.2568159562954182,0
310,295.71,0.0,95.64,171.54,8.87,955.14,859.2,14,0.40988506931917756,0
311,295.71,0.0,95.64,171.54,8.87,955.14,859.2,28,0.46855297290796954,0
312,295.71,0.0,95.64,171.54,8.87,955.14,859.2,56,0.577900324692058,0
313,295.71,0.0,95.64,171.54,8.87,955.14,859.2,100,0.6193028569465202,0
314,251.81,0.0,99.94,146.14,12.35,1006.0,899.76,3,0.23285059011493064,0
315,251.81,0.0,99.94,146.14,12.35,1006.0,899.76,14,0.38652098472744767,0
316,251.81,0.0,99.94,146.14,12.35,1006.0,899.76,28,0.3938222611623632,0
317,251.81,0.0,99.94,146.14,12.35,1006.0,899.76,56,0.520864471129894,0
318,251.81,0.0,99.94,146.14,12.35,1006.0,899.76,100,0.5361542029583054,0
319,249.1,0.0,98.75,158.11,12.8,987.76,889.01,3,0.1623288494906286,0
320,249.1,0.0,98.75,158.11,12.8,987.76,889.01,14,0.32828256798776817,0
321,249.1,0.0,98.75,158.11,12.8,987.76,889.01,28,0.35525434211204454,0
322,249.1,0.0,98.75,158.11,12.8,987.76,889.01,56,0.49457987596419795,0
323,249.1,0.0,98.75,158.11,12.8,987.76,889.01,100,0.6070195330618976,0
324,252.31,0.0,98.75,146.25,14.17,987.76,889.01,3,0.24229930079540962,0
325,252.31,0.0,98.75,146.25,14.17,987.76,889.01,14,0.49784397601745434,0
326,252.31,0.0,98.75,146.25,14.17,987.76,889.01,28,0.6013503066536102,0
327,252.31,0.0,98.75,146.25,14.17,987.76,889.01,56,0.6664605129790926,0
328,252.31,0.0,98.75,146.25,14.17,987.76,889.01,100,0.7302822587572367,0
329,246.83,0.0,125.08,143.3,11.99,1086.8,800.89,3,0.2640313353605112,0
330,246.83,0.0,125.08,143.3,11.99,1086.8,800.89,14,0.4968991049494065,0
331,246.83,0.0,125.08,143.3,11.99,1086.8,800.89,28,0.62505798072463,0
332,246.83,0.0,125.08,143.3,11.99,1086.8,800.89,56,0.722465598103386,0
333,246.83,0.0,125.08,143.3,11.99,1086.8,800.89,100,0.7984847703963304,0
334,275.07,0.0,121.35,159.48,9.9,1053.6,777.5,3,0.26746723015341267,0
335,275.07,0.0,121.35,159.48,9.9,1053.6,777.5,14,0.4539504200381384,0
336,275.07,0.0,121.35,159.48,9.9,1053.6,777.5,28,0.6104554278547991,0
337,275.07,0.0,121.35,159.48,9.9,1053.6,777.5,56,0.6791733237128279,0
338,275.07,0.0,121.35,159.48,9.9,1053.6,777.5,100,0.7010771530175746,0
339,297.16,0.0,117.54,174.8,9.52,1022.8,753.45,3,0.24393135082203782,0
340,297.16,0.0,117.54,174.8,9.52,1022.8,753.45,14,0.43178889862392417,0
341,297.16,0.0,117.54,174.8,9.52,1022.8,753.45,28,0.5614939270559535,0
342,297.16,0.0,117.54,174.8,9.52,1022.8,753.45,56,0.6182720885086499,0
343,297.16,0.0,117.54,174.8,9.52,1022.8,753.45,100,0.6778848631654898,0
344,213.74,0.0,174.74,154.79,10.16,1053.5,776.35,3,0.18990190520366262,0
345,213.74,0.0,174.74,154.79,10.16,1053.5,776.35,14,0.8892191853622224,1
346,213.74,0.0,174.74,154.79,10.16,1053.5,776.35,28,0.4711298940026456,0
347,213.74,0.0,174.74,154.79,10.16,1053.5,776.35,56,0.5520452163754745,0
348,213.74,0.0,174.74,154.79,10.16,1053.5,776.35,100,0.5948221065470974,0
349,213.5,0.0,174.24,154.61,11.66,1052.3,775.48,3,0.613734285477022,1
350,213.5,0.0,174.24,154.61,11.66,1052.3,775.48,14,0.3908158532185744,0
351,213.5,0.0,174.24,154.61,11.66,1052.3,775.48,28,0.5432836846535759,0
352,213.5,0.0,174.24,154.61,11.66,1052.3,775.48,56,0.6117438884021372,0
353,213.5,0.0,174.24,154.61,11.66,1052.3,775.48,100,0.518176073845189,1
354,277.19,97.82,24.46,160.7,11.19,1061.7,782.46,3,0.3502722946623374,0
355,277.19,97.82,24.46,160.7,11.19,1061.7,782.46,14,0.5653593086979676,0
356,277.19,97.82,24.46,160.7,11.19,1061.7,782.46,28,0.7575976223608033,0
357,277.19,97.82,24.46,160.7,11.19,1061.7,782.46,56,0.8034668178460375,0
358,277.19,97.82,24.46,160.7,11.19,1061.7,782.46,100,0.8050129705028432,0
359,218.23,54.64,123.78,140.75,11.91,1075.7,792.67,3,0.3125633493102441,0
360,218.23,54.64,123.78,140.75,11.91,1075.7,792.67,14,0.41890429315054367,0
361,218.23,54.64,123.78,140.75,11.91,1075.7,792.67,28,0.6625092339672559,0
362,218.23,54.64,123.78,140.75,11.91,1075.7,792.67,56,0.7432527616004397,0
363,218.23,54.64,123.78,140.75,11.91,1075.7,792.67,100,0.7624078750708653,0
364,214.9,53.8,121.89,155.63,9.61,1014.3,780.58,3,0.3477506497232875,1
365,214.9,53.8,121.89,155.63,9.61,1014.3,780.58,14,0.4518888831623975,0
366,214.9,53.8,121.89,155.63,9.61,1014.3,780.58,28,0.6212784964524386,0
367,214.9,53.8,121.89,155.63,9.61,1014.3,780.58,56,0.6431823257571853,0
368,214.9,53.8,121.89,155.63,9.61,1014.3,780.58,100,0.3411344594841888,1
369,218.85,0.0,124.13,158.49,11.33,1078.7,794.91,3,0.16207115738116096,0
370,218.85,0.0,124.13,158.49,11.33,1078.7,794.91,14,0.2954697727155594,0
371,218.85,0.0,124.13,158.49,11.33,1078.7,794.91,28,-0.14016082145570674,1
372,218.85,0.0,124.13,158.49,11.33,1078.7,794.91,56,0.4352247934168256,0
373,218.85,0.0,124.13,158.49,11.33,1078.7,794.91,100,0.5468913741861223,0
374,376.0,0.0,0.0,214.6,0.0,1003.5,762.36,3,0.6476357027715968,1
375,376.0,0.0,0.0,214.6,0.0,1003.5,762.36,14,0.2901441357865622,0
376,376.0,0.0,0.0,214.6,0.0,1003.5,762.36,28,0.3692556133931179,0
377,376.0,0.0,0.0,214.6,0.0,1003.5,762.36,56,0.4231991616416705,0
378,376.0,0.0,0.0,214.6,0.0,1003.5,762.36,100,0.5073785840677559,0
379,500.0,0.0,0.0,140.0,4.0,966.0,853.0,28,0.8127437337868714,0
380,475.0,0.0,59.0,142.0,1.9,1098.0,641.0,28,0.8793720600994057,1
381,315.0,137.0,0.0,145.0,5.9,1130.0,745.0,28,0.9894346235118281,0
382,505.0,0.0,60.0,195.0,0.0,1030.0,630.0,28,0.7685065883282653,0
383,451.0,0.0,0.0,165.0,11.25,1030.0,745.0,28,0.9526705492277823,0
384,516.0,0.0,0.0,162.0,8.2,801.0,802.0,28,0.48633372846123457,0
385,520.0,0.0,0.0,170.0,5.2,855.0,855.0,28,0.7219502138844508,0
386,528.0,0.0,0.0,185.0,6.86,920.0,720.0,28,0.6790015289731828,0
387,520.0,0.0,0.0,175.0,5.2,870.0,805.0,28,0.6065900462127849,0
388,385.0,0.0,136.0,158.0,20.0,903.0,768.0,28,0.2936787992688704,1
389,500.1,0.0,0.0,200.0,3.0,1124.4,613.2,28,0.5207785737600714,0
390,450.1,50.0,0.0,200.0,3.0,1124.4,613.2,28,0.3358990300519836,1
391,397.0,17.2,158.0,167.0,20.8,967.0,633.0,28,0.6642271813637066,0
392,333.0,17.5,163.0,167.0,17.9,996.0,652.0,28,0.5599477743991479,0
393,334.0,17.6,158.0,189.0,15.3,967.0,633.0,28,0.5231837001151025,0
394,405.0,0.0,0.0,175.0,0.0,1120.0,695.0,28,0.6225669569997766,0
395,200.0,200.0,0.0,190.0,0.0,1145.0,660.0,28,0.5845144221683932,0
396,516.0,0.0,0.0,162.0,8.26,801.0,802.0,28,0.48633372846123457,0
397,145.0,116.0,119.0,184.0,5.7,833.0,880.0,28,0.3342094865055232,0
398,160.0,128.0,122.0,182.0,6.4,824.0,879.0,28,0.4617670806919892,0
399,234.0,156.0,0.0,189.0,5.85,981.0,760.0,28,0.46056451751447364,0
400,250.0,180.0,95.0,159.0,9.45,860.0,800.0,28,0.8164373206892405,0
401,475.0,0.0,0.0,162.0,9.5,1044.0,662.0,28,0.7000463845797041,0
402,285.0,190.0,0.0,163.0,7.6,1031.0,685.0,28,0.6384579704169457,0
403,356.0,119.0,0.0,160.0,9.03,1061.0,657.0,28,0.7059733030974591,0
404,275.0,180.0,120.0,162.0,10.35,830.0,765.0,28,0.9207167276537991,0
405,500.0,0.0,0.0,151.0,9.0,1033.0,655.0,28,0.8410039684584858,0
406,165.0,0.02,143.57,163.81,0.0,1005.6,900.9,3,0.15030321771547356,0
407,165.0,128.5,132.1,175.06,8.08,1005.8,746.6,3,0.21283650294627976,0
408,178.03,129.8,118.6,179.94,3.57,1007.3,746.8,3,0.2291570032125616,0
409,167.35,129.9,128.62,175.46,7.79,1006.3,746.6,3,0.15708910993145386,0
410,172.38,13.61,172.37,156.76,4.14,1006.3,856.4,3,0.2362005875380096,0
411,173.54,50.05,173.53,164.77,6.47,1006.2,793.5,3,0.2584480063220464,0
412,167.0,75.4,167.0,164.03,7.91,1007.3,770.1,3,0.16430448899654693,0
413,173.81,93.37,159.9,172.34,9.73,1007.2,746.6,3,0.16799807589891597,0
414,190.34,0.0,125.18,166.61,9.88,1079.0,798.9,3,0.12728272260303392,0
415,250.0,0.0,95.69,191.84,5.33,948.9,857.2,3,0.07668917177756017,0
416,213.5,0.0,174.24,159.21,11.66,1043.6,771.9,3,0.16542115480423986,0
417,194.68,0.0,100.52,170.17,7.48,998.0,901.8,3,0.12264426463261695,0
418,251.37,0.0,118.27,192.94,5.75,1043.6,754.3,3,0.12023913827758591,0
419,165.0,0.02,143.57,163.81,0.0,1005.6,900.9,14,0.1812262708515865,0
420,165.0,128.5,132.1,175.06,8.08,1005.8,746.6,14,0.3831709873043687,0
421,178.03,129.8,118.6,179.94,3.57,1007.3,746.8,14,0.3975158480647323,0
422,167.35,129.9,128.62,175.46,7.79,1006.3,746.6,14,0.3672799738871996,0
423,172.38,13.61,172.37,156.76,4.14,1006.3,856.4,14,0.34159666031026126,0
424,173.54,50.05,173.53,164.77,6.47,1006.2,793.5,14,0.3821402188664983,0
425,167.0,75.4,167.0,164.03,7.91,1007.3,770.1,14,0.38085175831916024,0
426,173.81,93.37,159.9,172.34,9.73,1007.2,746.6,14,0.3391056365854077,0
427,190.34,0.0,125.18,166.61,9.88,1079.0,798.9,14,0.21283650294627976,0
428,250.0,0.0,95.69,191.84,5.33,948.9,857.2,14,0.2781185040114072,0
429,213.5,0.0,174.24,159.21,11.66,1043.6,771.9,14,0.339621020804343,0
430,194.68,0.0,100.52,170.17,7.48,998.0,901.8,14,-0.2080463249674419,1
431,251.37,0.0,118.27,192.94,5.75,1043.6,754.3,14,0.2291570032125616,0
432,165.0,0.02,143.57,163.81,0.0,1005.6,900.9,28,0.29735951485165524,0
433,165.0,128.5,132.1,175.06,8.08,1005.8,746.6,28,0.9476725383529438,1
434,178.03,129.8,118.6,179.94,3.57,1007.3,746.8,28,0.458846570118023,0
435,167.35,129.9,128.62,175.46,7.79,1006.3,746.6,28,0.4842721915854936,0
436,172.38,13.61,172.37,156.76,4.14,1006.3,856.4,28,0.39064405847892936,0
437,173.54,50.05,173.53,164.77,6.47,1006.2,793.5,28,0.44690683571269046,0
438,167.0,75.4,167.0,164.03,7.91,1007.3,770.1,28,0.4868491126801697,0
439,173.81,93.37,159.9,172.34,9.73,1007.2,746.6,28,0.44201068563280593,0
440,190.34,0.0,125.18,166.61,9.88,1079.0,798.9,28,0.2805236303664381,0
441,250.0,0.0,95.69,191.84,5.33,948.9,857.2,28,0.31007232558539055,0
442,213.5,0.0,174.24,159.21,11.66,1043.6,771.9,28,0.5270490817571166,0
443,194.68,0.0,100.52,170.17,7.48,998.0,901.8,28,0.4352247934168256,0
444,251.37,0.0,118.27,192.94,5.75,1043.6,754.3,28,0.38549021628957714,0
445,165.0,0.02,143.57,163.81,0.0,1005.6,900.9,56,0.4264632616949269,0
446,165.0,128.5,132.1,175.06,8.08,1005.8,746.6,56,0.6402618151832191,0
447,178.03,129.8,118.6,179.94,3.57,1007.3,746.8,56,0.5762682746654297,0
448,167.35,129.9,128.62,175.46,7.79,1006.3,746.6,56,0.6153515779346836,0
449,172.38,13.61,172.37,156.76,4.14,1006.3,856.4,56,0.4176158326032055,0
450,173.54,50.05,173.53,164.77,6.47,1006.2,793.5,56,0.6408630967719768,0
451,167.0,75.4,167.0,164.03,7.91,1007.3,770.1,56,0.6369977151299627,0
452,173.81,93.37,159.9,172.34,9.73,1007.2,746.6,56,0.5812503221151368,0
453,190.34,0.0,125.18,166.61,9.88,1079.0,798.9,56,0.3660774107096841,0
454,250.0,0.0,95.69,191.84,5.33,948.9,857.2,56,0.46485938600560045,0
455,213.5,0.0,174.24,159.21,11.66,1043.6,771.9,56,0.6095105567867511,0
456,194.68,0.0,100.52,170.17,7.48,998.0,901.8,56,0.5115016578192376,0
457,251.37,0.0,118.27,192.94,5.75,1043.6,754.3,56,0.460135030665361,0
458,165.0,0.02,143.57,163.81,0.0,1005.6,900.9,100,0.6517936611127904,1
459,165.0,128.5,132.1,175.06,8.08,1005.8,746.6,100,0.6564105207098558,0
460,178.03,129.8,118.6,179.94,3.57,1007.3,746.8,100,0.2907186682674969,1
461,167.35,129.9,128.62,175.46,7.79,1006.3,746.6,100,0.6394028414849937,0
462,172.38,13.61,172.37,156.76,4.14,1006.3,856.4,100,0.44037863560617774,0
463,173.54,50.05,173.53,164.77,6.47,1006.2,793.5,100,0.6693810235530588,0
464,167.0,75.4,167.0,164.03,7.91,1007.3,770.1,100,0.6787438368637152,0
465,173.81,93.37,159.9,172.34,9.73,1007.2,746.6,100,0.27399165477203025,1
466,190.34,0.0,125.18,166.61,9.88,1079.0,798.9,100,0.38909790582212367,0
467,250.0,0.0,95.69,191.84,5.33,948.9,857.2,100,0.48375680736655857,0
468,213.5,0.0,174.24,159.21,11.66,1043.6,771.9,100,0.6307272071329175,0
469,194.68,0.0,100.52,170.17,7.48,998.0,901.8,100,0.5225824185263447,0
470,251.37,0.0,118.27,192.94,5.75,1043.6,754.3,100,0.4711298940026456,0
471,446.0,24.0,79.0,162.0,11.61,967.0,712.0,28,1.1044054544348711,1
472,446.0,24.0,79.0,162.0,11.64,967.0,712.0,28,0.524386263292618,0
473,446.0,24.0,79.0,162.0,11.64,967.0,712.0,28,0.6065900462127849,0
474,446.0,24.0,79.0,162.0,10.3,967.0,712.0,28,0.6360528440619148,0
475,446.0,24.0,79.0,162.0,11.61,967.0,712.0,3,0.4115171193458056,0
476,446.0,24.0,79.0,162.0,11.64,967.0,712.0,3,0.2826710646120016,0
477,446.0,24.0,79.0,162.0,11.64,967.0,712.0,3,0.26179800374512535,0
478,446.0,24.0,79.0,162.0,11.61,967.0,712.0,7,0.6188733700974076,0
479,446.0,24.0,79.0,162.0,11.64,967.0,712.0,7,0.444587606727482,0
480,446.0,24.0,79.0,162.0,11.64,967.0,712.0,7,0.46056451751447364,0
481,446.0,24.0,79.0,162.0,11.61,967.0,712.0,56,0.73174251404422,0
482,446.0,24.0,79.0,162.0,11.64,967.0,712.0,56,0.6704117919909292,0
483,446.0,24.0,79.0,162.0,11.64,967.0,712.0,56,0.6593310312838221,0
484,446.0,24.0,79.0,162.0,10.3,967.0,712.0,56,0.653232318026422,0
485,387.0,20.0,94.0,157.0,14.32,938.0,845.0,28,0.5967977460530158,0
486,387.0,20.0,94.0,157.0,13.93,938.0,845.0,28,0.5525606005944098,0
487,387.0,20.0,94.0,157.0,11.61,938.0,845.0,28,0.5525606005944098,0
488,387.0,20.0,94.0,157.0,14.32,938.0,845.0,3,0.2544108299403872,0
489,387.0,20.0,94.0,157.0,13.93,938.0,845.0,3,0.2887697778694016,0
490,387.0,20.0,94.0,157.0,11.61,938.0,845.0,3,0.4041299455410675,0
491,387.0,20.0,94.0,157.0,14.32,938.0,845.0,7,0.4298991564878283,0
492,387.0,20.0,94.0,157.0,13.93,938.0,845.0,7,0.5427683004346406,0
493,387.0,20.0,94.0,157.0,11.61,938.0,845.0,7,0.49002731536360356,0
494,387.0,20.0,94.0,157.0,14.32,938.0,845.0,56,0.6728169183459602,0
495,387.0,20.0,94.0,157.0,13.93,938.0,845.0,56,0.5685375113814014,0
496,387.0,20.0,94.0,157.0,11.61,938.0,845.0,56,0.7366386641241045,0
497,355.0,19.0,97.0,145.0,13.13,967.0,871.0,28,0.5194901132127334,0
498,355.0,19.0,97.0,145.0,12.25,967.0,871.0,28,0.6618220550086756,0
499,491.0,26.0,123.0,210.0,3.93,882.0,699.0,28,0.6630246181861911,0
500,491.0,26.0,123.0,201.0,3.93,822.0,699.0,28,0.6924874160353209,0
501,491.0,26.0,123.0,210.0,3.93,882.0,699.0,3,0.2899968831280386,0
502,491.0,26.0,123.0,210.0,3.93,882.0,699.0,7,0.22280430828986525,1
503,491.0,26.0,123.0,210.0,3.93,882.0,699.0,56,0.7133482058616365,0
504,491.0,26.0,123.0,201.0,3.93,822.0,699.0,3,0.33908109450428625,0
505,491.0,26.0,123.0,201.0,3.93,822.0,699.0,7,0.4433850435499665,0
506,491.0,26.0,123.0,201.0,3.93,822.0,699.0,56,0.7415716273256713,0
507,424.0,22.0,132.0,178.0,8.48,822.0,750.0,28,0.7440258379288426,0
508,424.0,22.0,132.0,178.0,8.48,882.0,750.0,3,0.36975872657149245,0
509,424.0,22.0,132.0,168.0,8.92,822.0,750.0,28,0.8691783057602775,0
510,424.0,22.0,132.0,178.0,8.48,822.0,750.0,7,0.4568832016526653,0
511,424.0,22.0,132.0,178.0,8.48,822.0,750.0,56,0.7894287334432818,0
512,424.0,22.0,132.0,168.0,8.92,822.0,750.0,3,0.3709858318301293,0
513,424.0,22.0,132.0,168.0,8.92,822.0,750.0,7,0.47283557035853563,0
514,424.0,22.0,132.0,168.0,8.92,822.0,750.0,56,0.89741399869436,0
515,202.0,11.0,141.0,206.0,1.72,942.0,801.0,28,0.2446185297806181,0
516,202.0,11.0,141.0,206.0,1.72,942.0,801.0,3,0.09366003788074007,0
517,202.0,11.0,141.0,206.0,1.72,942.0,801.0,7,0.1586966178769606,0
518,202.0,11.0,141.0,206.0,1.72,942.0,801.0,56,-0.15628538942571618,1
519,284.0,15.0,141.0,179.0,5.46,842.0,801.0,28,0.5157965263103644,0
520,284.0,15.0,141.0,179.0,5.46,842.0,801.0,3,0.13783582805064504,0
521,284.0,15.0,141.0,179.0,5.46,842.0,801.0,7,0.2715903039048944,0
522,284.0,15.0,141.0,179.0,5.46,842.0,801.0,56,0.5256010975106941,0
523,359.0,19.0,141.0,154.0,10.91,942.0,801.0,28,0.7550207012661272,0
524,359.0,19.0,141.0,154.0,10.91,942.0,801.0,28,0.7121579137246817,0
525,359.0,19.0,141.0,154.0,10.91,942.0,801.0,3,0.28386135674895635,0
526,359.0,19.0,141.0,154.0,10.91,942.0,801.0,3,0.26545477752581215,0
527,359.0,19.0,141.0,154.0,10.91,942.0,801.0,7,0.41638872734456867,0
528,359.0,19.0,141.0,154.0,10.91,942.0,801.0,7,0.45197478053222007,0
529,359.0,19.0,141.0,154.0,10.91,942.0,801.0,56,0.8274689971482073,0
530,359.0,19.0,141.0,154.0,10.91,942.0,801.0,56,0.8029268915459808,0
531,436.0,0.0,0.0,218.0,0.0,838.4,719.7,28,0.26806851174217045,0
532,289.0,0.0,0.0,192.0,0.0,913.2,895.3,90,0.37046676630761566,0
533,289.0,0.0,0.0,192.0,0.0,913.2,895.3,3,0.11615042347403322,0
534,393.0,0.0,0.0,192.0,0.0,940.6,785.6,3,0.21013932553385212,0
535,393.0,0.0,0.0,192.0,0.0,940.6,785.6,90,0.5794980157707571,0
536,393.0,0.0,0.0,192.0,0.0,940.6,785.6,28,0.46436118126062975,0
537,480.0,0.0,0.0,192.0,0.0,936.2,712.2,28,0.5183992166159872,0
538,480.0,0.0,0.0,192.0,0.0,936.2,712.2,7,0.4016303320792317,0
539,480.0,0.0,0.0,192.0,0.0,936.2,712.2,90,0.6476318095139927,0
540,480.0,0.0,0.0,192.0,0.0,936.2,712.2,3,0.27499183974986685,0
541,333.0,0.0,0.0,192.0,0.0,931.2,842.6,3,0.16549846243708016,0
542,255.0,0.0,0.0,192.0,0.0,889.8,945.0,90,0.24327853081138656,0
543,255.0,0.0,0.0,192.0,0.0,889.8,945.0,7,0.09830095002491022,0
544,289.0,0.0,0.0,192.0,0.0,913.2,895.3,7,0.1528028311773093,0
545,255.0,0.0,0.0,192.0,0.0,889.8,945.0,28,0.2044958683365115,0
546,333.0,0.0,0.0,192.0,0.0,931.2,842.6,28,0.3692040749712244,0
547,333.0,0.0,0.0,192.0,0.0,931.2,842.6,7,0.2625367211255991,0
548,289.0,0.0,0.0,192.0,0.0,913.2,895.3,28,0.2895514439347867,0
549,333.0,0.0,0.0,192.0,0.0,931.2,842.6,90,0.4902162895772131,0
550,393.0,0.0,0.0,192.0,0.0,940.6,785.6,7,0.17884443788420368,1
551,255.0,0.0,0.0,192.0,0.0,889.8,945.0,3,0.07315878987785394,0
552,158.8,238.2,0.0,185.7,0.0,1040.6,734.3,7,0.0907677506914738,0
553,239.6,359.4,0.0,185.7,0.0,941.6,664.3,7,0.28767029153567314,0
554,238.2,158.8,0.0,185.7,0.0,1040.6,734.3,7,0.16643474376814582,0
555,181.9,272.8,0.0,185.7,0.0,1012.4,714.3,28,0.3189798828359875,0
556,193.5,290.2,0.0,185.7,0.0,998.2,704.3,28,0.37742445326324114,0
557,255.5,170.3,0.0,185.7,0.0,1026.6,724.3,7,0.18568434434537612,0
558,272.8,181.9,0.0,185.7,0.0,1012.4,714.3,7,0.2171914995962823,0
559,239.6,359.4,0.0,185.7,0.0,941.6,664.3,28,0.7205008663872612,1
560,220.8,147.2,0.0,185.7,0.0,1055.0,744.3,28,0.29169028844336786,0
561,397.0,0.0,0.0,185.7,0.0,1040.6,734.3,28,0.38310226940851067,0
562,382.5,0.0,0.0,185.7,0.0,1047.8,739.3,7,0.2707656891545981,0
563,210.7,316.1,0.0,185.7,0.0,977.0,689.3,7,0.24278891580339806,0
564,158.8,238.2,0.0,185.7,0.0,1040.6,734.3,28,-0.08025561753008831,1
565,295.8,0.0,0.0,185.7,0.0,1091.4,769.3,7,0.15587795701695617,0
566,255.5,170.3,0.0,185.7,0.0,1026.6,724.3,28,0.7904976169647211,1
567,203.5,135.7,0.0,185.7,0.0,1076.2,759.3,7,0.11992131800924254,0
568,397.0,0.0,0.0,185.7,0.0,1040.6,734.3,7,0.28798811180401657,0
569,381.4,0.0,0.0,185.7,0.0,1104.6,784.3,28,0.25112955041316637,0
570,295.8,0.0,0.0,185.7,0.0,1091.4,769.3,28,0.2851105499149616,0
571,228.0,342.1,0.0,185.7,0.0,955.8,674.3,28,0.4655379752271985,0
572,220.8,147.2,0.0,185.7,0.0,1055.0,744.3,7,0.13401707639712074,0
573,316.1,210.7,0.0,185.7,0.0,977.0,689.3,28,0.453091446339913,0
574,135.7,203.5,0.0,185.7,0.0,1076.2,759.3,7,0.06447456578879554,0
575,238.1,0.0,0.0,185.7,0.0,1118.8,789.3,28,0.501564822717282,1
576,339.2,0.0,0.0,185.7,0.0,1069.2,754.3,7,0.23480905014688447,0
577,135.7,203.5,0.0,185.7,0.0,1076.2,759.3,28,0.19767561717260212,0
578,193.5,290.2,0.0,185.7,0.0,998.2,704.3,7,0.18523767802229885,0
579,203.5,135.7,0.0,185.7,0.0,1076.2,759.3,28,0.25288185675754604,0
580,290.2,193.5,0.0,185.7,0.0,998.2,704.3,7,0.24327853081138656,0
581,181.9,272.8,0.0,185.7,0.0,1012.4,714.3,7,0.12509233967255923,0
582,170.3,155.5,0.0,185.7,0.0,1026.6,724.3,28,0.29145836554484705,0
583,210.7,316.1,0.0,185.7,0.0,977.0,689.3,28,0.44204504458073496,0
584,228.0,342.1,0.0,185.7,0.0,955.8,674.3,7,0.24400006871789587,0
585,290.2,193.5,0.0,185.7,0.0,998.2,704.3,28,0.3826126544005223,0
586,381.4,0.0,0.0,185.7,0.0,1104.6,784.3,7,0.15210706248174682,0
587,238.2,158.8,0.0,185.7,0.0,1040.6,734.3,28,0.30624989262828767,0
588,186.2,124.1,0.0,185.7,0.0,1083.4,764.3,7,0.07056468930921335,0
589,339.2,0.0,0.0,185.7,0.0,1069.2,754.3,28,0.36837087048394573,0
590,238.1,0.0,0.0,185.7,0.0,1118.8,789.3,7,0.09971825662698207,0
591,252.5,0.0,0.0,185.7,0.0,1111.6,784.3,28,0.2171914995962823,0
592,382.5,0.0,0.0,185.7,0.0,1047.8,739.3,28,0.27083919368384113,1
593,252.5,0.0,0.0,185.7,0.0,1111.6,784.3,7,0.1140201687024343,0
594,316.1,210.7,0.0,185.7,0.0,977.0,689.3,7,0.27540414712501504,0
595,186.2,124.1,0.0,185.7,0.0,1083.4,764.3,28,0.19017677678709471,0
596,170.3,155.5,0.0,185.7,0.0,1026.6,724.3,7,0.10463158618083114,0
597,272.8,181.9,0.0,185.7,0.0,1012.4,714.3,28,0.36191138827329106,0
598,339.0,0.0,0.0,197.0,0.0,968.0,781.0,3,0.13570066484564242,0
599,339.0,0.0,0.0,197.0,0.0,968.0,781.0,7,0.23216341115635042,0
600,339.0,0.0,0.0,197.0,0.0,968.0,781.0,14,0.30783899397000464,0
601,339.0,0.0,0.0,197.0,0.0,968.0,781.0,28,0.37011458709134326,0
602,339.0,0.0,0.0,197.0,0.0,968.0,781.0,90,0.40911199299077455,0
603,339.0,0.0,0.0,197.0,0.0,968.0,781.0,180,0.4250030064079438,0
604,339.0,0.0,0.0,197.0,0.0,968.0,781.0,365,0.007289144760237232,1
605,236.0,0.0,0.0,194.0,0.0,968.0,885.0,3,-0.1471297606580363,1
606,236.0,0.0,0.0,194.0,0.0,968.0,885.0,14,0.1308904121355804,0
607,236.0,0.0,0.0,194.0,0.0,968.0,885.0,28,0.20038138432201208,0
608,236.0,0.0,0.0,194.0,0.0,968.0,885.0,90,0.24436083767115052,0
609,236.0,0.0,0.0,193.0,0.0,968.0,885.0,180,0.2712467144256043,0
610,236.0,0.0,0.0,193.0,0.0,968.0,885.0,365,0.28344414094040443,0
611,277.0,0.0,0.0,191.0,0.0,968.0,856.0,14,0.23585699805871946,0
612,277.0,0.0,0.0,191.0,0.0,968.0,856.0,28,0.29443900427768904,0
613,277.0,0.0,0.0,191.0,0.0,968.0,856.0,3,0.11250837499355769,0
614,277.0,0.0,0.0,191.0,0.0,968.0,856.0,90,0.36032228693157414,0
615,277.0,0.0,0.0,191.0,0.0,968.0,856.0,180,0.37372227662388974,0
616,277.0,0.0,0.0,191.0,0.0,968.0,856.0,360,0.3908158532185744,0
617,254.0,0.0,0.0,198.0,0.0,968.0,863.0,3,0.4254745710792315,1
618,254.0,0.0,0.0,198.0,0.0,968.0,863.0,90,0.3066364307924891,0
619,254.0,0.0,0.0,198.0,0.0,968.0,863.0,180,-0.12871388969657838,1
620,254.0,0.0,0.0,198.0,0.0,968.0,863.0,365,0.34202614715937396,0
621,307.0,0.0,0.0,193.0,0.0,968.0,812.0,180,0.40060815337834355,0
622,307.0,0.0,0.0,193.0,0.0,968.0,812.0,365,0.4213094195055747,0
623,307.0,0.0,0.0,193.0,0.0,968.0,812.0,3,0.12719682523321135,0
624,307.0,0.0,0.0,193.0,0.0,968.0,812.0,28,0.31393770722740466,0
625,307.0,0.0,0.0,193.0,0.0,968.0,812.0,90,0.3811094504286278,0
626,236.0,0.0,0.0,193.0,0.0,968.0,885.0,7,0.09541479839887301,0
627,200.0,0.0,0.0,180.0,0.0,1125.0,845.0,7,0.06861481901424175,0
628,200.0,0.0,0.0,180.0,0.0,1125.0,845.0,28,0.1235032383308423,0
629,225.0,0.0,0.0,181.0,0.0,1113.0,833.0,7,0.11010324863852668,0
630,225.0,0.0,0.0,181.0,0.0,1113.0,833.0,28,0.18698139462969637,0
631,325.0,0.0,0.0,184.0,0.0,1063.0,783.0,7,0.18947241835454998,0
632,325.0,0.0,0.0,184.0,0.0,1063.0,783.0,28,0.3518184473191431,0
633,275.0,0.0,0.0,183.0,0.0,1088.0,808.0,7,0.14789809136044252,0
634,275.0,0.0,0.0,183.0,0.0,1088.0,808.0,28,0.5611940918658758,1
635,300.0,0.0,0.0,184.0,0.0,1075.0,795.0,7,0.1649916679551272,0
636,300.0,0.0,0.0,184.0,0.0,1075.0,795.0,28,0.30543386761497365,0
637,375.0,0.0,0.0,186.0,0.0,1038.0,758.0,7,0.2956415674552045,0
638,375.0,0.0,0.0,186.0,0.0,1038.0,758.0,28,0.446992733082513,0
639,400.0,0.0,0.0,187.0,0.0,1025.0,745.0,28,0.5153670394612517,0
640,400.0,0.0,0.0,187.0,0.0,1025.0,745.0,7,0.34649281039014584,0
641,250.0,0.0,0.0,182.0,0.0,1100.0,820.0,7,0.12960195158824234,0
642,250.0,0.0,0.0,182.0,0.0,1100.0,820.0,28,0.23096084797883487,0
643,350.0,0.0,0.0,186.0,0.0,1050.0,770.0,7,0.22357367417409674,0
644,350.0,0.0,0.0,186.0,0.0,1050.0,770.0,28,0.12945037108955082,1
645,203.5,305.3,0.0,203.5,0.0,963.4,630.0,7,0.2143740658661032,0
646,250.2,166.8,0.0,203.5,0.0,977.6,694.1,90,0.5653936676458966,0
647,157.0,236.0,0.0,192.0,0.0,935.4,781.2,90,0.5113556322905393,0
648,141.3,212.0,0.0,203.5,0.0,971.8,748.5,28,0.34335755639162324,0
649,166.8,250.2,0.0,203.5,0.0,975.6,692.6,3,0.05694136645535913,0
650,122.6,183.9,0.0,203.5,0.0,958.2,800.1,90,0.3844680375886891,0
651,183.9,122.6,0.0,203.5,0.0,959.2,800.0,3,-0.3157128851890353,1
652,102.0,153.0,0.0,192.0,0.0,887.0,942.0,3,0.027822158085519418,0
653,102.0,153.0,0.0,192.0,0.0,887.0,942.0,90,0.2881513168066794,0
654,122.6,183.9,0.0,203.5,0.0,958.2,800.1,28,0.273574533147795,0
655,166.8,250.2,0.0,203.5,0.0,975.6,692.6,28,0.3938823893212389,0
656,200.0,133.0,0.0,192.0,0.0,965.4,806.2,3,0.11315260526722672,0
657,108.3,162.4,0.0,203.5,0.0,938.2,849.0,28,0.2275163634489512,0
658,305.3,203.5,0.0,203.5,0.0,965.4,631.0,7,0.2935456716315346,0
659,108.3,162.4,0.0,203.5,0.0,938.2,849.0,90,0.3351285883626243,0
660,116.0,173.0,0.0,192.0,0.0,909.8,891.9,90,0.35745331477950143,0
661,141.3,212.0,0.0,203.5,0.0,971.8,748.5,7,0.10043979453349137,0
662,157.0,236.0,0.0,192.0,0.0,935.4,781.2,28,0.39035200742153275,0
663,133.0,200.0,0.0,192.0,0.0,927.4,839.2,28,0.3182239859815492,0
664,250.2,166.8,0.0,203.5,0.0,977.6,694.1,7,0.21202047793296563,0
665,173.0,116.0,0.0,192.0,0.0,946.8,856.8,7,0.1128777336837946,0
666,192.0,288.0,0.0,192.0,0.0,929.8,716.1,3,0.5377114441358365,1
667,192.0,288.0,0.0,192.0,0.0,929.8,716.1,28,0.4608307993609236,0
668,153.0,102.0,0.0,192.0,0.0,888.0,943.1,3,0.030527925234929303,0
669,288.0,192.0,0.0,192.0,0.0,932.0,717.8,3,0.17164871411637372,0
670,305.3,203.5,0.0,203.5,0.0,965.4,631.0,28,0.5113556322905393,0
671,236.0,157.0,0.0,192.0,0.0,972.6,749.1,7,0.22530021130752975,0
672,173.0,116.0,0.0,192.0,0.0,946.8,856.8,3,0.057422391726365346,0
673,212.0,141.3,0.0,203.5,0.0,973.4,750.0,7,0.15820577573914685,0
674,236.0,157.0,0.0,192.0,0.0,972.6,749.1,3,0.139952584651858,0
675,183.9,122.6,0.0,203.5,0.0,959.2,800.0,90,0.3762562490336545,0
676,166.8,250.2,0.0,203.5,0.0,975.6,692.6,7,0.16714769193767282,0
677,102.0,153.0,0.0,192.0,0.0,887.0,942.0,7,0.06657905134944767,0
678,288.0,192.0,0.0,192.0,0.0,932.0,717.8,28,0.6684881882030016,1
679,212.0,141.3,0.0,203.5,0.0,973.4,750.0,28,0.38212303939253384,0
680,102.0,153.0,0.0,192.0,0.0,887.0,942.0,28,0.18617395935336456,0
681,173.0,116.0,0.0,192.0,0.0,946.8,856.8,28,0.27346286656702573,0
682,183.9,122.6,0.0,203.5,0.0,959.2,800.0,28,0.27052517651909497,0
683,133.0,200.0,0.0,192.0,0.0,927.4,839.2,90,0.42678108196327025,0
684,192.0,288.0,0.0,192.0,0.0,929.8,716.1,90,0.6029909464172207,0
685,133.0,200.0,0.0,192.0,0.0,927.4,839.2,7,0.1411809170403202,0
686,305.3,203.5,0.0,203.5,0.0,965.4,631.0,3,0.14715937397996876,0
687,236.0,157.0,0.0,192.0,0.0,972.6,749.1,90,0.46250927911645895,1
688,108.3,162.4,0.0,203.5,0.0,938.2,849.0,3,0.0,0
689,157.0,236.0,0.0,192.0,0.0,935.4,781.2,7,0.1813637066433026,0
690,288.0,192.0,0.0,192.0,0.0,932.0,717.8,7,0.26401415588654675,0
691,212.0,141.3,0.0,203.5,0.0,973.4,750.0,3,0.05577316222577265,0
692,212.0,141.3,0.0,203.5,0.0,973.4,750.0,90,0.4655465649641808,0
693,153.0,102.0,0.0,192.0,0.0,888.0,943.1,28,0.401851456988917,1
694,236.0,157.0,0.0,192.0,0.0,972.6,749.1,28,0.3806370148946039,0
695,116.0,173.0,0.0,192.0,0.0,909.8,891.9,28,0.24936865433180438,0
696,183.9,122.6,0.0,203.5,0.0,959.2,800.0,7,0.10534453435035816,0
697,108.3,162.4,0.0,203.5,0.0,938.2,849.0,7,0.06717174320122317,0
698,203.5,305.3,0.0,203.5,0.0,963.4,630.0,28,0.4902678279991066,0
699,203.5,305.3,0.0,203.5,0.0,963.4,630.0,3,0.09007198199591127,0
700,133.0,200.0,0.0,192.0,0.0,927.4,839.2,3,0.05670944355683828,0
701,288.0,192.0,0.0,192.0,0.0,932.0,717.8,90,0.6004312047965091,0
702,200.0,133.0,0.0,192.0,0.0,965.4,806.2,7,0.18480819117318625,0
703,200.0,133.0,0.0,192.0,0.0,965.4,806.2,28,0.3501778075555326,0
704,250.2,166.8,0.0,203.5,0.0,977.6,694.1,3,0.09218505729354566,0
705,122.6,183.9,0.0,203.5,0.0,958.2,800.1,3,0.012309093095569414,0
706,153.0,102.0,0.0,192.0,0.0,888.0,943.1,90,0.2988884880344964,0
707,200.0,133.0,0.0,192.0,0.0,965.4,806.2,90,0.5097837104227868,0
708,116.0,173.0,0.0,192.0,0.0,909.8,891.9,3,0.049193423697366345,0
709,173.0,116.0,0.0,192.0,0.0,946.8,856.8,90,0.3708962531567283,0
710,250.2,166.8,0.0,203.5,0.0,977.6,694.1,28,0.4314624886185985,0
711,305.3,203.5,0.0,203.5,0.0,965.4,631.0,90,0.6511621914136988,0
712,192.0,288.0,0.0,192.0,0.0,929.8,716.1,7,0.2385627652081293,0
713,157.0,236.0,0.0,192.0,0.0,935.4,781.2,3,0.09172980123348622,0
714,153.0,102.0,0.0,192.0,0.0,888.0,943.1,7,0.07528045491247055,0
715,141.3,212.0,0.0,203.5,0.0,971.8,748.5,90,0.013870289748540543,1
716,116.0,173.0,0.0,192.0,0.0,909.8,891.9,7,0.09665172052431752,0
717,141.3,212.0,0.0,203.5,0.0,971.8,748.5,3,0.031094847875758044,0
718,122.6,183.9,0.0,203.5,0.0,958.2,800.1,7,0.0999501795255029,0
719,166.8,250.2,0.0,203.5,0.0,975.6,692.6,90,0.6583214999250451,1
720,203.5,305.3,0.0,203.5,0.0,963.4,630.0,90,0.6170867048050988,0
721,310.0,0.0,0.0,192.0,0.0,1012.0,830.0,3,0.11860708825095774,0
722,310.0,0.0,0.0,192.0,0.0,1012.0,830.0,7,0.6467559776564005,1
723,310.0,0.0,0.0,192.0,0.0,1012.0,830.0,28,0.31763129412977376,0
724,310.0,0.0,0.0,192.0,0.0,1012.0,830.0,90,0.41649916679551274,0
725,310.0,0.0,0.0,192.0,0.0,1012.0,830.0,120,0.453091446339913,0
726,331.0,0.0,0.0,192.0,0.0,1025.0,821.0,3,0.14918655190778057,0
727,331.0,0.0,0.0,192.0,0.0,1025.0,821.0,7,0.18818395780721192,0
728,331.0,0.0,0.0,192.0,0.0,1025.0,821.0,28,0.3664210001889742,0
729,331.0,0.0,0.0,192.0,0.0,1025.0,821.0,90,0.44329914618014393,0
730,331.0,0.0,0.0,192.0,0.0,1025.0,821.0,120,0.46159528595234417,0
731,349.0,0.0,0.0,192.0,0.0,1056.0,809.0,3,0.16868525485749625,0
732,349.0,0.0,0.0,192.0,0.0,1056.0,809.0,7,0.08321737188407291,0
733,349.0,0.0,0.0,192.0,0.0,1056.0,809.0,28,0.38961329004105894,0
734,349.0,0.0,0.0,192.0,0.0,1056.0,809.0,90,0.1048021517588833,1
735,349.0,0.0,0.0,192.0,0.0,1056.0,809.0,120,0.4799773230943668,0
736,238.0,0.0,0.0,186.0,0.0,1119.0,789.0,7,0.12109811197581129,0
737,238.0,0.0,0.0,186.0,0.0,1119.0,789.0,28,0.18947241835454998,0
738,296.0,0.0,0.0,186.0,0.0,1090.0,769.0,7,0.2065659949492346,0
739,296.0,0.0,0.0,186.0,0.0,1090.0,769.0,28,0.28464670411791987,0
740,297.0,0.0,0.0,186.0,0.0,1040.0,734.0,7,0.3566287000292051,0
741,480.0,0.0,0.0,192.0,0.0,936.0,721.0,28,0.5177721658162827,0
742,480.0,0.0,0.0,192.0,0.0,936.0,721.0,90,0.6471336047690219,0
743,397.0,0.0,0.0,186.0,0.0,1040.0,734.0,28,0.4311017196653438,0
744,281.0,0.0,0.0,186.0,0.0,1104.0,774.0,7,0.15159167826281156,0
745,281.0,0.0,0.0,185.0,0.0,1104.0,774.0,28,0.2504595509285506,0
746,500.0,0.0,0.0,200.0,0.0,1125.0,613.0,1,0.12839938841072684,0
747,500.0,0.0,0.0,200.0,0.0,1125.0,613.0,3,0.2956415674552045,0
748,500.0,0.0,0.0,200.0,0.0,1125.0,613.0,7,0.5819160369194641,1
749,500.0,0.0,0.0,200.0,0.0,1125.0,613.0,14,0.4311017196653438,0
750,500.0,0.0,0.0,200.0,0.0,1125.0,613.0,28,0.5202631895411362,0
751,540.0,0.0,0.0,173.0,0.0,1125.0,613.0,7,0.6264323386417907,0
752,540.0,0.0,0.0,173.0,0.0,1125.0,613.0,14,0.7155079111477606,0
753,540.0,0.0,0.0,173.0,0.0,1125.0,613.0,28,0.809479633733615,0
754,540.0,0.0,0.0,173.0,0.0,1125.0,613.0,90,0.8387706368430997,0
755,540.0,0.0,0.0,173.0,0.0,1125.0,613.0,180,0.6716321584568808,1
756,540.0,0.0,0.0,173.0,0.0,1125.0,613.0,270,0.8949475167070383,0
757,350.0,0.0,0.0,203.0,0.0,974.0,775.0,7,0.19677369478946555,0
758,350.0,0.0,0.0,203.0,0.0,974.0,775.0,14,0.25166211410606604,0
759,350.0,0.0,0.0,203.0,0.0,974.0,775.0,28,-0.15372186880184435,1
760,350.0,0.0,0.0,203.0,0.0,974.0,775.0,56,0.344431273514405,0
761,350.0,0.0,0.0,203.0,0.0,974.0,775.0,90,0.36152485010908963,0
762,350.0,0.0,0.0,203.0,0.0,974.0,775.0,180,0.3786184267037743,0
763,385.0,0.0,0.0,186.0,0.0,966.0,763.0,1,0.04903021869470356,0
764,385.0,0.0,0.0,186.0,0.0,966.0,763.0,3,0.1540827019876651,0
765,385.0,0.0,0.0,186.0,0.0,966.0,763.0,7,0.26025185108831966,0
766,385.0,0.0,0.0,186.0,0.0,966.0,763.0,14,0.31883385730728925,0
767,385.0,0.0,0.0,186.0,0.0,966.0,763.0,28,0.36152485010908963,0
768,331.0,0.0,0.0,192.0,0.0,978.0,825.0,180,0.4567850332422821,0
769,331.0,0.0,0.0,192.0,0.0,978.0,825.0,360,0.4847875758044289,0
770,349.0,0.0,0.0,192.0,0.0,1047.0,806.0,3,0.15769039152021164,0
771,331.0,0.0,0.0,192.0,0.0,978.0,825.0,3,0.13939425174801146,0
772,382.0,0.0,0.0,186.0,0.0,1047.0,739.0,7,0.2699582538782662,0
773,382.0,0.0,0.0,186.0,0.0,1047.0,739.0,28,0.4372004329227439,0
774,382.0,0.0,0.0,186.0,0.0,1111.0,784.0,7,0.11379683554089572,0
775,281.0,0.0,0.0,186.0,0.0,1104.0,774.0,28,0.2504595509285506,0
776,339.0,0.0,0.0,185.0,0.0,1069.0,754.0,7,0.2345685375113814,0
777,339.0,0.0,0.0,185.0,0.0,1069.0,754.0,28,0.3676235633664897,0
778,295.0,0.0,0.0,185.0,0.0,1069.0,769.0,7,0.26307596211951356,1
779,295.0,0.0,0.0,185.0,0.0,1069.0,769.0,28,0.28464670411791987,0
780,238.0,0.0,0.0,185.0,0.0,1118.0,789.0,28,0.18947241835454998,0
781,296.0,0.0,0.0,192.0,0.0,1085.0,765.0,7,0.14789809136044252,0
782,296.0,0.0,0.0,192.0,0.0,1085.0,765.0,28,-0.1445123383588673,1
783,296.0,0.0,0.0,192.0,0.0,1085.0,765.0,90,0.33712999707948943,0
784,331.0,0.0,0.0,192.0,0.0,879.0,825.0,3,0.13939425174801146,0
785,331.0,0.0,0.0,192.0,0.0,978.0,825.0,7,0.17358140493738078,0
786,331.0,0.0,0.0,192.0,0.0,978.0,825.0,28,0.3627274132866052,0
787,331.0,0.0,0.0,192.0,0.0,978.0,825.0,90,0.43479530656771287,0
788,349.0,0.0,0.0,192.0,0.0,1047.0,806.0,7,0.19677369478946555,0
789,349.0,0.0,0.0,192.0,0.0,1047.0,806.0,28,0.3786184267037743,0
790,349.0,0.0,0.0,192.0,0.0,1047.0,806.0,90,0.4628837464996821,0
791,349.0,0.0,0.0,192.0,0.0,1047.0,806.0,180,0.4823824494493979,0
792,349.0,0.0,0.0,192.0,0.0,1047.0,806.0,360,0.6828627985073835,1
793,302.0,0.0,0.0,203.0,0.0,974.0,817.0,14,0.19677369478946555,0
794,302.0,0.0,0.0,203.0,0.0,974.0,817.0,180,0.3041454070676356,0
795,525.0,0.0,0.0,189.0,0.0,1125.0,613.0,180,0.7423937879022144,0
796,500.0,0.0,0.0,200.0,0.0,1125.0,613.0,90,0.5592605954405676,0
797,500.0,0.0,0.0,200.0,0.0,1125.0,613.0,180,0.6068477383222526,0
798,500.0,0.0,0.0,200.0,0.0,1125.0,613.0,270,0.6581284681063067,0
799,540.0,0.0,0.0,173.0,0.0,1125.0,613.0,3,0.4896837258843134,0
800,252.0,0.0,0.0,185.0,0.0,1111.0,784.0,7,0.1417993781030425,0
801,252.0,0.0,0.0,185.0,0.0,1111.0,784.0,28,0.21627239773918122,0
802,339.0,0.0,0.0,185.0,0.0,1060.0,754.0,28,0.3652184370114587,0
803,393.0,0.0,0.0,192.0,0.0,940.0,758.0,3,0.20897112130426565,0
804,393.0,0.0,0.0,192.0,0.0,940.0,758.0,28,0.4640863096771976,0
805,393.0,0.0,0.0,192.0,0.0,940.0,758.0,90,0.5788451957601057,0
806,382.0,0.0,0.0,185.0,0.0,1047.0,739.0,7,0.2699582538782662,0
807,382.0,0.0,0.0,185.0,0.0,1047.0,739.0,28,0.4372004329227439,0
808,252.0,0.0,0.0,186.0,0.0,1111.0,784.0,7,0.11379683554089572,0
809,252.0,0.0,0.0,185.0,0.0,1111.0,784.0,28,0.21627239773918122,0
810,310.0,0.0,0.0,192.0,0.0,970.0,850.0,7,0.15769039152021164,0
811,310.0,0.0,0.0,192.0,0.0,970.0,850.0,28,0.31883385730728925,0
812,310.0,0.0,0.0,192.0,0.0,970.0,850.0,90,0.4030132797333745,0
813,310.0,0.0,0.0,192.0,0.0,970.0,850.0,180,0.4359978697452284,0
814,310.0,0.0,0.0,192.0,0.0,970.0,850.0,360,0.4457901699049975,0
815,525.0,0.0,0.0,189.0,0.0,1125.0,613.0,3,0.39201841639609,0
816,525.0,0.0,0.0,189.0,0.0,1125.0,613.0,7,0.4994760260440825,0
817,525.0,0.0,0.0,189.0,0.0,1125.0,613.0,14,0.5739490456802213,0
818,525.0,0.0,0.0,189.0,0.0,1125.0,613.0,28,0.6679207682660756,0
819,525.0,0.0,0.0,189.0,0.0,1125.0,613.0,90,0.7033104846329605,0
820,525.0,0.0,0.0,189.0,0.0,1125.0,613.0,270,0.8070745073785839,0
821,322.0,0.0,0.0,203.0,0.0,974.0,800.0,14,0.22975828480131938,0
822,322.0,0.0,0.0,203.0,0.0,974.0,800.0,28,0.28464670411791987,0
823,322.0,0.0,0.0,203.0,0.0,974.0,800.0,180,0.3395351234345204,0
824,302.0,0.0,0.0,203.0,0.0,974.0,817.0,28,0.24195571131611948,0
825,397.0,0.0,0.0,185.0,0.0,1040.0,734.0,28,0.4579875964197977,0
826,480.0,0.0,0.0,192.0,0.0,936.0,721.0,3,0.7263431550874244,1
827,522.0,0.0,0.0,146.0,0.0,896.0,896.0,7,0.9678247521644296,1
828,522.0,0.0,0.0,146.0,0.0,896.0,896.0,28,0.9051693037159199,0
829,273.0,105.0,82.0,210.0,9.0,904.0,680.0,28,0.27288652281945613,1
830,162.0,190.0,148.0,179.0,19.0,838.0,741.0,28,0.3915030321771547,0
831,154.0,144.0,112.0,220.0,10.0,923.0,658.0,28,0.17650191551134703,0
832,147.0,115.0,89.0,202.0,9.0,860.0,829.0,28,0.21996598464155026,0
833,152.0,178.0,139.0,168.0,18.0,944.0,695.0,28,0.42380044323042826,0
834,310.0,143.0,111.0,168.0,22.0,914.0,651.0,28,0.39064405847892936,0
835,144.0,0.0,175.0,158.0,18.0,943.0,844.0,28,0.16301602844920887,0
836,304.0,140.0,0.0,214.0,6.0,895.0,722.0,28,0.38729406105585046,0
837,374.0,0.0,0.0,190.0,7.0,1013.0,730.0,28,0.45747221220086237,0
838,159.0,149.0,116.0,175.0,15.0,953.0,720.0,28,0.3157415519936779,0
839,153.0,239.0,0.0,200.0,6.0,1002.0,684.0,28,0.30551976498479616,0
840,310.0,143.0,0.0,168.0,10.0,914.0,804.0,28,0.53529522926008,0
841,305.0,0.0,100.0,196.0,10.0,959.0,705.0,28,0.34623511828067827,0
842,151.0,0.0,184.0,167.0,12.0,991.0,772.0,28,0.1649057705853047,0
843,142.0,167.0,130.0,174.0,11.0,883.0,785.0,28,0.5267054922778265,0
844,298.0,137.0,107.0,201.0,6.0,878.0,655.0,28,0.6377707914583655,0
845,321.0,164.0,0.0,190.0,5.0,870.0,774.0,28,0.6837258843134223,0
846,366.0,187.0,0.0,191.0,7.0,824.0,757.0,28,0.7920424676596401,0
847,280.0,129.0,100.0,172.0,9.0,825.0,805.0,28,0.6290092597364668,0
848,252.0,97.0,76.0,194.0,8.0,835.0,821.0,28,0.3870363689463829,0
849,165.0,0.0,150.0,182.0,12.0,1023.0,729.0,28,0.19557113161195,0
850,156.0,243.0,0.0,180.0,11.0,1022.0,698.0,28,0.12191305503020333,1
851,160.0,188.0,146.0,203.0,11.0,829.0,710.0,28,0.3800786819907574,0
852,298.0,0.0,107.0,186.0,6.0,879.0,815.0,28,0.502138844508581,0
853,318.0,0.0,126.0,210.0,6.0,861.0,737.0,28,0.4700132281949528,0
854,287.0,121.0,94.0,188.0,9.0,904.0,696.0,28,0.49346321015650507,0
855,326.0,166.0,0.0,174.0,9.0,882.0,790.0,28,1.0967533167089698,1
856,356.0,0.0,142.0,193.0,11.0,801.0,778.0,28,0.48006322046418937,0
857,132.0,207.0,161.0,179.0,5.0,867.0,736.0,28,0.3858338057688674,0
858,322.0,149.0,0.0,186.0,8.0,951.0,709.0,28,0.6240272122867597,0
859,164.0,0.0,200.0,181.0,13.0,849.0,846.0,28,0.15889295469772713,0
860,314.0,0.0,113.0,170.0,10.0,925.0,783.0,28,0.4500850383961243,0
861,321.0,0.0,128.0,182.0,11.0,870.0,780.0,28,0.435138896047003,0
862,140.0,164.0,128.0,237.0,6.0,869.0,656.0,28,0.40979917194935495,0
863,288.0,121.0,0.0,177.0,7.0,908.0,829.0,28,0.49586833651153595,0
864,298.0,0.0,107.0,210.0,11.0,880.0,744.0,28,0.3680530502156024,0
865,265.0,111.0,86.0,195.0,6.0,833.0,790.0,28,0.48848116270679787,0
866,160.0,250.0,0.0,168.0,12.0,1049.0,688.0,28,0.4624542596505694,0
867,166.0,260.0,0.0,183.0,13.0,859.0,827.0,28,0.44329914618014393,0
868,276.0,116.0,90.0,180.0,9.0,870.0,768.0,28,0.3941851841227316,1
869,322.0,0.0,116.0,196.0,10.0,818.0,813.0,28,0.35937741586352623,0
870,149.0,139.0,109.0,193.0,6.0,892.0,780.0,28,0.2660928722362521,0
871,159.0,187.0,0.0,176.0,11.0,990.0,789.0,28,0.3791338109227095,0
872,261.0,100.0,78.0,201.0,9.0,864.0,761.0,28,0.3745812503221151,0
873,237.0,92.0,71.0,247.0,6.0,853.0,695.0,28,0.32759538902918794,0
874,313.0,0.0,113.0,178.0,8.0,1002.0,689.0,28,0.4294696696387156,0
875,155.0,183.0,0.0,193.0,9.0,1047.0,697.0,28,0.19874933429538388,0
876,146.0,230.0,0.0,202.0,3.0,827.0,872.0,28,0.2627704629194971,1
877,296.0,0.0,107.0,221.0,11.0,819.0,778.0,28,0.36238382380731504,0
878,133.0,210.0,0.0,196.0,3.0,949.0,795.0,28,0.35748767372743046,0
879,313.0,145.0,0.0,178.0,8.0,867.0,824.0,28,0.5239567764435052,0
880,152.0,0.0,112.0,184.0,8.0,992.0,816.0,28,0.12264426463261695,0
881,153.0,145.0,113.0,178.0,8.0,1002.0,689.0,28,0.2893710594581594,0
882,140.0,133.0,103.0,200.0,7.0,916.0,753.0,28,0.42491710903812124,0
883,149.0,236.0,0.0,176.0,13.0,847.0,893.0,28,0.261303605467788,1
884,300.0,0.0,120.0,212.0,10.0,878.0,728.0,28,0.2678967170025254,0
885,153.0,145.0,113.0,178.0,8.0,867.0,824.0,28,0.2977031043309454,0
886,148.0,0.0,137.0,158.0,16.0,1002.0,830.0,28,0.19462626054390214,0
887,326.0,0.0,138.0,199.0,11.0,801.0,792.0,28,0.47774399147898094,0
888,153.0,145.0,0.0,178.0,8.0,1000.0,822.0,28,0.08501672623527634,1
889,262.0,111.0,86.0,195.0,5.0,895.0,733.0,28,0.39098764795821944,0
890,158.0,0.0,195.0,220.0,11.0,898.0,713.0,28,0.07729045336631792,0
891,151.0,0.0,185.0,167.0,16.0,1074.0,678.0,28,-0.17713043662824168,1
892,273.0,0.0,90.0,199.0,11.0,931.0,762.0,28,0.37260561081619675,0
893,149.0,118.0,92.0,183.0,7.0,953.0,780.0,28,0.2639454379906887,0
894,143.0,169.0,143.0,191.0,8.0,967.0,643.0,28,0.3412530708309711,0
895,260.0,101.0,78.0,171.0,10.0,936.0,763.0,28,0.5910426222749059,0
896,313.0,161.0,0.0,178.0,10.0,917.0,759.0,28,0.6242849043962273,0
897,284.0,120.0,0.0,168.0,7.0,970.0,794.0,28,0.48092219416241466,0
898,336.0,0.0,0.0,182.0,3.0,986.0,817.0,28,0.5298836949612603,0
899,145.0,0.0,134.0,181.0,11.0,979.0,812.0,28,0.13535707536635228,0
900,150.0,237.0,0.0,174.0,12.0,1069.0,675.0,28,0.43728633029256647,0
901,144.0,170.0,133.0,192.0,8.0,814.0,805.0,28,0.3430569155972444,0
902,331.0,170.0,0.0,195.0,8.0,811.0,802.0,28,0.6762528131388617,0
903,155.0,0.0,143.0,193.0,9.0,1047.0,697.0,28,0.12616605679534093,0
904,155.0,183.0,0.0,193.0,9.0,877.0,868.0,28,0.26729543541376766,0
905,135.0,0.0,166.0,180.0,10.0,961.0,805.0,28,0.13655963854386777,0
906,266.0,112.0,87.0,178.0,10.0,910.0,745.0,28,0.4620247728014568,0
907,314.0,145.0,113.0,179.0,8.0,869.0,690.0,28,0.26963907616473953,1
908,313.0,145.0,0.0,127.0,8.0,1000.0,822.0,28,0.5255888264701335,0
909,146.0,173.0,0.0,182.0,3.0,986.0,817.0,28,0.2666941538250099,0
910,144.0,136.0,106.0,178.0,7.0,941.0,774.0,28,0.29667233589307496,0
911,148.0,0.0,182.0,181.0,15.0,839.0,884.0,28,0.16430448899654693,0
912,277.0,117.0,91.0,191.0,7.0,946.0,666.0,28,0.513820886804446,0
913,298.0,0.0,107.0,164.0,13.0,953.0,784.0,28,0.4177017299730282,0
914,313.0,145.0,0.0,178.0,8.0,1002.0,689.0,28,0.6674330670710542,1
915,155.0,184.0,143.0,194.0,9.0,880.0,699.0,28,0.3320620522599598,0
916,289.0,134.0,0.0,195.0,6.0,924.0,760.0,28,0.5470631689257675,0
917,148.0,175.0,0.0,171.0,2.0,1000.0,828.0,28,0.30629284131319895,0
918,145.0,0.0,179.0,202.0,8.0,824.0,869.0,28,0.10220069061485336,0
919,313.0,0.0,0.0,178.0,8.0,1000.0,822.0,28,0.2836159356800495,0
920,136.0,162.0,126.0,172.0,10.0,923.0,764.0,28,0.33309282069783025,0
921,155.0,0.0,143.0,193.0,9.0,877.0,868.0,28,0.0922365957154392,0
922,255.0,99.0,77.0,189.0,6.0,919.0,749.0,28,0.39201841639609,0
923,162.0,207.0,172.0,216.0,10.0,822.0,638.0,28,0.46735040973045405,0
924,136.0,196.0,98.0,199.0,6.0,847.0,783.0,28,0.3068941229019567,0
925,164.0,163.0,128.0,197.0,8.0,961.0,641.0,28,0.3102441203250357,0
926,162.0,214.0,164.0,202.0,10.0,820.0,680.0,28,0.35276331838719094,0
927,157.0,214.0,152.0,200.0,9.0,819.0,704.0,28,0.382741500455256,0
928,149.0,153.0,194.0,192.0,8.0,935.0,623.0,28,0.2771736329433592,0
929,135.0,105.0,193.0,196.0,6.0,965.0,643.0,28,0.24393135082203782,0
930,159.0,209.0,161.0,201.0,7.0,848.0,669.0,28,0.3556838289611572,0
931,144.0,15.0,195.0,176.0,6.0,1021.0,709.0,28,0.16207115738116096,0
932,154.0,174.0,185.0,228.0,7.0,845.0,612.0,28,0.2741672249995705,0
933,167.0,187.0,195.0,185.0,7.0,898.0,636.0,28,0.26858389596110566,0
934,184.0,86.0,190.0,213.0,6.0,923.0,623.0,28,0.25664416155577313,0
935,156.0,178.0,187.0,221.0,7.0,854.0,614.0,28,0.337387689188957,0
936,236.9,91.7,71.5,246.9,6.0,852.9,695.4,28,0.3276297479771169,0
937,313.3,0.0,113.0,178.5,8.0,1001.9,688.7,28,0.42947825937569795,0
938,154.8,183.4,0.0,193.3,9.1,1047.4,696.7,28,0.19878369324331285,0
939,145.9,230.5,0.0,202.5,3.4,827.0,871.8,28,0.37859265749282756,0
940,296.0,0.0,106.7,221.4,10.5,819.2,778.4,28,0.3623924135442973,0
941,133.1,210.2,0.0,195.7,3.1,949.4,795.3,28,0.33146936040818425,0
942,313.3,145.0,0.0,178.5,8.0,867.2,824.0,28,0.48081052758164544,0
943,151.6,0.0,111.9,184.4,7.9,992.0,815.9,28,0.12270439279149271,0
944,153.1,145.0,113.0,178.5,8.0,1001.9,688.7,28,0.28937964919514164,0
945,139.9,132.6,103.3,200.3,7.4,916.0,753.4,28,0.711787104411667,1
946,149.5,236.0,0.0,175.8,12.6,846.8,892.7,28,0.381624834647563,0
947,299.8,0.0,119.8,211.5,9.9,878.2,727.6,28,0.26790530673950763,0
948,153.1,145.0,113.0,178.5,8.0,867.2,824.0,28,0.29777182222680343,0
949,148.1,0.0,136.6,158.1,16.1,1001.8,830.1,28,0.19469497843976025,0
950,326.5,0.0,137.9,199.0,10.8,801.1,792.5,28,0.45222388290470544,0
951,152.7,144.7,0.0,178.1,8.0,999.7,822.2,28,0.20777714786373236,0
952,261.9,110.5,86.1,195.4,5.0,895.2,732.6,28,0.3910305966431308,0
953,158.4,0.0,194.9,219.7,11.0,897.7,712.9,28,0.07729904310330017,0
954,150.7,0.0,185.3,166.7,15.6,1074.5,678.0,28,0.13865553436753764,0
955,272.6,0.0,89.6,198.7,10.6,931.3,762.2,28,0.37267432871205486,0
956,149.0,117.6,91.7,182.9,7.1,953.4,780.3,28,0.264022745623529,0
957,143.0,169.4,142.7,190.7,8.4,967.4,643.5,28,0.3412874297789001,0
958,259.9,100.6,78.4,170.6,10.4,935.7,762.9,28,0.5910426222749059,0
959,312.9,160.5,0.0,177.6,9.6,916.6,759.5,28,0.6243450325551031,0
960,284.0,119.7,0.0,168.3,7.2,970.4,794.2,28,0.48093078389939703,0
961,336.5,0.0,0.0,181.9,3.4,985.8,816.8,28,0.5299352333831538,0
962,144.8,0.0,133.6,180.8,11.1,979.5,811.5,28,0.13542579326221027,0
963,150.0,236.8,0.0,173.8,11.9,1069.3,674.8,28,0.43728633029256647,0
964,143.7,170.2,132.6,191.6,8.5,814.1,805.3,28,0.3430912745451735,0
965,330.5,169.6,0.0,194.9,8.1,811.0,802.3,28,0.6763301207717018,0
966,154.8,0.0,142.8,193.3,9.1,1047.4,696.7,28,0.1261746465323232,0
967,154.8,183.4,0.0,193.3,9.1,877.2,867.7,28,0.26729543541376766,0
968,134.7,0.0,165.7,180.2,10.0,961.0,804.9,28,0.13656822828085002,0
969,266.2,112.3,87.5,177.9,10.4,909.7,744.5,28,0.4620763112233503,0
970,314.0,145.3,113.2,178.9,8.0,869.1,690.2,28,0.5469515023449981,0
971,312.7,144.7,0.0,127.3,8.0,999.7,822.2,28,0.525640364892027,0
972,145.7,172.6,0.0,181.9,3.4,985.8,816.8,28,0.26676287172086793,0
973,143.8,136.3,106.2,178.1,7.5,941.5,774.3,28,0.296706694841004,0
974,148.1,0.0,182.1,181.4,15.0,838.9,884.3,28,0.16438179662938718,0
975,277.0,116.8,91.0,190.6,7.0,946.5,665.6,28,0.5138638354893573,0
976,298.1,0.0,107.5,163.6,12.8,953.2,784.0,28,0.41777903760586843,0
977,313.3,145.0,0.0,178.5,8.0,1001.9,688.7,28,0.48240821866034467,0
978,155.2,183.9,143.2,193.8,9.2,879.6,698.5,28,-0.0058832724241932866,1
979,289.0,133.7,0.0,194.9,5.5,924.1,760.1,28,0.547114707347661,0
980,147.8,175.1,0.0,171.2,2.2,1000.0,828.5,28,0.306361559209057,0
981,145.4,0.0,178.9,201.7,7.8,824.0,868.7,28,0.5879544427548178,1
982,312.7,0.0,0.0,178.1,8.0,999.7,822.2,28,0.283701833049872,0
983,136.4,161.6,125.8,171.6,10.4,922.6,764.4,28,0.333152948856706,0
984,154.8,0.0,142.8,193.3,9.1,877.2,867.7,28,0.0922709546633682,0
985,255.3,98.8,77.0,188.6,6.5,919.0,749.3,28,0.3920270061330722,0
986,272.8,105.1,81.8,209.7,9.0,904.0,679.7,28,0.17252918918596355,1
987,162.0,190.1,148.1,178.8,18.8,838.1,741.4,28,0.3915717500730128,0
988,153.6,144.2,112.3,220.1,10.1,923.2,657.9,28,0.17656204367022282,0
989,146.5,114.6,89.3,201.9,8.8,860.0,829.5,28,0.21996598464155026,0
990,151.8,178.1,138.7,167.5,18.3,944.0,694.6,28,0.4238090329674105,0
991,309.9,142.8,111.2,167.8,22.1,913.9,651.2,28,0.44705286124138877,0
992,143.6,0.0,174.9,158.4,17.9,942.7,844.5,28,0.16310192581903143,0
993,303.6,139.9,0.0,213.5,6.2,895.5,722.5,28,0.3873026507928327,0
994,374.3,0.0,0.0,190.2,6.7,1013.2,730.4,28,0.4575237506227559,0
995,158.6,148.9,116.0,175.1,15.0,953.3,719.7,28,0.315810269889536,0
996,152.6,238.7,0.0,200.0,6.3,1001.8,683.9,28,0.15422330734376682,1
997,310.0,142.8,0.0,167.9,10.0,914.3,804.0,28,0.5353725368929203,0
998,304.8,0.0,99.6,196.0,9.8,959.4,705.2,28,0.34623511828067827,0
999,150.9,0.0,183.9,166.6,11.6,991.2,772.2,28,0.16492295005926916,0
1000,141.9,166.6,129.7,173.5,10.9,882.6,785.3,28,0.5267398512257554,0
1001,297.8,137.2,106.9,201.3,6.0,878.4,655.3,28,0.6377793811953478,0
1002,321.3,164.2,0.0,190.5,4.6,870.0,774.0,28,0.6837946022092802,0
1003,366.0,187.0,0.0,191.3,6.6,824.3,756.9,28,0.7920682368705869,0
1004,279.8,128.9,100.4,172.4,9.5,825.1,804.9,28,0.629086567369307,0
1005,252.1,97.1,75.6,193.8,8.3,835.5,821.4,28,0.38705354842034734,0
1006,164.6,0.0,150.4,181.6,11.7,1023.3,728.9,28,0.19562267003384354,0
1007,155.6,243.5,0.0,180.3,10.7,1022.0,697.7,28,0.4364359463313233,0
1008,160.2,188.0,146.4,203.2,11.3,828.7,709.7,28,0.4109072480200657,0
1009,298.1,0.0,107.0,186.4,6.1,879.0,815.2,28,0.5022247418784036,0
1010,317.9,0.0,126.5,209.7,5.7,860.5,736.6,28,0.7711963300476694,1
1011,287.3,120.5,93.9,187.6,9.2,904.4,695.9,28,0.5166039615866961,0
1012,325.6,166.4,0.0,174.0,8.9,881.6,790.0,28,0.7338469996048721,0
1013,355.9,0.0,141.6,193.3,11.0,801.4,778.4,28,0.48010616914910065,0
1014,132.0,206.5,160.9,178.9,5.5,866.9,735.6,28,0.38589393392774307,0
1015,322.5,148.6,0.0,185.8,8.5,951.0,709.5,28,0.48983454935546633,1
1016,164.2,0.0,200.1,181.2,12.6,849.3,846.0,28,0.15896167259358518,0
1017,313.8,0.0,112.6,169.9,10.1,925.3,782.9,28,0.45011080760707106,0
1018,321.4,0.0,127.9,182.5,11.5,870.1,779.7,28,0.5984793054177113,1
1019,139.7,163.9,127.7,236.7,5.8,868.6,655.6,28,0.40979917194935495,0
1020,288.4,121.0,0.0,177.4,7.0,907.9,829.5,28,0.49594564414437614,0
1021,298.2,0.0,107.0,209.7,11.1,879.6,744.2,28,0.3680616399525847,0
1022,264.5,111.0,86.5,195.5,5.9,832.6,790.4,28,0.763738375746564,1
1023,159.8,250.0,0.0,168.4,12.2,1049.3,688.2,28,0.462505798072463,0
1024,166.0,259.7,0.0,183.2,12.7,858.8,826.8,28,0.443333505128073,0
1025,276.4,116.0,90.3,179.6,8.9,870.1,768.3,28,0.5226597261591849,0
1026,322.2,0.0,115.6,196.0,10.4,817.9,813.4,28,0.3593860056005085,0
1027,148.5,139.4,108.6,192.7,6.1,892.4,780.0,28,0.2661701798690924,0
1028,159.1,186.7,0.0,175.6,11.3,989.6,788.9,28,0.37918534934460313,0
1029,260.9,100.5,78.3,200.6,8.6,864.5,761.5,28,0.3746156092700441,0
