,X,Y,month,day,FFMC,DMC,DC,ISI,temp,RH,wind,rain,area,ground_truth
0,7,5,2,4,0.870967741935484,0.0864920744314266,0.10132520229858098,0.09090909090909091,0.19292604501607719,0.4235294117647059,0.7000000000000001,0.0,0.0,0
1,7,4,9,1,0.927741935483871,0.11819434872501723,0.7754192564794183,0.11942959001782533,0.5080385852090032,0.21176470588235297,0.055555555555555546,0.0,0.0,0
2,7,4,9,5,0.927741935483871,0.14679531357684358,0.7962941245455611,0.11942959001782533,0.39871382636655955,0.21176470588235297,0.09999999999999998,0.0,0.0,0
3,8,6,2,4,0.9419354838709679,0.11095796002756719,0.08162307962941247,0.16042780748663102,0.1961414790996785,0.9647058823529411,0.39999999999999997,0.03125,0.0,0
4,8,6,2,6,0.9109677419354838,0.1729841488628532,0.1105898909346781,0.1711229946524064,0.29581993569131837,0.9882352941176471,0.15555555555555553,0.0,0.0,0
5,8,6,7,6,0.9496774193548387,0.290144727773949,0.5630350650873696,0.2620320855614973,0.6430868167202572,0.1647058823529412,0.5555555555555556,0.0,0.0,0
6,8,6,7,0,0.9496774193548387,0.3025499655410062,0.5719479301043744,0.15151515151515152,0.7041800643086817,0.1411764705882353,0.3,0.0,0.0,0
7,8,6,7,0,0.5225230929644918,0.08041153475102386,0.2871673160584969,-0.22610090795552434,-0.23033656889631104,0.4184623719018731,-0.21683174574518566,-0.41683174574518567,-0.41683174574518567,1
8,8,6,8,1,0.9329032258064516,0.44245348035837356,0.8029787733083148,0.12477718360071302,0.35048231511254024,0.5647058823529412,0.5555555555555556,0.0,0.0,0
9,7,5,8,5,0.9522580645161292,0.2994486560992419,0.8100152456901607,0.1265597147950089,0.662379421221865,0.29411764705882354,0.39999999999999997,0.0,0.0,0
10,7,5,8,5,0.9522580645161292,0.2994486560992419,0.8100152456901607,0.1265597147950089,0.5016077170418007,0.4235294117647059,0.7555555555555555,0.0,0.0,0
11,7,5,8,5,0.9561290322580644,0.24844934527911788,0.8269027794065908,0.4028520499108735,0.54983922829582,0.27058823529411763,0.39999999999999997,0.0,0.0,0
12,6,5,7,4,0.5780645161290323,0.24017918676774638,0.7709628239709159,0.014260249554367202,0.47588424437299043,0.6705882352941177,0.7000000000000001,0.0,0.0,0
13,6,5,8,0,0.9316129032258067,0.4321157822191592,0.7958250263867714,0.12477718360071302,0.6141479099678457,0.31764705882352945,0.2,0.0,0.0,0
14,6,5,8,2,0.9574193548387098,0.4555478980013784,0.811187991087135,0.1639928698752228,0.7781350482315113,0.07058823529411767,0.45555555555555555,0.0,0.0,0
15,6,5,8,4,0.9625806451612904,0.4827705031013094,0.8279582502638677,0.24777183600713015,0.6655948553054662,0.34117647058823525,0.5555555555555556,0.0,0.0,0
16,5,5,2,5,0.9419354838709679,0.11957270847691247,0.0854931394394277,0.13903743315508021,0.414790996784566,0.1411764705882353,0.5555555555555556,0.0,0.0,0
17,8,5,9,0,0.8541935483870968,0.10923501033769814,0.7696728040342442,0.05347593582887701,0.46623794212218655,0.37647058823529417,0.5000000000000001,0.0,0.0,0
18,6,4,2,2,0.9096774193548389,0.0923501033769814,0.07376568546968454,0.11229946524064172,0.4405144694533763,0.23529411764705882,0.39999999999999997,0.0,0.0,0
19,6,4,3,5,0.8722580645161291,0.09062715368711234,0.10460888941010907,0.09090909090909091,0.22829581993569137,0.34117647058823525,0.45555555555555555,0.0,0.0,0
20,6,4,8,1,0.9329032258064516,0.44245348035837356,0.8029787733083148,0.12477718360071302,0.5176848874598072,0.29411764705882354,0.25555555555555554,0.0,0.0,0
21,5,4,8,0,0.943225806451613,0.26671261199172985,0.8401548023924006,0.1639928698752228,0.5434083601286175,0.27058823529411763,0.25555555555555554,0.0,0.0,0
22,7,4,5,6,0.975483870967742,0.3280496209510682,0.22528439075876627,1.0,0.604501607717042,0.34117647058823525,0.45555555555555555,0.0,0.0,0
23,7,4,7,5,0.9225806451612903,0.3783597518952447,0.6209686876979008,0.11051693404634581,0.5562700964630225,0.32941176470588235,0.6,0.0,0.0,0
24,7,4,7,5,0.9651612903225808,0.47656788421778085,0.6875806262460421,0.36185383244206776,0.6913183279742765,0.2,0.6,0.0,0.0,0
25,7,4,7,6,0.9380645161290324,0.4869055823569952,0.6960243931042571,0.1889483065953654,0.45337620578778143,0.5294117647058822,0.5555555555555556,0.0,0.0,0
26,7,4,8,4,0.6073153396686888,0.05882864528661619,0.4304768342759513,-0.12618359656269545,0.19654052377822095,-0.12012299050208936,0.2563475977332047,-0.3436524022667953,-0.3436524022667953,1
27,7,4,8,0,0.9316129032258067,0.4321157822191592,0.7958250263867714,0.12477718360071302,0.5530546623794212,0.38823529411764707,0.09999999999999998,0.0,0.0,0
28,6,3,8,5,1.362676492402839,0.8960488051571127,1.2355593654020782,0.5431905513988711,1.2991270680692635,0.5046878776020796,0.6543610802164587,0.39880552466090313,0.39880552466090313,1
29,6,3,8,6,0.9651612903225808,0.5106822880771882,0.8451976075993902,0.1443850267379679,0.662379421221865,0.2823529411764706,0.3555555555555555,0.0,0.0,0
30,6,3,8,4,0.975483870967742,0.2894555478980014,0.8026269496892224,0.28342245989304815,0.7459807073954985,0.10588235294117648,0.3555555555555555,0.0,0.0,0
31,6,3,8,0,1.0869861014926239,0.49759369136390297,1.0083178862976268,0.31161033241666514,0.474439685145772,0.9262270882098915,0.9850506176216562,0.18505061762165625,0.18505061762165625,1
32,6,3,8,4,0.9019354838709677,0.23638869745003446,0.81963175794535,0.10338680926916222,0.5916398713826367,0.25882352941176473,0.15555555555555553,0.0,0.0,0
33,6,3,8,6,0.4766810341967499,-0.20853494588372873,0.36786388033633666,-0.3262170165191378,0.0331378332839814,-0.18290150849774744,-0.10969889411866252,-0.46525444967421803,-0.46525444967421803,1
34,6,3,8,0,0.943225806451613,0.26671261199172985,0.8401548023924006,0.1639928698752228,0.6109324758842445,0.2,0.25555555555555554,0.0,0.0,0
35,6,3,8,1,0.9238709677419354,0.2742935906271537,0.8470740002345492,0.11229946524064172,0.5144694533762058,0.5529411764705883,0.45555555555555555,0.0,0.0,0
36,6,3,9,1,0.927741935483871,0.11819434872501723,0.7754192564794183,0.11942959001782533,0.627009646302251,0.10588235294117648,0.45555555555555555,0.0,0.0,0
37,7,4,9,4,0.9200000000000002,0.13921433494141972,0.7912513193385716,0.1550802139037433,0.2926045016077171,0.5294117647058822,0.5555555555555556,0.0,0.0,0
38,7,3,9,5,0.927741935483871,0.14679531357684358,0.7962941245455611,0.11942959001782533,0.5016077170418007,0.1411764705882353,0.39999999999999997,0.0,0.0,0
39,4,4,2,1,0.895483870967742,0.08476912474155755,0.07001290019936672,0.0677361853832442,0.3826366559485531,0.32941176470588235,0.25555555555555554,0.0,0.0,0
40,4,4,6,1,0.7845161290322582,0.20503101309441765,0.4207810484343849,0.026737967914438505,0.6784565916398715,0.25882352941176473,0.3,0.0,0.0,0
41,4,4,7,5,0.9225806451612903,0.3301171605789111,0.7227629881552716,0.15864527629233513,0.5209003215434085,0.31764705882352945,0.7000000000000001,0.0,0.0,0
42,4,4,7,1,0.9819354838709677,0.3694004135079256,0.7496188577459835,0.30303030303030304,0.4630225080385853,0.4588235294117647,0.5555555555555556,0.0,0.0,0
43,4,4,8,5,0.9522580645161292,0.2994486560992419,0.8100152456901607,0.1265597147950089,0.559485530546624,0.38823529411764707,0.25555555555555554,0.0,0.0,0
44,4,4,8,2,0.9212903225806452,0.28187456926257753,0.8535240999179079,0.11051693404634581,0.3440514469453377,0.6941176470588235,0.5000000000000001,0.0,0.0,0
45,5,6,8,2,0.5272764430330352,-0.15875188003670543,0.35441952175451563,-0.16478496804165865,0.3138504498787982,-0.3423250749935303,-0.04820742793470684,-0.4482074279347068,-0.4482074279347068,1
46,5,6,8,0,0.9316129032258067,0.4321157822191592,0.7958250263867714,0.12477718360071302,0.4019292604501608,0.6470588235294117,0.3555555555555555,0.0,0.0,0
47,6,6,6,0,0.8399321675599454,0.07662766121282091,0.37588286685667627,0.06181705054539749,0.5345489085619162,0.11279744270226025,0.16573861917284846,-0.13426138082715153,-0.13426138082715153,1
48,4,4,2,0,0.8838709677419356,0.07856650585802895,0.06661193854814121,0.0730837789661319,0.30868167202572355,0.23529411764705882,0.15555555555555553,0.0,0.0,0
49,4,4,2,0,0.889032258064516,0.17608545830461753,0.112466283569837,0.08912655971479501,0.28295819935691324,0.36470588235294116,0.6,0.0,0.0,0
50,4,4,8,3,0.9574193548387098,0.4682977257064094,0.8191626597865603,0.1639928698752228,0.5980707395498392,0.02352941176470591,0.09999999999999998,0.0,0.0,0
51,4,3,7,6,0.9225806451612903,0.33942108890420397,0.7309722059340918,0.11229946524064172,0.6205787781350482,0.22352941176470592,0.2,0.0,0.0,0
52,4,3,7,2,0.9470967741935483,0.3793935217091661,0.7578280755248036,0.1711229946524064,0.5852090032154342,0.31764705882352945,0.5000000000000001,0.0,0.0,0
53,4,3,7,2,0.9470967741935483,0.3793935217091661,0.7578280755248036,0.1711229946524064,0.5852090032154342,0.31764705882352945,0.5000000000000001,0.0,0.0,0
54,4,3,7,3,0.9419354838709679,0.39007580978635426,0.7662718423830186,0.11229946524064172,0.4951768488745982,0.35294117647058826,0.3555555555555555,0.0,0.0,0
55,4,3,8,3,0.9574193548387098,0.4682977257064094,0.8191626597865603,0.1639928698752228,0.819935691318328,0.10588235294117648,0.2,0.0,0.0,0
56,4,3,8,1,0.9238709677419354,0.2742935906271537,0.8470740002345492,0.11229946524064172,0.5016077170418007,0.5647058823529412,0.5000000000000001,0.0,0.0,0
57,4,3,9,6,0.9535483870967743,0.15644383184011026,0.8020405769907353,0.15686274509803924,0.37299035369774924,0.411764705882353,0.25555555555555554,0.0,0.0,0
58,2,2,1,0,0.8425806451612905,0.02825637491385252,0.03060865486102967,0.03743315508021391,0.37620578778135055,0.29411764705882354,0.5555555555555556,0.0,0.0,0
59,2,2,1,4,0.8761290322580646,0.04169538249483115,0.04116336343379852,0.0944741532976827,0.32475884244373,0.4235294117647059,0.055555555555555546,0.0,0.0,0
60,2,2,2,6,0.9109677419354838,0.1729841488628532,0.1105898909346781,0.1711229946524064,0.2990353697749197,0.2823529411764706,0.6,0.0,0.0,0
61,2,2,2,6,0.9109677419354838,0.1729841488628532,0.1105898909346781,0.1711229946524064,0.10610932475884247,0.5176470588235293,0.6555555555555556,0.0,0.0,0
62,2,2,7,3,0.9587096774193549,0.2556857339765679,0.5379383135921192,0.13725490196078433,0.5337620578778135,0.23529411764705882,0.5000000000000001,0.0,0.0,0
63,2,2,7,6,0.9225806451612903,0.33942108890420397,0.7309722059340918,0.11229946524064172,0.5980707395498392,0.21176470588235297,0.25555555555555554,0.0,0.0,0
64,2,2,7,0,0.9341935483870967,0.35182632667126124,0.7398850709510965,0.10338680926916222,0.672025723472669,0.18823529411764706,0.3,0.0,0.0,0
65,2,2,7,3,0.9419354838709679,0.39007580978635426,0.7662718423830186,0.11229946524064172,0.527331189710611,0.34117647058823525,0.45555555555555555,0.0,0.0,0
66,2,2,8,4,0.9509677419354841,0.40248104755341146,0.7741292365427466,0.21746880570409982,0.6688102893890677,0.25882352941176473,0.45555555555555555,0.0,0.0,0
67,2,2,8,4,0.9509677419354841,0.40248104755341146,0.7741292365427466,0.21746880570409982,0.559485530546624,0.21176470588235297,0.5555555555555556,0.0,0.0,0
68,2,2,8,4,0.9509677419354841,0.40248104755341146,0.7741292365427466,0.21746880570409982,0.559485530546624,0.21176470588235297,0.6555555555555556,0.0,0.0,0
69,4,5,2,4,0.9419354838709679,0.11095796002756719,0.08162307962941247,0.16042780748663102,0.48231511254019294,0.1294117647058824,0.45555555555555555,0.0,0.0,0
70,4,5,2,4,0.935483870967742,0.16264645072363887,0.1054298111879911,0.22281639928698754,0.43729903536977505,0.1411764705882353,0.7999999999999999,0.0,0.0,0
71,4,5,8,4,0.975483870967742,0.2894555478980014,0.8026269496892224,0.28342245989304815,0.49839228295819943,0.25882352941176473,0.3555555555555555,0.0,0.0,0
72,5,4,2,4,0.49073164418935167,-0.34024587965404907,-0.3695807600522038,-0.29077603219498527,-0.02033567247904383,-0.3335567808580868,0.2043517158739393,-0.45120383968161626,-0.45120383968161626,1
73,5,4,7,1,0.9045161290322581,0.5037904893177119,0.7113873578046207,0.16042780748663102,0.4855305466237943,0.32941176470588235,0.45555555555555555,0.0,0.0,0
74,5,4,8,4,0.9625806451612904,0.4827705031013094,0.8279582502638677,0.24777183600713015,0.8167202572347267,0.1764705882352941,0.09999999999999998,0.0,0.0,0
75,9,9,1,3,0.8451612903225807,0.019641626464507234,0.02193033892341973,0.13725490196078433,0.1446945337620579,0.7529411764705882,0.3,0.0,0.0,0
76,9,9,1,4,0.8761290322580646,0.04169538249483115,0.04116336343379852,0.0944741532976827,0.4340836012861737,0.32941176470588235,0.3,0.0,0.0,0
77,1,3,2,0,0.889032258064516,0.17608545830461753,0.112466283569837,0.08912655971479501,0.1961414790996785,0.6705882352941177,0.3,0.0,0.0,0
78,1,2,7,4,0.9212903225806452,0.3683666436940041,0.612055822680896,0.22281639928698754,0.4019292604501608,0.6000000000000001,0.25555555555555554,0.0,0.0,0
79,1,2,7,1,0.9329032258064516,0.4138525155065472,0.6493491263046793,0.12477718360071302,0.6237942122186497,0.047058823529411764,0.7000000000000001,0.0,0.0,0
80,1,2,7,6,0.9380645161290324,0.4869055823569952,0.6960243931042571,0.1889483065953654,0.5562700964630225,0.2823529411764706,0.6555555555555556,0.0,0.0,0
81,1,2,7,6,0.5830028113771988,-0.00015674487988764918,0.3913943721500002,-0.2272783685434499,0.16524531734131037,0.0015986368041436272,-0.1395778337840916,-0.3395778337840916,-0.3395778337840916,1
82,1,2,7,1,1.4606749557529641,0.848139885389922,1.2283583296279799,0.7817697749122994,1.0060706615926074,0.9022688836467023,0.9342950274375519,0.4787394718819964,0.4787394718819964,1
83,1,2,7,2,0.9470967741935483,0.3793935217091661,0.7578280755248036,0.1711229946524064,0.4630225080385853,0.37647058823529417,0.055555555555555546,0.0,0.0,0
84,1,2,7,3,0.9419354838709679,0.39007580978635426,0.7662718423830186,0.11229946524064172,0.5787781350482315,0.35294117647058826,0.3555555555555555,0.0,0.0,0
85,1,2,8,3,0.9574193548387098,0.4682977257064094,0.8191626597865603,0.1639928698752228,0.6205787781350482,0.0,0.055555555555555546,0.0,0.0,0
86,1,2,8,3,0.9574193548387098,0.4682977257064094,0.8191626597865603,0.1639928698752228,0.7459807073954985,0.1411764705882353,0.2,0.0,0.0,0
87,1,2,8,3,0.9574193548387098,0.4682977257064094,0.8191626597865603,0.1639928698752228,0.6495176848874598,0.22352941176470592,0.2,0.0,0.0,0
88,1,2,8,6,0.9651612903225808,0.5106822880771882,0.8451976075993902,0.1443850267379679,0.7427652733118972,0.24705882352941178,0.3555555555555555,0.0,0.0,0
89,6,5,2,5,0.9419354838709679,0.11957270847691247,0.0854931394394277,0.13903743315508021,0.48874598070739556,0.11764705882352944,0.5000000000000001,0.0,0.0,0
90,6,5,7,5,0.5005623248528046,-0.09190115972957463,0.3007446678467859,-0.2633730440161506,-0.02008905985832493,0.09562873851504361,0.17798167969151424,-0.42201832030848574,-0.42201832030848574,1
91,8,6,2,4,0.9419354838709679,0.11957270847691247,0.0854931394394277,0.13903743315508021,0.48874598070739556,0.10588235294117648,0.5555555555555556,0.0,0.0,0
92,8,6,7,6,0.9496774193548387,0.290144727773949,0.5630350650873696,0.2620320855614973,0.5980707395498392,0.2,0.6555555555555556,0.0,0.0,0
93,8,6,7,6,0.9380645161290324,0.4869055823569952,0.6960243931042571,0.1889483065953654,0.5144694533762058,0.32941176470588235,0.5000000000000001,0.0,0.0,0
94,8,6,7,0,0.9341935483870967,0.35182632667126124,0.7398850709510965,0.10338680926916222,0.6816720257234727,0.08235294117647057,0.25555555555555554,0.0,0.0,0
95,4,4,8,6,1.323568525321043,0.7137799479216966,1.2242566620555901,0.49300099038918166,0.9090472101047792,0.9839100812982725,0.5074394930629784,0.40743949306297844,0.40743949306297844,1
96,3,4,1,5,1.099543083004911,0.2820294661444587,0.284404982776793,0.3045985714759591,0.5958733392024007,0.6464880545419127,0.41380831597982126,0.2582527604242657,0.2582527604242657,1
97,3,4,2,5,0.6490322580645163,0.004479669193659544,0.008912865017004808,0.012477718360071301,0.48874598070739556,0.10588235294117648,0.5555555555555556,0.0,0.0,0
98,3,4,7,6,0.9380645161290324,0.4869055823569952,0.6960243931042571,0.1889483065953654,0.30225080385852093,0.8470588235294116,0.45555555555555555,0.0,0.0,0
99,3,4,7,6,0.9380645161290324,0.4869055823569952,0.6960243931042571,0.1889483065953654,0.5659163987138265,0.2823529411764706,0.5555555555555556,0.0,0.0,0
100,3,4,7,6,1.1013276178669003,0.6501686840948631,0.859287494842125,0.3522114083332333,0.7291795004516943,0.4456160429143385,0.7188186572934234,0.1632631017378679,0.1632631017378679,1
101,3,4,7,1,0.9045161290322581,0.5037904893177119,0.7113873578046207,0.16042780748663102,0.392282958199357,0.6000000000000001,0.5555555555555556,0.0,0.0,0
102,2,4,7,1,0.9819354838709677,0.3694004135079256,0.7496188577459835,0.30303030303030304,0.5755627009646302,0.29411764705882354,0.39999999999999997,0.0,0.0,0
103,2,4,8,5,0.9522580645161292,0.4135079255685734,0.7816348070833822,0.1532976827094474,0.7041800643086817,0.1647058823529412,0.45555555555555555,0.0,0.0,0
104,2,4,0,5,0.6120418645530087,-0.19706331318870457,-0.2043808080202596,-0.15432924694144254,-0.10634419498438377,0.5351538190122117,0.09397734842397634,-0.20602265157602365,-0.20602265157602365,1
105,4,5,2,4,0.6754775454079067,-0.1282146801984605,-0.1336856061751105,-0.14170835534535653,0.1460013499924933,0.24367488886141714,0.4639363267699138,-0.19161922878564175,-0.19161922878564175,1
106,4,5,2,3,0.9380645161290324,0.1019986216402481,0.07787029435909465,0.13368983957219252,0.5144694533762058,0.1647058823529412,0.3,0.0,0.0,0
107,4,5,7,6,0.9225806451612903,0.33942108890420397,0.7309722059340918,0.11229946524064172,0.617363344051447,0.21176470588235297,0.3,0.0,0.0,0
108,4,5,8,5,0.9522580645161292,0.2994486560992419,0.8100152456901607,0.1265597147950089,0.581993569131833,0.35294117647058826,0.3,0.0,0.0,0
109,4,5,8,0,0.9019354838709677,0.3125430737422467,0.8232672686759704,0.1265597147950089,0.48874598070739556,0.4823529411764706,0.5555555555555556,0.0,0.0,0
110,4,4,2,4,0.8670967741935485,0.06340454858718125,0.05793362261053125,0.049910873440285206,0.36977491961414793,0.32941176470588235,0.6,0.0,0.0,0
111,3,4,2,4,0.9419354838709679,0.11095796002756719,0.08162307962941247,0.16042780748663102,0.5337620578778135,0.03529411764705884,0.45555555555555555,0.0,0.0,0
112,3,4,8,6,0.9161290322580646,0.30634045485871814,0.8168171689926117,0.0855614973262032,0.662379421221865,0.2823529411764706,0.3555555555555555,0.0,0.0,0
113,3,4,8,0,0.943225806451613,0.26671261199172985,0.8401548023924006,0.1639928698752228,0.5369774919614148,0.23529411764705882,0.25555555555555554,0.0,0.0,0
114,3,4,2,1,0.895483870967742,0.08476912474155755,0.07001290019936672,0.0677361853832442,0.43729903536977505,0.1411764705882353,0.7999999999999999,0.0,0.0,0
115,3,5,2,1,1.2762119963511624,0.46549725012497817,0.45074102558278734,0.4484643107666648,0.8083808585023917,0.521904595971656,1.0362836809389762,0.3807281253834206,0.3807281253834206,1
116,3,4,2,5,0.9419354838709679,0.11957270847691247,0.0854931394394277,0.13903743315508021,0.30225080385852093,0.1764705882352941,0.6555555555555556,0.0,0.0,0
117,3,4,2,5,0.9419354838709679,0.11957270847691247,0.0854931394394277,0.13903743315508021,0.41800643086816724,0.1411764705882353,0.5000000000000001,0.0,0.0,0
118,3,4,2,0,0.9212903225806452,0.1330117160578911,0.09229506274187874,0.11051693404634581,0.27009646302250806,0.1764705882352941,0.39999999999999997,0.0,0.0,0
119,3,4,7,3,0.9587096774193549,0.2556857339765679,0.5379383135921192,0.13725490196078433,0.559485530546624,0.24705882352941178,0.3,0.0,0.0,0
120,3,4,7,0,0.9393548387096775,0.4972432804962095,0.7039990618036825,0.19073083778966132,0.26045016077170424,0.6941176470588235,0.2,0.0,0.0,0
121,3,4,7,0,0.9393548387096775,0.4972432804962095,0.7039990618036825,0.19073083778966132,0.4790996784565918,0.32941176470588235,0.5555555555555556,0.0,0.0,0
122,3,4,8,6,0.9509677419354841,0.4238456237077877,0.7890231030843204,0.15151515151515152,0.6527331189710612,0.31764705882352945,0.5555555555555556,0.0,0.0,0
123,3,4,8,1,0.8477419354838711,0.24913852515506552,0.7787029435909464,0.05704099821746881,0.504823151125402,0.35294117647058826,0.3,0.0,0.0,0
124,3,4,8,4,0.975483870967742,0.2894555478980014,0.8026269496892224,0.28342245989304815,0.5659163987138265,0.411764705882353,0.5555555555555556,0.0,0.0,0
125,3,4,9,6,0.9535483870967743,0.15644383184011026,0.8020405769907353,0.15686274509803924,0.5916398713826367,0.10588235294117648,0.5555555555555556,0.0,0.0,0
126,3,5,2,0,0.889032258064516,0.17608545830461753,0.112466283569837,0.08912655971479501,0.2186495176848875,0.39999999999999997,0.2,0.0,0.0,0
127,3,5,8,4,0.9651612903225808,0.5106822880771882,0.8451976075993902,0.1443850267379679,0.48231511254019294,0.32941176470588235,0.3,0.0,0.0,0
128,3,5,9,2,0.7769288087091785,-0.03432661024549144,0.6197954524253436,-0.06844408531646713,0.27937876203352235,0.2035701749330872,0.19441984813570157,-0.16113570741985395,-0.16113570741985395,1
129,2,5,9,6,0.9535483870967743,0.15644383184011026,0.8020405769907353,0.15686274509803924,0.42443729903536986,0.23529411764705882,0.055555555555555546,0.0,0.0,0
130,4,6,1,5,0.6387096774193548,0.07029634734665748,0.09299870998006333,0.014260249554367202,0.42443729903536986,0.29411764705882354,0.25555555555555554,0.0,0.0,0
131,4,6,2,0,0.8838709677419356,0.07856650585802895,0.06661193854814121,0.0730837789661319,0.3794212218649518,0.2823529411764706,0.3,0.0,0.0,0
132,4,6,2,6,0.9109677419354838,0.1729841488628532,0.1105898909346781,0.1711229946524064,0.27009646302250806,0.36470588235294116,0.5000000000000001,0.0,0.0,0
133,4,6,8,3,0.967741935483871,0.2749827705031013,0.7943004573707049,0.3190730837789661,0.4951768488745982,0.31764705882352945,0.3,0.0,0.0,0
134,3,5,2,1,0.895483870967742,0.08476912474155755,0.07001290019936672,0.0677361853832442,0.4083601286173634,0.27058823529411763,0.25555555555555554,0.0,0.0,0
135,3,5,7,5,0.9651612903225808,0.47656788421778085,0.6875806262460421,0.36185383244206776,0.4951768488745982,0.4352941176470589,0.6,0.0,0.0,0
136,3,6,8,6,0.9509677419354841,0.4238456237077877,0.7890231030843204,0.15151515151515152,0.48231511254019294,0.5058823529411764,0.09999999999999998,0.0,0.0,0
137,3,6,8,0,0.9316129032258067,0.4321157822191592,0.7958250263867714,0.12477718360071302,0.4308681672025724,0.6000000000000001,0.3,0.0,0.0,0
138,9,9,6,1,0.8658064516129031,0.16264645072363887,0.3582737187756538,0.06951871657754011,0.5080385852090032,0.31764705882352945,0.25555555555555554,0.0,0.0003300209013237505,0
139,1,4,8,1,0.9329032258064516,0.44245348035837356,0.8029787733083148,0.12477718360071302,0.627009646302251,0.27058823529411763,0.2,0.0,0.000394191632136702,0
140,2,5,8,0,0.9316129032258067,0.4321157822191592,0.7958250263867714,0.12477718360071302,0.6334405144694535,0.2823529411764706,0.15555555555555553,0.0,0.00043086062117267426,0
141,1,2,7,2,0.9909677419354839,0.3404548587181255,0.5927055236308197,0.23529411764705882,0.6784565916398715,0.18823529411764706,0.45555555555555555,0.0,0.0005041985992446189,0
142,8,6,7,4,0.9212903225806452,0.3683666436940041,0.612055822680896,0.22281639928698754,0.6109324758842445,0.4235294117647059,0.9444444444444445,0.0,0.0005592020827985772,0
143,1,2,6,5,0.5461542996040503,-0.20086155153309668,-0.03562592790855684,-0.2187654864922066,0.08917680764263541,0.0732131231334619,0.1817098551596057,-0.3738457003959499,-0.3731948258405614,1
144,2,5,7,2,0.9909677419354839,0.3404548587181255,0.5927055236308197,0.23529411764705882,0.694533762057878,0.2,0.5555555555555556,0.0,0.0007058780389424664,0
145,6,5,7,3,0.9870967741935486,0.45003445899379735,0.6695203471326375,0.18538324420677363,0.8102893890675242,0.08235294117647057,0.39999999999999997,0.0,0.0008250522533093762,0
146,5,4,2,0,0.9212903225806452,0.1330117160578911,0.09229506274187874,0.11051693404634581,0.3536977491961415,0.29411764705882354,0.5555555555555556,0.0,0.0008708884896043416,0
147,8,3,8,1,0.8477419354838711,0.24913852515506552,0.7787029435909464,0.05704099821746881,0.707395498392283,0.15294117647058825,0.3555555555555555,0.0,0.0008800557368633347,0
148,2,2,7,1,0.9819354838709677,0.3694004135079256,0.7496188577459835,0.30303030303030304,0.48874598070739556,0.32941176470588235,0.7000000000000001,0.0,0.0009808954567122586,0
149,8,6,8,3,0.967741935483871,0.2749827705031013,0.7943004573707049,0.3190730837789661,0.6913183279742765,0.11764705882352944,0.45555555555555555,0.0,0.001026731693007224,0
150,6,5,5,4,0.9522580645161292,0.19055823569951758,0.49888589187287447,0.1265597147950089,0.6752411575562702,0.2823529411764706,0.5555555555555556,0.0,0.0010909024238201753,0
151,9,9,6,6,0.9212903225806452,0.23259820813232251,0.40729447636918026,0.12834224598930483,0.7266881028938907,0.1647058823529412,0.2,0.0,0.0012467456272230576,0
152,3,4,6,5,0.9212903225806452,0.17263955892487942,0.48809663422071076,0.11051693404634581,0.7202572347266882,0.32941176470588235,0.15555555555555553,0.0,0.001310916358036009,0
153,5,4,8,4,0.975483870967742,0.2894555478980014,0.8026269496892224,0.28342245989304815,0.5755627009646302,0.37647058823529417,0.5000000000000001,0.0,0.0013384180998129882,0
154,1,5,8,5,0.9638709677419357,0.4972432804962095,0.8367538407411751,0.1443850267379679,0.8810289389067525,0.1411764705882353,0.25555555555555554,0.0,0.0013384180998129882,0
155,7,4,7,6,0.9819354838709677,0.3694004135079256,0.7496188577459835,0.30303030303030304,0.4565916398713827,0.37647058823529417,0.09999999999999998,0.0,0.0014300905724029189,0
156,2,4,8,5,0.9638709677419357,0.4972432804962095,0.8367538407411751,0.1443850267379679,0.8488745980707397,0.1411764705882353,0.2,0.0,0.0014759268086978843,0
157,2,2,7,2,0.9470967741935483,0.3793935217091661,0.7578280755248036,0.1711229946524064,0.5209003215434085,0.35294117647058826,0.3555555555555555,0.0,0.0014942613032158704,0
158,2,4,7,2,0.9470967741935483,0.3793935217091661,0.7578280755248036,0.1711229946524064,0.5884244372990355,0.23529411764705882,0.39999999999999997,0.0,0.0015034285504748634,0
159,7,4,8,4,0.9509677419354841,0.40248104755341146,0.7741292365427466,0.21746880570409982,0.5401929260450162,0.22352941176470592,0.6,0.0,0.0015492647867698288,0
160,7,4,2,0,1.2329360606203,0.44465745409754587,0.4039408007815335,0.4221626720860006,0.7585910756602336,0.476351620392596,0.6116457380396547,0.3116457380396548,0.31325000630997857,1
161,6,4,7,3,0.9870967741935486,0.45003445899379735,0.6695203471326375,0.18538324420677363,0.581993569131833,0.3058823529411765,0.39999999999999997,0.0,0.001741776979208683,0
162,6,3,2,5,0.927741935483871,0.16884906960716747,0.10847894922012433,0.13903743315508021,0.41800643086816724,0.18823529411764706,0.9,0.0,0.0017784459682446555,0
163,8,6,8,5,0.9522580645161292,0.4135079255685734,0.7816348070833822,0.1532976827094474,0.5016077170418007,0.4823529411764706,0.15555555555555553,0.0,0.0017876132155036485,0
164,8,5,8,6,1.2546926445508542,0.6449040671515076,1.1553807812854013,0.42412510961899275,0.8401713293345903,0.9503283181751425,0.5385636122927895,0.33856361229278953,0.34040622899184714,1
165,6,5,2,3,0.8541935483870968,0.058924879393521715,0.05523630819749032,0.05347593582887701,0.09967845659163987,0.6470588235294117,0.45555555555555555,0.0,0.001961790913424517,0
166,6,5,7,2,0.9470967741935483,0.3793935217091661,0.7578280755248036,0.1711229946524064,0.4630225080385853,0.37647058823529417,0.055555555555555546,0.0,0.002099299622309413,0
167,6,5,7,2,1.4954790975030678,0.93224306451136,1.1578463030021087,0.7921773897231814,1.1797317683878306,0.7098244485467109,0.9536152982199135,0.49805974266435793,0.5003607217263651,1
168,6,5,2,4,0.935483870967742,0.16264645072363887,0.1054298111879911,0.22281639928698754,0.39871382636655955,0.1294117647058824,1.0,0.0,0.0023193135565252464,0
169,8,6,7,3,0.9870967741935486,0.45003445899379735,0.6695203471326375,0.18538324420677363,0.594855305466238,0.35294117647058826,0.2,0.0,0.0023376480510432325,0
170,5,4,8,2,0.9574193548387098,0.4555478980013784,0.811187991087135,0.1639928698752228,0.6334405144694535,0.23529411764705882,0.15555555555555553,0.0,0.002355982545561219,0
171,8,6,7,2,0.863225806451613,0.3077188146106134,0.7056409053594466,0.11764705882352941,0.48874598070739556,0.411764705882353,0.39999999999999997,0.0,0.002465989512669136,0
172,7,4,7,6,0.9380645161290324,0.4869055823569952,0.6960243931042571,0.1889483065953654,0.5755627009646302,0.2823529411764706,0.5555555555555556,0.0,0.0025118257489641013,0
173,4,4,8,0,0.9316129032258067,0.4321157822191592,0.7958250263867714,0.12477718360071302,0.49839228295819943,0.2823529411764706,0.2,0.0,0.0028143449085108723,0
174,1,4,7,5,0.9225806451612903,0.3301171605789111,0.7227629881552716,0.15864527629233513,0.38585209003215437,0.4470588235294118,0.15555555555555553,0.0,0.0032085365406475746,0
175,1,4,7,5,0.9225806451612903,0.3301171605789111,0.7227629881552716,0.15864527629233513,0.581993569131833,0.2823529411764706,0.5000000000000001,0.0,0.004152763008323861,0
176,6,5,3,3,0.8103225806451613,0.027567195037904894,0.05547085727688519,0.04812834224598931,0.11575562700964631,0.4588235294117647,0.6,0.0,0.004226100986395805,0
177,2,5,7,6,0.9225806451612903,0.33942108890420397,0.7309722059340918,0.11229946524064172,0.5466237942122187,0.34117647058823525,0.25555555555555554,0.0,0.00429943896446775,0
178,2,5,8,2,0.9212903225806452,0.28187456926257753,0.8535240999179079,0.11051693404634581,0.5176848874598072,0.35294117647058826,0.2,0.0,0.004473616662388618,0
179,8,6,7,1,0.9045161290322581,0.5037904893177119,0.7113873578046207,0.16042780748663102,0.392282958199357,0.6000000000000001,0.5555555555555556,0.0,0.004794470316453376,0
180,1,3,8,6,0.9509677419354841,0.4238456237077877,0.7890231030843204,0.15151515151515152,0.6977491961414792,0.2,0.7000000000000001,0.0,0.004886142789043306,0
181,8,6,9,0,0.8541935483870968,0.10923501033769814,0.7696728040342442,0.05347593582887701,0.5434083601286175,0.2,0.39999999999999997,0.0,0.0049869825088922305,0
182,5,4,1,6,0.8787096774193548,0.049965541006202624,0.0473789140377624,0.06951871657754011,0.32797427652733124,0.4470588235294118,0.2,0.0,0.0058487037512375785,0
183,7,4,9,0,0.9419354838709679,0.1633356305995865,0.8070833821977249,0.19786096256684493,0.4694533762057879,0.35294117647058826,0.45555555555555555,0.0,0.006261229877892267,0
184,8,6,7,4,0.9703225806451614,0.4638180565127498,0.6787850357687347,0.26916221033868093,0.5980707395498392,0.22352941176470592,0.5000000000000001,0.0,0.006380404092259176,0
185,2,5,8,1,0.9329032258064516,0.44245348035837356,0.8029787733083148,0.12477718360071302,0.4951768488745982,0.36470588235294116,0.3,0.0,0.006453742070331121,0
186,8,6,2,6,0.9109677419354838,0.1729841488628532,0.1105898909346781,0.1711229946524064,0.2990353697749197,0.2823529411764706,0.6,0.0,0.006591250779216017,0
187,1,5,8,0,0.9316129032258067,0.4321157822191592,0.7958250263867714,0.12477718360071302,0.604501607717042,0.31764705882352945,0.2,0.0,0.006692090499064941,0
188,6,4,2,5,0.9303225806451614,0.14059269469331495,0.09557874985340684,0.14081996434937613,0.35691318327974286,0.31764705882352945,0.055555555555555546,0.0,0.006783762971654872,0
189,7,4,2,6,0.9290322580645163,0.147829083390765,0.09909698604432979,0.09803921568627451,0.2990353697749197,0.5294117647058822,0.39999999999999997,0.0,0.00755381174141029,0
190,6,5,2,4,0.935483870967742,0.16264645072363887,0.1054298111879911,0.22281639928698754,0.3054662379421222,0.21176470588235297,0.39999999999999997,0.0,0.007617982472223241,0
191,2,5,7,3,0.9870967741935486,0.45003445899379735,0.6695203471326375,0.18538324420677363,0.707395498392283,0.15294117647058825,0.25555555555555554,0.0,0.007957170620805984,0
192,2,2,7,1,0.9819354838709677,0.3694004135079256,0.7496188577459835,0.30303030303030304,0.7202572347266882,0.08235294117647057,0.45555555555555555,0.0,0.007984672362582965,0
193,4,5,8,2,0.9574193548387098,0.4555478980013784,0.811187991087135,0.1639928698752228,0.7106109324758845,0.11764705882352944,0.39999999999999997,0.0,0.008626379670712479,0
194,2,2,7,1,0.9819354838709677,0.3694004135079256,0.7496188577459835,0.30303030303030304,0.7202572347266882,0.08235294117647057,0.45555555555555555,0.0,0.009176414506252062,0
195,2,5,7,4,0.9703225806451614,0.4638180565127498,0.6787850357687347,0.26916221033868093,0.684887459807074,0.24705882352941178,0.5555555555555556,0.0,0.009185581753511056,0
196,6,5,3,3,0.8103225806451613,0.027567195037904894,0.05547085727688519,0.04812834224598931,0.11575562700964631,0.4588235294117647,0.6,0.0,0.010019801254079424,0
197,4,5,8,3,1.1532002789739333,0.6640786498416329,1.014943583921784,0.3597737940104463,0.8163597022702718,0.19578092413522352,0.25133647969077905,0.19578092413522352,0.20591989960366985,1
198,3,4,8,1,0.9329032258064516,0.44245348035837356,0.8029787733083148,0.12477718360071302,0.37620578778135055,0.5176470588235293,0.6555555555555556,0.0,0.010303985919108211,0
199,2,4,8,0,0.5780645161290323,0.24017918676774638,0.7709628239709159,0.014260249554367202,0.6559485530546625,0.27058823529411763,0.3555555555555555,0.0,0.010377323897180156,0
200,1,5,8,1,0.9329032258064516,0.44245348035837356,0.8029787733083148,0.12477718360071302,0.6237942122186497,0.21176470588235297,0.2,0.0,0.01056983608961901,0
201,6,5,2,6,0.9212903225806452,0.12577532736044109,0.08889410109065322,0.12834224598930483,0.32797427652733124,0.4588235294117647,0.3555555555555555,0.0,0.011092369183381613,0
202,7,4,1,6,0.8412903225806454,0.026188835286009647,0.02838043860677847,0.03743315508021391,0.21221864951768493,0.6235294117647059,0.2,0.0,0.011963257672985957,0
203,8,6,9,2,0.9380645161290324,0.1268090971743625,0.7809311598451976,0.09269162210338681,0.5787781350482315,0.25882352941176473,0.25555555555555554,0.0,0.012559128744820505,0
204,5,6,2,5,1.3868710889248619,0.6279782230481583,0.5676081026611152,0.598166586596071,0.8739201502255568,1.0355997416762848,0.8591291534409908,0.4591291534409908,0.4719541323563221,1
205,4,5,8,3,0.9574193548387098,0.4682977257064094,0.8191626597865603,0.1639928698752228,0.639871382636656,0.22352941176470592,0.15555555555555553,0.0,0.013356679256352902,0
206,2,2,7,5,0.9651612903225808,0.47656788421778085,0.6875806262460421,0.36185383244206776,0.6655948553054662,0.18823529411764706,0.7555555555555555,0.0,0.014163397015144292,0
207,7,5,8,1,0.9329032258064516,0.44245348035837356,0.8029787733083148,0.12477718360071302,0.594855305466238,0.25882352941176473,0.2,0.0,0.01576766528546808,0
208,6,5,8,4,0.9509677419354841,0.40248104755341146,0.7741292365427466,0.21746880570409982,0.559485530546624,0.21176470588235297,0.6555555555555556,0.0,0.017628616479043673,0
209,8,3,8,3,0.967741935483871,0.2749827705031013,0.7943004573707049,0.3190730837789661,0.6752411575562702,0.1294117647058824,0.5000000000000001,0.0,0.021460525833302775,0
210,4,4,9,5,0.927741935483871,0.14679531357684358,0.7962941245455611,0.11942959001782533,0.5209003215434085,0.11764705882352944,0.3,0.0,0.02221224010854021,0
211,7,4,7,5,0.9651612903225808,0.47656788421778085,0.6875806262460421,0.36185383244206776,0.09324758842443731,0.9529411764705882,0.6,0.0,0.02383484287338198,0
212,7,4,8,4,0.975483870967742,0.2894555478980014,0.8026269496892224,0.28342245989304815,0.5755627009646302,0.37647058823529417,0.5000000000000001,0.0,0.02395401708774889,0
213,7,3,2,0,0.889032258064516,0.17608545830461753,0.112466283569837,0.08912655971479501,0.28295819935691324,0.36470588235294116,0.6,0.0,0.025072421253346047,0
214,4,4,2,5,0.9419354838709679,0.11957270847691247,0.0854931394394277,0.13903743315508021,0.47588424437299043,0.1411764705882353,0.5000000000000001,0.0,0.02627333064427414,0
215,4,4,2,5,0.81632512534043,-0.006037650053625512,-0.04011721909111028,0.013427074624542235,0.35027388584245245,0.015566112057697312,0.37438964146946213,-0.12561035853053798,-0.09933702788626383,1
216,4,4,8,6,0.9509677419354841,0.4238456237077877,0.7890231030843204,0.15151515151515152,0.47266881028938906,0.5294117647058822,0.09999999999999998,0.0,0.02702504491951157,0
217,1,3,8,0,0.9019354838709677,0.3125430737422467,0.8232672686759704,0.1265597147950089,0.32797427652733124,0.6823529411764706,0.6555555555555556,0.0,0.027795093689266987,0
218,4,5,8,2,0.9574193548387098,0.4555478980013784,0.811187991087135,0.1639928698752228,0.5530546623794212,0.047058823529411764,0.09999999999999998,0.0,0.029078508305526017,0
219,6,5,2,0,0.9212903225806452,0.1330117160578911,0.09229506274187874,0.11051693404634581,0.41800643086816724,0.1411764705882353,0.3,0.0,0.02920684976715192,0
220,8,6,7,6,0.9225806451612903,0.33942108890420397,0.7309722059340918,0.11229946524064172,0.45016077170418006,0.5176470588235293,0.3,0.0,0.029399361959590774,0
221,3,4,8,4,0.590467281058683,0.110657138998702,0.4558448861612603,-0.12434152809547727,0.15521782560800357,0.027886635897392542,-0.01655780854705191,-0.3721133641026074,-0.3392212809373403,1
222,4,3,2,0,0.889032258064516,0.17608545830461753,0.112466283569837,0.08912655971479501,0.28295819935691324,0.36470588235294116,0.6,0.0,0.03378130614938946,0
223,2,2,6,4,0.8980645161290324,0.5141281874569262,0.35416910988624367,0.12121212121212122,0.3601286173633441,0.7529411764705882,0.3555555555555555,0.0,0.033937149352792344,0
224,7,4,8,2,1.0784389587574703,0.4390232054394026,1.010672736094733,0.2676655702231709,0.5815859352121949,0.6512662832356486,0.6127041917323806,0.15714863617682506,0.19171832559048793,1
225,4,4,8,6,0.9651612903225808,0.5106822880771882,0.8451976075993902,0.1443850267379679,0.6655948553054662,0.2823529411764706,0.5000000000000001,0.0,0.04450698544241135,0
226,7,5,9,0,0.6381249664003821,-0.14047488687099935,0.5032728647271391,-0.10594955490374092,0.14313482014999307,0.0373659531176494,0.09618948252941412,-0.30381051747058585,-0.25855181775293706,1
227,8,6,7,5,0.9483870967741936,0.2780840799448656,0.5545912982291545,0.21212121212121213,0.5755627009646302,0.22352941176470592,0.45555555555555555,0.0,0.05344505151992959,0
228,4,6,8,6,0.9651612903225808,0.5106822880771882,0.8451976075993902,0.1443850267379679,0.8392282958199357,0.1294117647058824,0.3,0.0,0.05876205493014557,0
229,8,6,7,5,1.1563662274879047,0.4860632106585768,0.7625704289428658,0.42010034283492337,0.6645707705850938,0.5373908954195936,0.6079791307137112,0.2079791307137112,0.2733416036703318,1
230,4,4,8,2,0.9574193548387098,0.4555478980013784,0.811187991087135,0.1639928698752228,0.7781350482315113,0.07058823529411767,0.45555555555555555,0.0,0.08112097099482966,0
231,1,5,8,6,0.9651612903225808,0.5106822880771882,0.8451976075993902,0.1443850267379679,0.8231511254019295,0.1411764705882353,0.3,0.0,0.08725385941109605,0
232,6,4,8,1,0.9329032258064516,0.44245348035837356,0.8029787733083148,0.12477718360071302,0.5305466237942122,0.32941176470588235,0.25555555555555554,0.0,0.09478016941072935,0
233,9,4,8,1,0.8477419354838711,0.24913852515506552,0.7787029435909464,0.05704099821746881,0.7106109324758845,0.24705882352941178,0.3,0.0,0.09686113453852077,0
234,4,5,8,5,1.3786673658841646,0.8399172269366089,1.2080441084514177,0.5797069840774829,0.9248015843262349,0.5440563601915649,0.7264093013680355,0.42640930136803545,0.5683916269153201,1
235,8,6,7,6,0.9380645161290324,0.4869055823569952,0.6960243931042571,0.1889483065953654,0.559485530546624,0.3058823529411765,0.6,0.0,0.18011807414469583,0
236,2,2,8,5,0.9522580645161292,0.4135079255685734,0.7816348070833822,0.1532976827094474,0.5144694533762058,0.36470588235294116,0.15555555555555553,0.0,0.18420666642220673,0
237,1,2,8,1,0.9329032258064516,0.44245348035837356,0.8029787733083148,0.12477718360071302,0.5337620578778135,0.29411764705882354,0.2,0.0,0.19515235964944447,0
238,6,5,8,5,0.9522580645161292,0.4135079255685734,0.7816348070833822,0.1532976827094474,0.7363344051446947,0.1411764705882353,0.39999999999999997,0.0,0.9999999999999999,0
239,7,5,3,6,0.6168328678901487,-0.19210379425609098,-0.1986510030775934,-0.13626241127723687,0.16147761428575072,0.507231349863583,-0.043095447522037866,-0.1986510030775934,-0.1986510030775934,1
240,6,3,3,2,0.8941935483870969,0.055478980013783596,0.04174973613228568,0.0677361853832442,0.41800643086816724,0.4235294117647059,0.25555555555555554,0.0,0.0,0
241,4,4,3,4,0.8296774193548389,0.07649896623018608,0.09077049372581213,0.0409982174688057,0.46623794212218655,0.05882352941176472,0.3,0.0,0.0,0
242,2,4,7,6,0.9741935483870969,0.41764300482425915,0.6825378210390525,0.22994652406417113,0.42443729903536986,0.6000000000000001,0.39999999999999997,0.0,0.009286421473359981,0
243,7,4,7,6,0.943225806451613,0.5995864920744314,0.8124780110238068,0.24598930481283424,0.6334405144694535,0.6823529411764706,0.7999999999999999,0.15625,0.0,0
244,2,4,7,6,0.943225806451613,0.5995864920744314,0.8124780110238068,0.24598930481283424,0.6495176848874598,0.4588235294117647,0.7999999999999999,0.0,0.002630999963331011,0
245,3,4,7,6,0.943225806451613,0.5995864920744314,0.8124780110238068,0.24598930481283424,0.7909967845659165,0.27058823529411763,0.6555555555555556,0.0,0.0006967107916834734,0
246,5,4,7,6,0.943225806451613,0.5995864920744314,0.8124780110238068,0.24598930481283424,0.7556270096463023,0.2823529411764706,0.5555555555555556,0.0,8.250522533093762e-05,0
247,2,4,7,2,0.9483870967741936,0.3118538938662991,0.5813298932801689,0.1711229946524064,0.594855305466238,0.6470588235294117,0.2,0.0,0.0006875435444244802,0
248,8,6,7,2,0.96,0.538249483115093,0.77260466752668,0.24064171122994654,0.852090032154341,0.15294117647058825,0.25555555555555554,0.0,0.0,0
249,3,4,7,2,0.96,0.538249483115093,0.77260466752668,0.24064171122994654,0.627009646302251,0.29411764705882354,0.0,0.0,0.0022643100729712886,0
250,8,5,7,2,0.96,0.538249483115093,0.77260466752668,0.24064171122994654,0.7909967845659165,0.11764705882352944,0.3,0.0,0.0006233728136115288,0
251,8,5,7,2,0.7946390024952286,0.3728884856103217,0.6072436700219086,0.0752807137251752,0.5356036327203091,0.08169782602464043,0.13463900249522864,-0.16536099750477135,-0.1651409835705555,1
252,6,5,7,2,0.96,0.538249483115093,0.77260466752668,0.24064171122994654,0.639871382636656,0.25882352941176473,0.3555555555555555,0.0,0.00019251219243885445,0
253,7,4,7,3,0.9445161290322581,0.37250172294968986,0.6539228333528792,0.14260249554367202,0.617363344051447,0.27058823529411763,0.25555555555555554,0.0,0.0013934215833669467,0
254,6,3,7,3,0.9406451612903226,0.4720882150241213,0.7198311246628358,0.11229946524064172,0.5369774919614148,0.3058823529411765,0.3,0.0,0.009478933665798835,0
255,2,5,7,3,0.8877419354838711,0.26154376292212267,0.8055588131816582,0.08912655971479501,0.6463022508038587,0.36470588235294116,0.39999999999999997,0.0,0.0,0
256,8,6,7,5,0.9741935483870969,0.4000689179875948,0.6722176615456785,0.19607843137254902,0.6977491961414792,0.3058823529411765,0.2,0.0,0.007352132301712441,0
257,4,3,7,5,0.9741935483870969,0.4000689179875948,0.6722176615456785,0.19607843137254902,0.617363344051447,0.34117647058823525,0.25555555555555554,0.0,0.0006233728136115288,0
258,3,4,7,5,0.943225806451613,0.5851137146795313,0.8026269496892224,0.24420677361853832,0.5916398713826367,0.5176470588235293,0.055555555555555546,0.0,0.0,0
259,7,4,7,5,0.943225806451613,0.5851137146795313,0.8026269496892224,0.24420677361853832,0.6913183279742765,0.29411764705882354,0.15555555555555553,0.0,0.0012650801217410435,0
260,2,4,7,0,0.9664516129032259,0.3335630599586492,0.6263633165239827,0.25668449197860965,0.8392282958199357,0.2,0.39999999999999997,0.0,0.008113013824208867,0
261,3,4,7,4,0.9406451612903226,0.38352860096485186,0.6627184238301865,0.15864527629233513,0.28938906752411575,0.8117647058823529,0.7999999999999999,0.0,0.003025191595467713,0
262,2,4,7,4,0.9406451612903226,0.38352860096485186,0.6627184238301865,0.15864527629233513,0.617363344051447,0.31764705882352945,0.3,0.0,0.0038960800850720546,0
263,6,3,7,4,0.9341935483870967,0.4824259131633356,0.7285094406004458,0.1265597147950089,0.54983922829582,0.2823529411764706,0.3555555555555555,0.0,0.0014300905724029189,0
264,4,4,7,4,0.975483870967742,0.5737422467263955,0.7933622610531254,0.23172905525846704,0.6302250803858522,0.4470588235294118,0.3,0.0,0.005995379707381468,0
265,4,4,7,1,0.967741935483871,0.34838042729152313,0.6360971033188695,0.26024955436720143,0.639871382636656,0.4588235294117647,0.7999999999999999,0.0,0.0007242125334604526,0
266,6,5,7,1,0.975483870967742,0.45003445899379735,0.7027090418670108,0.40463458110516937,0.5530546623794212,0.4705882352941177,0.39999999999999997,0.0,0.0001558432034028822,0
267,2,2,7,1,0.9470967741935483,0.5220537560303239,0.7626363316523984,0.25490196078431376,0.6913183279742765,0.10588235294117648,0.3,0.0,0.0,0
268,3,4,7,1,0.9470967741935483,0.5220537560303239,0.7626363316523984,0.25490196078431376,0.604501607717042,0.2,0.3,0.0,0.0,0
269,4,4,7,1,0.9470967741935483,0.5220537560303239,0.7626363316523984,0.25490196078431376,0.5434083601286175,0.4470588235294118,0.25555555555555554,0.0,0.004033588793956951,0
270,2,2,7,1,0.9470967741935483,0.5220537560303239,0.7626363316523984,0.25490196078431376,0.6302250803858522,0.4823529411764706,0.3,0.0,0.0004766968574676396,0
271,8,6,7,1,0.6440241043518182,0.2189810861885938,0.4595636618106683,-0.04817070905741633,0.27249003112290016,0.20280968309944636,0.15248288571382546,-0.3030726698417301,-0.2945746316326435,1
272,2,5,7,1,0.9470967741935483,0.5220537560303239,0.7626363316523984,0.25490196078431376,0.5787781350482315,0.37647058823529417,0.39999999999999997,0.0,0.0028326794030288584,0
273,4,6,11,6,0.8477419354838711,0.08993797381116471,0.40530080919432393,0.12121212121212122,0.08360128617363344,0.4941176470588235,0.9,0.0,0.008232188038575778,0
274,8,6,11,2,0.8425806451612905,0.09200551343900759,0.4065908291309957,0.0944741532976827,0.09324758842443731,0.5411764705882354,0.8444444444444444,0.0,0.010258149682813245,0
275,4,6,11,3,0.8503225806451613,0.08718125430737422,0.40354169109886245,0.035650623885918005,0.09324758842443731,0.5411764705882354,0.5000000000000001,0.0,0.004931979025338272,0
276,4,4,11,0,0.8606451612903228,0.08373535492763612,0.4008443766858215,0.04634581105169341,0.07717041800643087,0.07058823529411767,0.9,0.0,0.01636353635730263,0
277,3,4,11,0,0.8606451612903228,0.08373535492763612,0.4008443766858215,0.04634581105169341,0.07717041800643087,0.07058823529411767,0.9,0.0,0.009836456308899564,0
278,4,4,11,0,0.8606451612903228,0.08373535492763612,0.4008443766858215,0.04634581105169341,0.07717041800643087,0.07058823529411767,0.9,0.0,0.020195445711561733,0
279,4,4,11,0,0.8606451612903228,0.08373535492763612,0.4008443766858215,0.04634581105169341,0.07717041800643087,0.07058823529411767,0.9,0.0,0.008956400572036229,0
280,4,6,11,4,0.8516129032258066,0.08821502412129566,0.40424533833704707,0.0730837789661319,0.0,0.5176470588235293,0.5000000000000001,0.0,0.008498038209086576,0
281,6,5,11,1,0.8606451612903228,0.08373535492763612,0.4008443766858215,0.04634581105169341,0.09324758842443731,0.10588235294117648,0.9,0.0,0.022707271460525834,0
282,6,3,1,6,0.5405375975752136,-0.2226842071867971,0.09164485838244069,-0.25304989020582264,-0.2493472691398575,0.10987346095282263,0.08634404918811672,-0.31365595081188324,-0.31365595081188324,1
283,3,4,1,2,0.8800000000000001,0.018952446588559612,0.012665650287322623,0.05704099821746881,0.21221864951768493,0.23529411764705882,0.3,0.0,0.0010083971984892377,0
284,5,4,1,4,0.8580645161290323,0.013094417643004824,0.009264688636097104,0.11229946524064172,0.17041800643086819,0.36470588235294116,0.8444444444444444,0.0,0.0222214073557992,0
285,2,5,6,6,0.809186052905857,0.4198421076845411,0.3125353380986222,0.05811480915909131,0.5205354979841683,0.13298111931951911,0.49441902781625113,-0.16113652773930442,-0.16113652773930442,1
286,7,6,6,2,0.935483870967742,0.6271536871123362,0.5040459716195614,0.22281639928698754,0.3344051446945338,0.8823529411764706,0.7999999999999999,0.03125,0.0,0
287,7,4,6,5,0.9406451612903226,0.35527222605099934,0.547672100387006,0.16042780748663102,0.639871382636656,0.39999999999999997,0.25555555555555554,0.0,0.0,0
288,7,4,6,5,0.9406451612903226,0.35527222605099934,0.547672100387006,0.16042780748663102,0.707395498392283,0.2,0.15555555555555553,0.0,0.0,0
289,7,4,6,5,0.9406451612903226,0.35527222605099934,0.547672100387006,0.16042780748663102,0.7106109324758845,0.1764705882352941,0.15555555555555553,0.0,0.0,0
290,2,5,6,5,0.9406451612903226,0.35527222605099934,0.547672100387006,0.16042780748663102,0.5305466237942122,0.4470588235294118,0.15555555555555553,0.0,0.0,0
291,9,4,6,5,0.9406451612903226,0.35527222605099934,0.547672100387006,0.16042780748663102,0.7427652733118972,0.2823529411764706,0.055555555555555546,0.0,0.007333797807194456,0
292,4,5,6,4,0.9406451612903226,0.34148862853204687,0.5375864899730269,0.11229946524064172,0.6655948553054662,0.29411764705882354,0.09999999999999998,0.0,0.0024201532763741705,0
293,7,6,6,1,0.96,0.6178497587870434,0.49595402838043867,0.19607843137254902,0.7942122186495177,0.15294117647058825,0.5555555555555556,0.0,0.0792508525539951,0
294,8,6,6,1,0.9496774193548387,0.3022053756030324,0.5077987568898792,0.15151515151515152,0.4790996784565918,0.611764705882353,0.3555555555555555,0.0,0.006022881449158447,0
295,7,5,5,6,0.96,0.6178497587870434,0.49595402838043867,0.19607843137254902,0.6430868167202572,0.38823529411764707,0.09999999999999998,0.0,0.0,0
296,6,4,5,6,0.9251612903225808,0.30461750516884906,0.3317696728040343,0.11408199643493762,0.3890675241157557,0.36470588235294116,0.15555555555555553,0.0,0.0008250522533093762,0
297,8,6,5,6,0.7738047045226757,0.15326091936894393,0.18041308700412917,-0.03727458936496751,0.27308071323546473,0.20158459067068313,0.04864341420009488,-0.15135658579990513,-0.15135658579990513,1
298,8,6,5,2,0.935483870967742,0.505513439007581,0.43309487510261524,0.22638146167557932,0.559485530546624,0.32941176470588235,0.5000000000000001,0.0,0.0,0
299,6,5,5,5,0.4477419354838709,0.24086836664369402,0.2649231851764982,0.007130124777183601,0.27009646302250806,0.8823529411764706,0.25555555555555554,0.0,0.0,0
300,6,5,5,0,0.9251612903225808,0.3177119228118539,0.3403307142019468,0.13368983957219252,0.594855305466238,0.11764705882352944,0.5000000000000001,0.0,0.0,0
301,6,5,5,0,1.0329519872769137,0.4255026197661868,0.44812141115627974,0.24148053652652546,0.6511990570829504,0.3901436381308035,0.6633462525098885,0.10779069695433292,0.11101756798949848,1
302,3,6,5,4,0.9341935483870967,0.32046864231564437,0.2629295180016419,0.1265597147950089,0.5466237942122187,0.27058823529411763,0.45555555555555555,0.0,0.0,0
303,3,6,5,4,0.9341935483870967,0.32046864231564437,0.2629295180016419,0.1265597147950089,0.5466237942122187,0.27058823529411763,0.45555555555555555,0.0,0.0,0
304,6,5,4,5,0.856774193548387,0.09269469331495521,0.12419373753958017,0.06238859180035651,0.2926045016077171,0.9294117647058824,0.5000000000000001,0.0,0.0,0
305,1,4,8,6,0.9148387096774193,0.28600964851826327,0.8284273484226574,0.10160427807486631,0.5401929260450162,0.4352941176470589,0.2,0.0,0.0,0
306,7,4,8,6,0.9148387096774193,0.28600964851826327,0.8284273484226574,0.10160427807486631,0.4790996784565918,0.4470588235294118,0.5555555555555556,0.0,0.00037585713761871585,0
307,3,4,8,6,0.9148387096774193,0.28600964851826327,0.8284273484226574,0.10160427807486631,0.694533762057878,0.23529411764705882,0.3555555555555555,0.0,0.00474863408015841,0
308,2,4,8,6,0.9509677419354841,0.3607856650585803,0.8797935968101326,0.17647058823529413,0.44372990353697755,0.35294117647058826,0.15555555555555553,0.0,0.0,0
309,2,4,8,6,0.9509677419354841,0.3607856650585803,0.8797935968101326,0.17647058823529413,0.729903536977492,0.1411764705882353,0.2,0.0,0.0,0
310,7,4,8,6,0.9509677419354841,0.3607856650585803,0.8797935968101326,0.17647058823529413,0.7427652733118972,0.1411764705882353,0.25555555555555554,0.0,0.0,0
311,6,3,8,6,0.9509677419354841,0.3607856650585803,0.8797935968101326,0.17647058823529413,0.7266881028938907,0.15294117647058825,0.15555555555555553,0.0,0.013099996333101096,0
312,2,4,8,6,0.4090322580645161,0.15541006202618884,0.8193972088659552,0.007130124777183601,0.3215434083601286,0.7411764705882353,0.6555555555555556,0.0,0.0,0
313,6,5,8,2,0.9535483870967743,0.3938662991040662,0.9020757593526446,0.15686274509803924,0.7106109324758845,0.1411764705882353,0.5000000000000001,0.0,0.0,0
314,4,4,8,2,0.9535483870967743,0.3938662991040662,0.9020757593526446,0.15686274509803924,0.5627009646302252,0.3058823529411765,0.15555555555555553,0.0,0.0014484250669209052,0
315,3,4,8,2,0.935483870967742,0.46037215713301166,0.949454673390407,0.12834224598930483,0.5241157556270097,0.1764705882352941,0.25555555555555554,0.0,0.0,0
316,4,5,8,3,0.9509677419354841,0.32770503101309445,0.8578632578867128,0.1532976827094474,0.527331189710611,0.10588235294117648,0.6,0.0,0.0,0
317,4,4,8,3,0.9509677419354841,0.32770503101309445,0.8578632578867128,0.1532976827094474,0.5466237942122187,0.10588235294117648,0.5000000000000001,0.0,0.00346521946389938,0
318,6,5,8,3,0.9561290322580644,0.4062715368711234,0.9095813298932802,0.13368983957219252,0.6237942122186497,0.1411764705882353,0.2,0.0,0.0,0
319,5,4,8,3,0.9561290322580644,0.4062715368711234,0.9095813298932802,0.13368983957219252,0.6237942122186497,0.15294117647058825,0.6555555555555556,0.0,0.004042756041215944,0
320,6,3,8,3,0.9561290322580644,0.4062715368711234,0.9095813298932802,0.13368983957219252,0.5369774919614148,0.22352941176470592,0.7555555555555555,0.0,0.031498661581900185,0
321,1,4,8,3,0.9561290322580644,0.4062715368711234,0.9095813298932802,0.13368983957219252,0.4694533762057879,0.15294117647058825,0.39999999999999997,0.0,0.006609585273734004,0
322,6,5,8,3,0.9561290322580644,0.4062715368711234,0.9095813298932802,0.13368983957219252,0.4694533762057879,0.15294117647058825,0.39999999999999997,0.0,0.0009258919731583,0
323,3,5,8,3,0.9290322580645163,0.4679531357684356,0.9556702239943708,0.12121212121212122,0.3440514469453377,0.2823529411764706,0.25555555555555554,0.0,0.0019984599024604893,0
324,6,5,8,3,0.895483870967742,0.17987594762232942,0.8432039404245338,0.09625668449197862,0.36977491961414793,0.4823529411764706,0.15555555555555553,0.0,0.0040519232884749365,0
325,1,4,8,5,0.9483870967741936,0.3487250172294969,0.8720534771901021,0.14973262032085563,0.707395498392283,0.1411764705882353,0.3,0.0,0.0,0
326,5,4,8,5,0.9483870967741936,0.3487250172294969,0.8720534771901021,0.14973262032085563,0.7041800643086817,0.1411764705882353,0.3,0.0,0.0,0
327,6,5,8,5,0.9483870967741936,0.3487250172294969,0.8720534771901021,0.14973262032085563,0.6109324758842445,0.2,0.2,0.0,0.0,0
328,6,5,8,5,0.9483870967741936,0.3487250172294969,0.8720534771901021,0.14973262032085563,0.5627009646302252,0.23529411764705882,0.15555555555555553,0.0,0.0,0
329,4,3,8,5,0.9483870967741936,0.3487250172294969,0.8720534771901021,0.14973262032085563,0.684887459807074,0.1411764705882353,0.39999999999999997,0.0,0.0030526933372446922,0
330,3,3,8,5,0.9483870967741936,0.3487250172294969,0.8720534771901021,0.14973262032085563,0.707395498392283,0.1411764705882353,0.3,0.0,0.00603204869641744,0
331,7,4,8,5,0.935483870967742,0.42487939352170917,0.9234197255775771,0.15151515151515152,0.6205787781350482,0.15294117647058825,0.45555555555555555,0.0,0.014337574713065161,0
332,4,4,8,5,0.935483870967742,0.42487939352170917,0.9234197255775771,0.15151515151515152,0.4790996784565918,0.3058823529411765,0.2,0.0,0.010285651424590226,0
333,1,4,8,0,0.9470967741935483,0.2984148862853205,0.8364020171220828,0.16934046345811052,0.5112540192926047,0.4588235294117647,0.3,0.0,0.0019526236661655237,0
334,2,3,8,0,0.9406451612903226,0.3697450034458994,0.886712794652281,0.11051693404634581,0.5080385852090032,0.4235294117647059,0.5555555555555556,0.0,0.0,0
335,4,3,8,0,0.9406451612903226,0.3697450034458994,0.886712794652281,0.11051693404634581,0.2443729903536978,0.8352941176470587,0.15555555555555553,0.0,0.0,0
336,7,4,8,0,0.9406451612903226,0.3697450034458994,0.886712794652281,0.11051693404634581,0.54983922829582,0.34117647058823525,0.2,0.0,0.0,0
337,6,3,8,0,0.9406451612903226,0.3697450034458994,0.886712794652281,0.11051693404634581,0.6688102893890677,0.22352941176470592,0.2,0.0,0.05137325363939716,0
338,8,6,8,0,0.9406451612903226,0.3697450034458994,0.886712794652281,0.11051693404634581,0.6591639871382637,0.23529411764705882,0.2,0.0,0.006857100949726817,0
339,2,4,8,0,0.9406451612903226,0.3697450034458994,0.886712794652281,0.11051693404634581,0.5852090032154342,0.3058823529411765,0.15555555555555553,0.0,0.0013475853470719813,0
340,2,5,8,0,0.9406451612903226,0.3697450034458994,0.886712794652281,0.11051693404634581,0.54983922829582,0.34117647058823525,0.2,0.0,0.0036027281727842764,0
341,8,6,8,0,0.9445161290322581,0.38111647139903515,0.8941010906532192,0.11586452762923352,0.4340836012861737,0.4235294117647059,0.2,0.0,0.0,0
342,6,3,8,0,0.9393548387096775,0.4445210199862164,0.9372581212618741,0.13368983957219252,0.5916398713826367,0.25882352941176473,0.15555555555555553,0.0,0.0,0
343,8,6,8,0,0.9393548387096775,0.4445210199862164,0.9372581212618741,0.13368983957219252,0.4405144694533763,0.4235294117647059,0.45555555555555555,0.0,0.0019984599024604893,0
344,6,3,8,0,0.9393548387096775,0.4445210199862164,0.9372581212618741,0.13368983957219252,0.3215434083601286,0.6000000000000001,0.5000000000000001,0.0,0.0055920208279857725,0
345,2,2,8,0,0.5666706910990476,0.07183687237558645,0.5645739736512442,-0.23899430803843744,0.09676922859515796,-0.04327238290474761,-0.07268414761062997,-0.37268414761062996,-0.367339642458637,1
346,1,4,8,0,0.9393548387096775,0.4445210199862164,0.9372581212618741,0.13368983957219252,0.6141479099678457,0.23529411764705882,0.2,0.0,0.025842470023101465,0
347,5,4,8,4,0.9470967741935483,0.33735354927636113,0.8647824557288613,0.1711229946524064,0.2540192926045016,0.7058823529411764,0.3555555555555555,0.0,0.0,0
348,3,4,8,4,0.9470967741935483,0.33735354927636113,0.8647824557288613,0.1711229946524064,0.48874598070739556,0.4941176470588235,0.45555555555555555,0.0,0.0,0
349,5,4,8,4,1.199744488796163,0.5900012638789758,1.117430170331476,0.42377070925502114,0.5934837274643512,0.8291183028379088,0.6082032701581702,0.2526477146026147,0.25415114315308956,1
350,5,4,8,4,0.9470967741935483,0.33735354927636113,0.8647824557288613,0.1711229946524064,0.2540192926045016,0.7058823529411764,0.3555555555555555,0.0,0.0034010487330864286,0
351,4,4,8,4,0.9470967741935483,0.33735354927636113,0.8647824557288613,0.1711229946524064,0.42443729903536986,0.4470588235294118,0.6555555555555556,0.0,0.006701257746323934,0
352,7,4,8,4,0.9470967741935483,0.33735354927636113,0.8647824557288613,0.1711229946524064,0.5916398713826367,0.32941176470588235,0.3555555555555555,0.0,0.001860951193575593,0
353,7,4,8,4,1.4358520137415942,0.826108788824407,1.353537695276907,0.6598782342004522,1.0546716382618722,0.86522582778334,0.7443107951036013,0.4887552395480458,0.4903320060765926,1
354,7,4,8,4,0.9470967741935483,0.33735354927636113,0.8647824557288613,0.1711229946524064,0.5305466237942122,0.411764705882353,0.2,0.0,0.005472846613618862,0
355,4,4,8,4,0.9470967741935483,0.33735354927636113,0.8647824557288613,0.1711229946524064,0.5980707395498392,0.23529411764705882,0.5000000000000001,0.0,0.01197242492024495,0
356,4,4,8,4,0.9470967741935483,0.33735354927636113,0.8647824557288613,0.1711229946524064,0.5980707395498392,0.23529411764705882,0.5000000000000001,0.0,0.0011550731546331268,0
357,6,3,8,4,0.9522580645161292,0.4166092350103377,0.916852351354521,0.18181818181818182,0.4405144694533763,0.4705882352941177,0.3555555555555555,0.0,0.0,0
358,6,3,8,4,0.9522580645161292,0.4166092350103377,0.916852351354521,0.18181818181818182,0.5627009646302252,0.2823529411764706,0.25555555555555554,0.0,0.0,0
359,1,4,8,4,0.9522580645161292,0.4166092350103377,0.916852351354521,0.18181818181818182,0.6077170418006432,0.2823529411764706,0.2,0.0,0.007443804774302372,0
360,6,5,8,4,0.9522580645161292,0.4166092350103377,0.916852351354521,0.18181818181818182,0.5209003215434085,0.31764705882352945,0.2,0.0,0.0009992299512302447,0
361,4,3,8,4,0.9522580645161292,0.4166092350103377,0.916852351354521,0.18181818181818182,0.4855305466237943,0.35294117647058826,0.39999999999999997,0.0,0.003611895420043269,0
362,7,4,8,4,0.8967741935483873,0.18642315644383187,0.8495367655681951,0.20677361853832443,0.41800643086816724,0.5764705882352941,0.3,0.0,0.0004766968574676396,0
363,4,3,8,1,0.9445161290322581,0.38111647139903515,0.8941010906532192,0.11586452762923352,0.4405144694533763,0.4470588235294118,0.2,0.0,0.0026860034468849697,0
364,6,5,8,1,1.0929178073795645,0.5295181497463415,1.0425027690005255,0.2642662059765398,0.7561187201479496,0.3836957959943651,0.40395723390286187,0.1484016783473063,0.1535811730486374,1
365,6,5,8,1,0.9445161290322581,0.38111647139903515,0.8941010906532192,0.11586452762923352,0.559485530546624,0.35294117647058826,0.3,0.0,0.01836199625976312,0
366,4,5,8,1,0.9341935483870967,0.4521019986216403,0.9431218482467457,0.22281639928698754,0.4405144694533763,0.27058823529411763,0.5555555555555556,0.0,0.0016042682703237873,0
367,4,5,8,1,0.9341935483870967,0.4521019986216403,0.9431218482467457,0.22281639928698754,0.4565916398713827,0.1411764705882353,0.3555555555555555,0.0,0.0,0
368,6,5,8,5,0.4539574999593099,-0.1603685488168401,0.3822006138631523,-0.33179375068757644,-0.012072994802644177,-0.10505578277313793,0.018473628991568014,-0.4815263710084321,-0.4699389704730649,1
369,4,5,8,6,0.9329032258064516,0.9483115093039284,0.9583675384074118,0.1265597147950089,0.37299035369774924,0.7294117647058824,0.7999999999999999,0.0,0.0,0
370,7,4,8,6,0.9329032258064516,0.9483115093039284,0.9583675384074118,0.1265597147950089,0.37299035369774924,0.7294117647058824,0.7999999999999999,0.0,0.010138975468446335,0
371,3,4,6,2,1.3960048801615317,0.9080704189445734,1.0526380416183085,0.5940912466729457,0.837340841161428,0.9573711040704501,0.8514887511292737,0.45148875112927367,0.45148875112927367,1
372,4,5,7,6,0.9458064516129032,0.6964162646450723,0.7700246276533365,0.1443850267379679,0.2636655948553055,0.7058823529411764,0.055555555555555546,0.0,0.0,0
373,5,4,7,3,0.9819354838709677,0.7625775327360441,0.8100152456901607,0.24777183600713015,0.581993569131833,0.31764705882352945,0.25555555555555554,0.0,0.0,0
374,6,5,8,4,0.5386913786142867,0.6103407416786917,0.6086048602683873,-0.25327228074975205,-0.12472942835594447,0.3559968814605866,0.014820410872351253,-0.3851795891276487,-0.3684035266436914,1
375,6,5,8,5,0.935483870967742,0.321157822191592,0.8637269848715844,0.14973262032085563,0.42443729903536986,0.4941176470588235,0.5000000000000001,0.0,0.03607311796413773,0
376,8,6,7,0,0.9470967741935483,0.7095106822880771,0.7795238653688285,0.1461675579322638,0.6077170418006432,0.4588235294117647,0.2,0.0,0.0,0
377,2,2,7,5,0.967741935483871,0.7925568573397657,0.8293655447402369,0.14973262032085563,0.6334405144694535,0.31764705882352945,0.2,0.0,0.16008763888379599,0
378,6,5,2,3,0.9316129032258067,0.061337008959338385,0.026621320511316993,0.14260249554367202,0.20900321543408362,0.4235294117647059,0.6,0.0,0.0,0
379,4,5,0,6,0.0,0.0,0.1917438724053008,0.0,0.09646302250803859,1.0,0.055555555555555546,0.0,0.0,0
380,5,4,6,2,1.2429819690496726,0.6205191514155604,0.8040309330615212,0.4873612456870138,0.8250792618616216,0.5575929747422722,1.0307955891213572,0.2752400335658016,0.2823263156970033,1
381,8,6,7,3,0.9290322580645163,0.6650585802894555,0.7448106016183886,0.12121212121212122,0.45016077170418006,0.5647058823529412,0.25555555555555554,0.0,0.01497011477393568,0
382,8,6,7,2,0.9870967741935486,0.7463818056512749,0.7999296352761815,0.32085561497326204,0.8360128617363345,0.1647058823529412,0.15555555555555553,0.0,0.0053720068937699395,0
383,9,6,7,3,0.9406451612903226,0.8521709166092349,0.874750791603143,0.11229946524064172,0.5884244372990355,0.5058823529411764,0.25555555555555554,0.0,0.03929998899930329,0
384,8,4,7,5,0.9406451612903226,0.9396967608545831,0.9513310660255659,0.13725490196078433,0.6141479099678457,0.34117647058823525,0.45555555555555555,0.0,0.01116570716145356,0
385,2,4,7,6,0.9406451612903226,0.6209510682288077,0.7096282397091592,0.1354723707664884,0.6012861736334405,0.411764705882353,0.2,0.0,0.014667595614388912,0
386,3,4,8,6,0.9264516129032259,0.3294279807029635,0.8708807317931277,0.20320855614973263,0.5916398713826367,0.4705882352941177,0.5555555555555556,0.0,0.022542261009863958,0
387,5,5,2,3,0.9316129032258067,0.061337008959338385,0.026621320511316993,0.14260249554367202,0.30225080385852093,0.38823529411764707,0.5555555555555556,0.0,0.0,0
388,6,4,7,4,0.6661838718231174,0.46267705783498914,0.5037628713578024,-0.10184786873234225,0.3627049795920212,-0.09222220028314437,-0.015751612047850305,-0.3157516120478503,-0.2894049434255042,1
389,7,4,7,4,0.9819354838709677,0.7784286698828394,0.8195144834056527,0.21390374331550804,0.6784565916398715,0.22352941176470592,0.3,0.0,0.0,0
390,7,4,1,0,0.9962337726641572,0.17356642422815072,0.20372723744585616,0.2177046484044825,0.31503887586921875,0.8034443988501154,0.8001764249939062,0.1446208694383506,0.15375144770830768,1
391,8,6,8,4,0.9341935483870967,0.3108201240523777,0.8563386888706462,0.12834224598930483,0.594855305466238,0.36470588235294116,0.25555555555555554,0.0,0.027666752227641086,0
392,1,3,8,6,0.9329032258064516,0.9483115093039284,0.9583675384074118,0.1265597147950089,0.6334405144694535,0.32941176470588235,0.39999999999999997,0.0,0.06486744160463497,0
393,2,4,2,1,0.9638709677419357,0.047898001378359756,0.020757593526445413,0.20320855614973263,0.41800643086816724,0.047058823529411764,0.7999999999999999,0.0,0.0,0
394,6,5,1,0,0.8438709677419354,0.01206064782908339,0.045502521402603496,0.03921568627450981,0.09967845659163987,0.6235294117647059,0.15555555555555553,0.0,0.0,0
395,4,5,1,6,0.8554838709677419,0.02722260509993108,0.05746452445174153,0.06238859180035651,0.2540192926045016,0.5529411764705883,0.15555555555555553,0.0,0.047468006307066116,0
396,4,3,8,6,0.9264516129032259,0.3294279807029635,0.8708807317931277,0.20320855614973263,0.5852090032154342,0.4705882352941177,0.5000000000000001,0.0,0.0033368780022734776,0
397,5,6,7,6,0.9406451612903226,0.6209510682288077,0.7096282397091592,0.1354723707664884,0.7106109324758845,0.21176470588235297,0.3555555555555555,0.0,0.0033277107550144843,0
398,1,2,7,5,0.967741935483871,0.7925568573397657,0.8293655447402369,0.14973262032085563,0.762057877813505,0.2,0.3,0.0,0.0,0
399,9,5,5,2,0.9625806451612904,0.1667815299793246,0.33986161604315707,0.24955436720142604,0.829581993569132,0.22352941176470592,0.45555555555555555,0.0,0.0,0
400,9,5,5,2,0.9625806451612904,0.1667815299793246,0.33986161604315707,0.24955436720142604,0.829581993569132,0.22352941176470592,0.45555555555555555,0.0,0.007480473763338345,0
401,3,4,8,3,0.9341935483870967,0.30013783597518956,0.8488331183300106,0.14795008912655974,0.662379421221865,0.36470588235294116,0.39999999999999997,0.0,0.00453778739320157,0
402,9,9,7,4,0.9819354838709677,0.7784286698828394,0.8195144834056527,0.21390374331550804,0.7331189710610932,0.24705882352941178,0.39999999999999997,0.0,0.0,0
403,8,6,7,3,0.9290322580645163,0.6650585802894555,0.7448106016183886,0.12121212121212122,0.6141479099678457,0.3058823529411765,0.3555555555555555,0.0,0.0,0
404,2,4,8,2,0.8929032258064518,0.2884217780840799,0.8410929987099801,0.06595365418894832,0.6302250803858522,0.22352941176470592,0.2,0.0,0.005537017344431814,0
405,2,2,7,1,0.9793548387096773,0.7270847691247415,0.7892576521637152,0.16934046345811052,0.8263665594855307,0.1411764705882353,0.2,0.0,0.0,0
406,6,5,8,5,0.8825806451612903,1.0000000000000002,1.0,0.07130124777183601,0.47588424437299043,0.611764705882353,0.5000000000000001,0.0,0.003621062667302263,0
407,4,5,1,5,0.8516129032258066,0.02446588559614059,0.05523630819749032,0.05169340463458111,0.38585209003215437,0.36470588235294116,0.39999999999999997,0.0,0.0,0
408,4,3,8,4,0.9238709677419354,0.9955203308063404,0.993784449396036,0.13190730837789663,0.5691318327974277,0.34117647058823525,0.3,0.0,0.007150452862014594,0
409,1,4,6,1,0.9496774193548387,0.32770503101309445,0.5187052890817404,0.21568627450980393,0.6816720257234727,0.18823529411764706,0.5555555555555556,0.0,0.0,0
410,6,3,1,4,0.8438709677419354,0.021364576154376293,0.05265626832414683,0.04812834224598931,0.4019292604501608,0.31764705882352945,0.25555555555555554,0.0,0.0,0
411,7,4,1,4,0.8503225806451613,0.007236388697450035,0.04186701067198311,0.058823529411764705,0.19292604501607719,0.4470588235294118,1.0,0.0,0.004235268233654798,0
412,9,4,6,0,0.9496774193548387,0.31357684355616816,0.5092060513662484,0.17468805704099824,0.662379421221865,0.1411764705882353,0.45555555555555555,0.0,0.0014942613032158704,0
413,7,5,7,5,0.967741935483871,0.7925568573397657,0.8293655447402369,0.14973262032085563,0.7781350482315113,0.21176470588235297,0.3555555555555555,0.0,0.0,0
414,5,4,7,6,0.9664516129032259,0.8063404548587181,0.8387475079160315,0.1800356506238859,0.7041800643086817,0.411764705882353,0.39999999999999997,0.0,0.0,0
415,8,6,7,3,0.9819354838709677,0.7625775327360441,0.8100152456901607,0.24777183600713015,0.8135048231511255,0.1411764705882353,0.5000000000000001,0.0,0.6841333284441348,0
416,6,3,6,1,0.9548387096774196,0.5616815988973122,0.6660021109417146,0.15864527629233513,0.77491961414791,0.2823529411764706,0.3,0.0,0.006435407575813135,0
417,6,5,2,2,0.9638709677419357,0.05582356995175741,0.023924006098276066,0.17647058823529413,0.37299035369774924,0.10588235294117648,0.6,0.0,0.0,0
418,2,4,7,6,0.9458064516129032,0.6964162646450723,0.7700246276533365,0.1443850267379679,0.729903536977492,0.31764705882352945,0.5555555555555556,0.0,0.002236808331194309,0
419,2,5,7,6,0.9406451612903226,0.6209510682288077,0.7096282397091592,0.1354723707664884,0.7266881028938907,0.24705882352941178,0.39999999999999997,0.0,0.0027960104139928862,0
420,8,8,7,2,0.9419354838709679,0.6557546519641626,0.736484109299871,0.13903743315508021,0.7717041800643087,0.24705882352941178,0.45555555555555555,0.0,0.17029078508305526,0
421,2,4,7,2,0.9870967741935486,0.7463818056512749,0.7999296352761815,0.32085561497326204,0.919614147909968,0.047058823529411764,0.45555555555555555,0.0,0.0,0
422,8,6,6,6,0.9058064516129034,0.9028256374913853,0.9241233728157617,0.09269162210338681,0.8713826366559487,0.1411764705882353,0.3555555555555555,0.0,0.005775365773165634,0
423,1,3,8,5,0.935483870967742,0.321157822191592,0.8637269848715844,0.14973262032085563,0.6463022508038587,0.38823529411764707,0.39999999999999997,0.0,0.000660041802647501,0
424,8,6,7,5,0.967741935483871,0.7925568573397657,0.8293655447402369,0.14973262032085563,0.7942122186495177,0.18823529411764706,0.3555555555555555,0.0,0.004546954640460563,0
425,2,2,7,3,0.9406451612903226,0.8521709166092349,0.874750791603143,0.11229946524064172,0.5852090032154342,0.4823529411764706,0.2,0.0,0.0,0
426,8,6,7,3,0.9406451612903226,0.8521709166092349,0.874750791603143,0.11229946524064172,0.5852090032154342,0.4823529411764706,0.2,0.0,0.0,0
427,2,4,7,0,0.9470967741935483,0.7095106822880771,0.7795238653688285,0.1461675579322638,0.8263665594855307,0.21176470588235297,0.2,0.0,0.0021543031058633717,0
428,1,3,7,3,0.9819354838709677,0.7625775327360441,0.8100152456901607,0.24777183600713015,0.7717041800643087,0.22352941176470592,0.6,0.0,0.0,0
429,3,4,7,6,0.9406451612903226,0.6209510682288077,0.7096282397091592,0.1354723707664884,0.7202572347266882,0.34117647058823525,0.39999999999999997,0.0,0.0029335191228777825,0
430,7,4,8,3,1.160927609743509,1.230670390028518,1.2315465544996347,0.36601069869756564,0.7978532398648657,0.5977397539560326,0.6003541330409999,0.2447985774854444,0.2447985774854444,1
431,1,3,7,5,0.9470967741935483,0.6095796002756719,0.7005981001524569,0.1711229946524064,0.6784565916398715,0.29411764705882354,0.39999999999999997,0.0,0.005830369256719593,0
432,8,6,7,3,0.9819354838709677,0.7625775327360441,0.8100152456901607,0.24777183600713015,0.6977491961414792,0.27058823529411763,0.7000000000000001,0.0,0.0,0
433,2,4,7,6,1.173547963293507,1.0134368052489993,1.0458438583063125,0.387132001014167,0.8083825240237216,0.8070963503902812,0.7070963503902812,0.2070963503902811,0.22115890768557647,1
434,1,4,7,4,0.927741935483871,0.9259131633356306,0.9420663773894689,0.09803921568627451,0.6430868167202572,0.35294117647058826,0.3555555555555555,0.0,0.0,0
435,2,5,6,5,0.9303225806451614,0.28807718814610617,0.4323912278644307,0.09982174688057041,0.694533762057878,0.4235294117647059,0.15555555555555553,0.0,0.0,0
436,8,6,7,0,0.9470967741935483,0.7095106822880771,0.7795238653688285,0.1461675579322638,0.7909967845659165,0.23529411764705882,0.09999999999999998,0.0,0.0004950313519856258,0
437,8,6,7,5,0.9122580645161291,0.8700895933838731,0.891872874398968,0.17290552584670232,0.38585209003215437,0.6823529411764706,0.25555555555555554,0.0,0.0,0
438,2,5,7,5,0.967741935483871,0.7925568573397657,0.8293655447402369,0.14973262032085563,0.6881028938906755,0.4470588235294118,0.39999999999999997,0.0,0.0058945399875325434,0
439,1,3,8,4,0.9341935483870967,0.3108201240523777,0.8563386888706462,0.12834224598930483,0.5434083601286175,0.36470588235294116,0.2,0.0,0.0003025191595467713,0
440,5,4,8,4,0.9238709677419354,0.9955203308063404,0.993784449396036,0.13190730837789663,0.45016077170418006,0.5058823529411764,0.3555555555555555,0.0,0.0,0
441,8,6,7,0,0.9470967741935483,0.7095106822880771,0.7795238653688285,0.1461675579322638,0.7491961414790997,0.1647058823529412,0.15555555555555553,0.0,0.0011275714128561477,0
442,6,5,3,0,0.8929032258064518,0.08201240523776705,0.039521519878034476,0.06595365418894832,0.27974276527331193,0.5764705882352941,0.3,0.0,0.0030710278317626783,0
443,1,2,6,4,0.9290322580645163,0.2749827705031013,0.42265744106954384,0.29946524064171126,0.4051446945337621,0.7411764705882353,0.8444444444444444,0.0,0.0,0
444,2,5,8,4,0.9238709677419354,0.9955203308063404,0.993784449396036,0.13190730837789663,0.45016077170418006,0.5058823529411764,0.3555555555555555,0.0,0.009130578269957099,0
445,5,5,7,6,0.9716129032258065,0.16126809097174363,0.10883077283921662,0.19073083778966132,0.4855305466237943,0.7647058823529411,0.45555555555555555,0.0,0.0,0
446,6,5,7,6,0.9458064516129032,0.6964162646450723,0.7700246276533365,0.1443850267379679,0.5434083601286175,0.6470588235294117,0.2,0.0,0.0,0
447,3,4,2,2,0.9638709677419357,0.05582356995175741,0.023924006098276066,0.17647058823529413,0.21543408360128619,0.23529411764705882,0.8444444444444444,0.0,0.0,0
448,7,4,8,2,0.9161290322580646,0.977946243969676,0.9805324264102264,0.1800356506238859,0.2668810289389068,0.7294117647058824,0.39999999999999997,0.0,0.0,0
449,7,4,7,6,0.9406451612903226,0.6209510682288077,0.7096282397091592,0.1354723707664884,0.54983922829582,0.5411764705882354,0.5000000000000001,0.0,0.0,0
450,4,5,7,2,0.9870967741935486,0.7463818056512749,0.7999296352761815,0.32085561497326204,0.6816720257234727,0.39999999999999997,0.5555555555555556,0.0,0.0058945399875325434,0
451,1,4,7,4,0.9264516129032259,0.6743625086147484,0.7529025448575114,0.29055258467023176,0.30868167202572355,0.8588235294117645,0.5000000000000001,0.0,0.008901397088482272,0
452,7,4,7,0,0.9393548387096775,0.8170227429359062,0.8475430983933389,0.13368983957219252,0.49839228295819943,0.588235294117647,0.39999999999999997,0.0,0.0,0
453,4,5,7,3,0.9122580645161291,0.9135079255685733,0.9328016887533717,0.09982174688057041,0.48874598070739556,0.4588235294117647,0.3,0.0,0.0,0
454,3,4,7,3,0.9406451612903226,0.8521709166092349,0.874750791603143,0.11229946524064172,0.4694533762057879,0.4823529411764706,0.3,0.0,0.0,0
455,3,4,6,0,0.9793548387096773,0.5475534114403859,0.6559165005277355,0.2976827094474153,0.504823151125402,0.38823529411764707,0.25555555555555554,0.0,0.0,0
456,2,4,7,3,0.9406451612903226,0.8521709166092349,0.874750791603143,0.11229946524064172,0.4630225080385853,0.5176470588235293,0.25555555555555554,0.0,0.0,0
457,1,4,7,2,0.9419354838709679,0.6557546519641626,0.736484109299871,0.13903743315508021,0.5691318327974277,0.411764705882353,0.39999999999999997,0.0,0.07585897106816765,0
458,8,6,7,5,0.967741935483871,0.7925568573397657,0.8293655447402369,0.14973262032085563,0.5369774919614148,0.5764705882352941,0.5000000000000001,0.0,0.003043526089985699,0
459,7,4,7,5,0.9406451612903226,0.9396967608545831,0.9513310660255659,0.13725490196078433,0.4276527331189711,0.6705882352941177,0.8444444444444444,0.0,0.0017784459682446555,0
460,2,5,7,5,0.5654290724703759,0.39024399432627055,0.4270526817267418,-0.25258024269263946,0.13466462894791964,0.17415772522179895,0.097687136986505,-0.4023128630134951,-0.4023128630134951,1
461,8,6,7,5,0.967741935483871,0.7925568573397657,0.8293655447402369,0.14973262032085563,0.5369774919614148,0.5764705882352941,0.5000000000000001,0.0,0.0,0
462,1,4,8,6,0.9329032258064516,0.9483115093039284,0.9583675384074118,0.1265597147950089,0.39549839228295824,0.7176470588235293,0.7999999999999999,0.0,0.0034010487330864286,0
463,6,5,1,1,0.727741935483871,0.01137146795313577,0.00973378679488683,0.0338680926916221,0.07717041800643087,0.7882352941176471,0.6555555555555556,0.0,0.004941146272597265,0
464,6,4,1,1,0.727741935483871,0.01137146795313577,0.00973378679488683,0.0338680926916221,0.09324758842443731,0.7294117647058824,0.5555555555555556,0.0,0.001961790913424517,0
465,2,2,1,5,1.2702612914352405,0.49435991085232744,0.4944234783405921,0.5178307239003084,0.562915580409413,1.0033922212265116,0.5413007179585377,0.48574516240298216,0.4920155595281334,1
466,6,5,2,0,0.8838709677419356,0.048242591316333565,0.03400961651225519,0.1265597147950089,0.25723472668810293,0.35294117647058826,0.6,0.0,0.0029151846283597964,0
467,3,4,2,2,0.9225806451612903,0.05995864920744315,0.03893514717954732,0.13012477718360071,0.28938906752411575,0.3058823529411765,0.5555555555555556,0.0,0.005087822228741153,0
468,6,5,2,3,0.9367741935483871,0.06719503790489319,0.04174973613228568,0.15151515151515152,0.35691318327974286,0.1411764705882353,0.3555555555555555,0.0,0.0060595504381944195,0
469,6,3,3,6,0.9329032258064516,0.04651964162646451,0.020757593526445413,0.21925133689839574,0.36977491961414793,0.21176470588235297,1.0,0.0,0.05603938249422464,0
470,5,4,3,6,0.9329032258064516,0.04651964162646451,0.020757593526445413,0.21925133689839574,0.4951768488745982,0.1411764705882353,0.6,0.0,0.0,0
471,4,3,4,4,1.3515064489464061,0.5204030941966229,0.5138343863898969,0.5382720173438531,0.9447063244779901,0.7307853863278104,0.8366677392689867,0.43666773926898683,0.4719433067215922,1
472,8,3,5,0,0.8967741935483873,0.32770503101309445,0.2592940072710215,0.08377896613190731,0.3890675241157557,0.7529411764705882,0.39999999999999997,0.0,0.0017784459682446555,0
473,9,4,5,5,0.9264516129032259,0.2067539627842867,0.2869707986396154,0.16755793226381463,0.717041800643087,0.411764705882353,0.3,0.0,0.06446408272523926,0
474,4,3,5,3,0.9587096774193549,0.3538938662991041,0.36214377858566904,0.19251336898395724,0.7781350482315113,0.23529411764705882,0.25555555555555554,0.0,0.009240585237065014,0
475,2,5,5,3,0.967741935483871,0.4155754651964163,0.40143074938430867,0.32085561497326204,0.6591639871382637,0.29411764705882354,1.0,0.0,0.0029243518756187892,0
476,4,3,6,3,0.9651612903225808,0.290144727773949,0.4539697431687581,0.17647058823529413,0.8038585209003217,0.15294117647058825,0.09999999999999998,0.0,0.0016134355175827803,0
477,4,3,6,6,0.967741935483871,0.3452791178497588,0.4872757124428287,0.2620320855614973,0.7684887459807075,0.35294117647058826,0.39999999999999997,0.0,0.0067470939826188995,0
478,7,4,6,6,0.967741935483871,0.3452791178497588,0.4872757124428287,0.2620320855614973,0.5144694533762058,0.7882352941176471,0.45555555555555555,0.0,0.0020259616442374682,0
479,7,4,6,0,0.9096774193548389,0.3542384562370779,0.4968922246980181,0.11408199643493762,0.6559485530546625,0.4941176470588235,0.5000000000000001,0.0,0.25533533790473395,0
480,9,9,6,3,0.9612903225806453,0.39042039972432807,0.6474727336695204,0.16934046345811052,0.9003215434083602,0.11764705882352944,0.45555555555555555,0.0,0.002520992996223094,0
481,4,3,6,3,0.9612903225806453,0.39042039972432807,0.6474727336695204,0.16934046345811052,0.9003215434083602,0.08235294117647057,0.5000000000000001,0.0,0.0,0
482,3,4,7,6,0.9832258064516131,0.4452101998621641,0.6792541339275244,0.25133689839572193,0.6816720257234727,0.29411764705882354,0.6,0.0,0.0011825748964101061,0
483,8,6,7,6,0.9832258064516131,0.4452101998621641,0.6792541339275244,0.25133689839572193,0.9260450160771705,0.1411764705882353,0.5555555555555556,0.0,0.0,0
484,2,5,7,6,0.9832258064516131,0.4452101998621641,0.6792541339275244,0.25133689839572193,0.9935691318327977,0.11764705882352944,0.39999999999999997,0.0,0.024229034505518682,0
485,2,4,7,0,0.9845161290322582,0.4631288766368022,0.6900433915796881,0.37967914438502676,0.9131832797427655,0.15294117647058825,0.3555555555555555,0.0,0.0018976201826115652,0
486,5,4,7,1,0.9858064516129033,0.4831150930392833,0.7011844728509441,0.3155080213903743,0.7041800643086817,0.32941176470588235,0.6555555555555556,0.0,0.001833449451798614,0
487,5,4,7,1,0.9858064516129033,0.4831150930392833,0.7011844728509441,0.3155080213903743,0.7781350482315113,0.22352941176470592,0.3555555555555555,0.0,0.015034285504748633,0
488,4,4,7,1,0.9858064516129033,0.4831150930392833,0.7011844728509441,0.3155080213903743,0.5530546623794212,0.6588235294117648,0.7999999999999999,0.0,0.04281104469949764,0
489,4,4,7,2,0.9858064516129033,0.4831150930392833,0.7011844728509441,0.3155080213903743,0.5916398713826367,0.5058823529411764,0.09999999999999998,0.0,0.0,0
490,4,4,7,2,0.9858064516129033,0.4831150930392833,0.7011844728509441,0.3155080213903743,0.852090032154341,0.21176470588235297,0.39999999999999997,0.0,0.0,0
491,4,4,7,3,0.9948387096774194,0.519986216402481,0.7226457136155742,0.24598930481283424,0.9710610932475885,0.07058823529411767,0.45555555555555555,0.0,0.0,0
492,1,3,7,4,0.9961290322580647,0.5406616126809096,0.7337867948868302,0.20142602495543674,0.9710610932475885,0.1411764705882353,0.2,0.0,0.0,0
493,1,3,7,4,0.9961290322580647,0.5406616126809096,0.7337867948868302,0.20142602495543674,0.8135048231511255,0.1647058823529412,0.45555555555555555,0.0,0.03971251512595798,0
494,6,6,7,5,0.9974193548387098,0.5613370089593384,0.7448106016183886,0.24955436720142604,0.919614147909968,0.1764705882352941,0.5000000000000001,0.0,0.007874665395475046,0
495,6,6,7,0,1.0,0.6009648518263266,0.7668582150815058,0.29946524064171126,0.6977491961414792,0.31764705882352945,0.2,0.0,0.0,0
496,4,5,7,0,1.0,0.6009648518263266,0.7668582150815058,0.29946524064171126,0.9774919614147912,0.1294117647058824,0.3,0.0,0.0025393274907410802,0
497,3,4,7,1,0.9987096774193549,0.62026188835286,0.7778820218130644,0.25490196078431376,0.9678456591639872,0.1411764705882353,0.2,0.0,0.013457518976201826,0
498,6,5,7,1,0.9987096774193549,0.62026188835286,0.7778820218130644,0.25490196078431376,1.0,0.1294117647058824,0.25555555555555554,0.0,0.0371640203879579,0
499,7,5,7,1,0.9987096774193549,0.62026188835286,0.7778820218130644,0.25490196078431376,0.807073954983923,0.5647058823529412,0.5000000000000001,1.0,0.009918961534230502,0
500,8,6,7,1,0.9987096774193549,0.62026188835286,0.7778820218130644,0.25490196078431376,0.6237942122186497,0.588235294117647,0.5000000000000001,0.125,0.0,0
501,7,5,7,1,0.9987096774193549,0.62026188835286,0.7778820218130644,0.25490196078431376,0.6237942122186497,0.588235294117647,0.5000000000000001,0.125,0.0,0
502,4,4,7,1,0.9987096774193549,0.62026188835286,0.7778820218130644,0.25490196078431376,0.594855305466238,0.6352941176470588,0.5000000000000001,0.0625,0.0,0
503,2,4,7,2,0.9780645161290322,0.47656788421778085,0.7988741644189047,0.35650623885918004,0.8681672025723475,0.1764705882352941,0.5000000000000001,0.0,0.0017876132155036485,0
504,4,3,7,2,0.9780645161290322,0.47656788421778085,0.7988741644189047,0.35650623885918004,0.8585209003215435,0.1647058823529412,0.5000000000000001,0.0,0.04546037915734664,0
505,1,2,7,3,0.9329032258064516,0.5585802894555478,0.8637269848715844,0.1800356506238859,0.7877813504823152,0.23529411764705882,0.15555555555555553,0.0,0.00531700341021598,0
506,1,2,7,4,0.9329032258064516,0.5713301171605789,0.8733434971267738,0.1265597147950089,0.5241157556270097,0.6823529411764706,0.9,0.0,0.0,0
507,2,4,7,4,0.9329032258064516,0.5713301171605789,0.8733434971267738,0.1265597147950089,0.762057877813505,0.3058823529411765,0.3555555555555555,0.0,0.0,0
508,1,2,7,4,0.9329032258064516,0.5713301171605789,0.8733434971267738,0.1265597147950089,0.762057877813505,0.3058823529411765,0.3555555555555555,0.0,0.0,0
509,5,4,7,4,0.9329032258064516,0.5713301171605789,0.8733434971267738,0.1265597147950089,0.6077170418006432,0.6588235294117648,0.7999999999999999,0.21875,0.001989292655201496,0
510,6,5,7,4,0.9329032258064516,0.5713301171605789,0.8733434971267738,0.1265597147950089,0.5144694533762058,0.5529411764705883,0.5555555555555556,0.0,0.000394191632136702,0
511,8,6,7,6,0.8116129032258064,0.19159200551343902,0.7713146475900082,0.0338680926916221,0.8231511254019295,0.23529411764705882,0.25555555555555554,0.0,0.0,0
512,4,3,7,6,0.8116129032258064,0.19159200551343902,0.7713146475900082,0.0338680926916221,0.8231511254019295,0.2,0.25555555555555554,0.0,0.005903707234791537,0
513,2,4,7,6,0.8116129032258064,0.19159200551343902,0.7713146475900082,0.0338680926916221,0.6334405144694535,0.6588235294117648,0.6,0.0,0.04976898536907338,0
514,7,4,7,6,0.8116129032258064,0.19159200551343902,0.7713146475900082,0.0338680926916221,0.6109324758842445,0.6470588235294117,0.7000000000000001,0.0,0.010230647941036265,0
515,1,4,7,5,0.9767741935483873,0.4993108201240524,0.7116219068840156,0.20142602495543674,0.7524115755627012,0.31764705882352945,0.39999999999999997,0.0,0.0,0
516,6,3,10,1,0.7845161290322582,0.006547208821502412,0.11586724522106252,0.019607843137254905,0.30868167202572355,0.18823529411764706,0.45555555555555555,0.0,0.0,0
