,World2018,National2018,World2019,National2019,World2020,National2020,Country,SIZE,FOCUS,RESEARCH INTENSITY,AGE,STATUS,Academic Reputation,Employer Reputation,Faculty Student,Citations per Faculty,International Faculty,International Students,ground_truth
0,1.0,1.0,1.0,1.0,1,1.0,55,1,0,3,5.0,1,0.9999999999999999,0.9999999999999999,0.9999999999999999,0.9979797979797981,1.0,0.9404040404040405,0
1,2.0,2.0,2.0,2.0,2,2.0,55,0,1,3,5.0,1,0.9999999999999999,0.9999999999999999,0.9999999999999999,0.9858585858585859,0.9979736575481256,0.6737373737373739,0
2,3.0,3.0,3.0,3.0,3,3.0,55,0,1,3,5.0,1,0.9999999999999999,0.9999999999999999,0.9866666666666667,0.995959595959596,0.8611955420466059,0.6181818181818183,0
3,6.0,2.0,5.0,1.0,4,1.0,54,0,1,3,5.0,0,0.9999999999999999,0.9999999999999999,0.9999999999999999,0.8454545454545456,0.9969604863221885,0.984848484848485,0
4,4.0,4.0,4.0,4.0,5,4.0,55,2,0,3,5.0,1,1.2887767151706317,1.1200045555727842,1.3116457380396547,1.3116457380396547,1.3055667106840319,1.1833629097568266,1
5,10.0,1.0,7.0,1.0,6,1.0,48,0,0,3,5.0,0,0.9833679833679833,0.9663608562691132,0.8461538461538461,0.9838383838383841,1.0,0.9797979797979799,0
6,5.0,1.0,6.0,2.0,7,2.0,54,0,1,3,5.0,0,0.9999999999999999,0.9999999999999999,0.9999999999999999,0.7393939393939395,1.0,0.9757575757575758,0
7,7.0,3.0,10.0,4.0,8,3.0,54,3,1,3,5.0,0,0.9927234927234926,0.9867482161060143,0.9805128205128205,0.7646464646464648,0.9908814589665654,1.0,0
8,8.0,4.0,8.0,3.0,9,4.0,54,0,1,3,5.0,0,0.9854469854469853,0.998980632008155,0.997948717948718,0.7181818181818183,1.0,1.0,0
9,9.0,5.0,9.0,5.0,10,5.0,55,0,1,3,5.0,1,0.9948024948024948,0.9357798165137615,0.9641025641025641,0.782828282828283,0.6980749746707194,0.8080808080808082,0
10,11.0,1.0,12.0,2.0,11,1.0,43,0,1,3,3.0,0,0.9178794178794177,0.9367991845056065,0.9374358974358975,0.8868686868686869,1.0,0.7393939393939395,0
11,15.0,2.0,11.0,1.0,12,2.0,43,3,1,3,5.0,0,0.9979209979209979,0.9918450560652395,0.88,0.7545454545454546,1.0,0.7616161616161617,0
12,13.0,6.0,13.0,6.0,13,6.0,55,1,0,3,5.0,1,0.9989604989604989,0.9857288481141692,0.6994871794871795,1.0,0.6443768996960487,0.6727272727272727,0
13,14.0,7.0,14.0,7.0,14,7.0,55,0,1,3,5.0,1,1.3009777230683668,1.216631909364755,0.9626963647870085,1.264996287086931,1.251674620573775,1.0346932567839007,1
14,19.0,11.0,19.0,10.0,15,8.0,55,0,1,3,5.0,1,1.1413915739626126,1.1208304341354178,1.1850506176216562,0.857777890348929,1.022943221471707,0.8173738499448886,1
15,25.0,1.0,17.0,1.0,16,1.0,8,3,1,3,5.0,0,0.9729729729729729,0.9908256880733944,0.9220512820512821,0.8020202020202022,0.6757852077001014,0.29393939393939394,0
16,16.0,8.0,15.0,8.0,17,9.0,55,0,1,3,5.0,1,1.20693962967421,1.2069597627218662,1.207979130713711,0.7382821610167416,0.986094632233468,0.777676100410681,1
17,18.0,10.0,16.0,9.0,18,10.0,55,0,1,3,5.0,1,0.8315204993767256,0.8101741706909473,0.8346390024952286,0.35989152774775396,0.22774943815885584,0.8033258711820974,1
18,12.0,2.0,22.0,2.0,19,2.0,48,1,2,3,5.0,0,0.7463617463617462,0.7716615698267074,0.9651282051282051,0.988888888888889,1.0,1.0,0
19,24.0,6.0,18.0,5.0,20,5.0,54,3,1,3,5.0,0,0.9740124740124739,0.9357798165137615,0.8523076923076922,0.5252525252525253,0.9797365754812564,0.9858585858585859,0
20,22.0,13.0,20.0,11.0,21,11.0,55,3,1,3,5.0,0,0.9885654885654885,0.9429153924566769,0.9076923076923077,0.6121212121212123,0.7943262411347519,0.4353535353535354,0
21,38.0,2.0,30.0,2.0,22,2.0,8,3,1,3,5.0,0,0.9906444906444906,0.9959225280326197,0.7158974358974358,0.7272727272727274,0.7031408308004053,0.36262626262626263,0
22,29.0,1.0,23.0,1.0,23,1.0,24,0,1,3,5.0,0,0.9999999999999999,0.9908256880733944,0.9312820512820512,0.6757575757575759,0.09929078014184398,0.2545454545454546,0
23,17.0,9.0,21.0,12.0,24,12.0,55,0,1,3,5.0,1,0.8783783783783783,0.5168195718654434,0.9999999999999999,0.7737373737373738,0.6838905775075989,0.8131313131313133,0
24,21.0,12.0,26.0,13.0,25,13.0,55,0,1,3,5.0,1,0.8856548856548856,0.8389398572884812,0.9938461538461539,0.8010101010101011,0.11246200607902736,0.5888888888888889,0
25,26.0,1.0,25.0,1.0,26,1.0,17,0,1,3,5.0,0,0.9719334719334719,0.8226299694189602,0.8687179487179487,0.43939393939393945,1.0,0.9909090909090911,0
26,34.0,7.0,29.0,6.0,27,6.0,54,3,1,3,5.0,0,0.946985446985447,0.9765545361875637,0.7343589743589742,0.5101010101010102,0.9250253292806484,0.9858585858585859,0
27,27.0,14.0,27.0,14.0,28,14.0,55,3,1,3,5.0,0,0.9999999999999999,0.998980632008155,0.29128205128205126,0.976767676767677,0.9229989868287742,0.390909090909091,0
28,20.0,1.0,24.0,1.0,29,1.0,1,0,1,3,4.0,0,0.9677754677754679,0.8093781855249744,0.358974358974359,0.8727272727272729,1.0,0.9979797979797981,0
29,31.0,1.0,28.0,1.0,30,1.0,6,3,1,3,5.0,0,0.9885654885654885,0.9622833843017329,0.7076923076923076,0.43333333333333335,0.9766970618034448,0.9292929292929294,0
30,28.0,15.0,34.0,16.0,31,15.0,55,0,1,3,5.0,1,0.8534303534303534,0.7981651376146789,0.9999999999999999,0.6242424242424243,0.7578520770010132,0.48484848484848486,0
31,30.0,2.0,37.0,2.0,32,2.0,17,1,0,3,3.0,0,0.844074844074844,0.7074413863404688,0.5846153846153846,0.893939393939394,1.0,0.8737373737373738,0
32,23.0,5.0,31.0,7.0,33,7.0,54,0,1,3,5.0,0,0.8804573804573804,0.8002038735983691,0.8184615384615385,0.5151515151515152,0.9848024316109423,0.9979797979797981,0
33,36.0,2.0,35.0,2.0,34,2.0,24,0,1,3,5.0,0,0.9864864864864865,0.9235474006116208,0.962051282051282,0.5272727272727274,0.14285714285714285,0.16666666666666669,0
34,32.0,2.0,33.0,2.0,35,2.0,6,0,1,3,5.0,0,0.9189189189189189,0.9367991845056065,0.6235897435897435,0.5797979797979799,0.9361702127659576,0.9616161616161618,0
35,33.0,16.0,32.0,15.0,36,16.0,55,3,1,3,5.0,0,0.9999999999999999,0.9969418960244648,0.39076923076923076,0.881818181818182,0.497467071935157,0.3757575757575758,0
36,37.0,1.0,36.0,1.0,37,1.0,45,0,1,3,4.0,0,0.9677754677754679,0.9092762487257899,0.8769230769230769,0.6121212121212123,0.18135764944275581,0.11010101010101012,0
37,42.0,2.0,39.0,2.0,38,2.0,1,3,1,3,5.0,0,0.9916839916839916,0.9806320081549439,0.22153846153846157,0.7474747474747476,0.9756838905775076,1.0,0
38,52.0,19.0,43.0,18.0,39,17.0,55,3,1,3,5.0,1,0.9573804573804574,0.9551478083588175,0.9753846153846154,0.23232323232323232,0.326241134751773,0.9333333333333336,0
39,40.0,3.0,44.0,3.0,40,3.0,8,3,1,3,5.0,0,0.8274428274428275,0.9367991845056065,0.8615384615384615,0.5737373737373738,0.9260385005065858,0.42323232323232324,0
40,41.0,2.0,40.0,2.0,41,2.0,45,1,0,3,3.0,0,0.844074844074844,0.7400611620795107,0.7323076923076923,0.9808080808080809,0.24822695035460995,0.09191919191919193,0
41,50.0,5.0,42.0,3.0,42,3.0,1,3,1,3,5.0,0,0.9740124740124739,0.963302752293578,0.21641025641025644,0.7060606060606063,1.0,1.0,0
42,45.0,3.0,45.0,4.0,43,4.0,1,3,1,3,4.0,0,0.9085239085239085,0.9561671763506626,0.17743589743589744,0.8434343434343435,1.0,0.984848484848485,0
43,35.0,8.0,38.0,8.0,44,8.0,54,1,3,3,5.0,0,0.7806652806652807,0.9969418960244648,0.33128205128205124,0.9101010101010102,1.0,1.0,0
44,39.0,17.0,41.0,17.0,45,18.0,55,3,1,3,4.0,0,0.9189189189189189,0.5086646279306829,0.5928205128205127,0.781818181818182,0.6028368794326241,0.7000000000000001,0
45,46.0,3.0,49.0,3.0,46,3.0,17,0,1,3,4.0,0,1.254948499603795,0.988271448523074,1.0494460741013694,0.9383038829591783,1.3807281253834205,1.296889741545037,1
46,48.0,4.0,48.0,5.0,47,5.0,1,3,1,3,5.0,0,0.8804573804573804,0.81855249745158,0.2584615384615384,0.8161616161616162,1.0,0.9949494949494951,0
47,47.0,18.0,46.0,19.0,48,19.0,55,0,1,3,5.0,1,0.7422037422037422,0.7706422018348623,0.4205128205128205,0.9424242424242425,0.8338399189463019,0.9989898989898992,0
48,44.0,9.0,51.0,9.0,49,9.0,54,0,1,3,5.0,0,0.3829110563608068,0.4650941568925313,0.34717994062969104,0.24029571374546432,0.5187581496547088,0.3796896531394037,1
49,54.0,1.0,52.0,1.0,50,1.0,31,0,0,3,5.0,0,0.7006237006237006,0.8797145769622834,0.4502564102564102,0.8989898989898991,0.9929078014184397,0.8767676767676769,0
50,51.0,3.0,47.0,3.0,51,3.0,6,3,1,3,5.0,0,0.8076792613951147,0.7267338134771899,0.2850181387339922,0.2550259087417623,0.7456525397939252,0.6297733834892371,1
51,49.0,4.0,55.0,4.0,52,4.0,17,1,0,3,3.0,0,0.5738045738045738,0.4016309887869521,0.8943589743589744,0.8929292929292931,1.0,0.9525252525252527,0
52,87.0,5.0,68.0,5.0,54,4.0,8,3,1,3,5.0,0,0.6642411642411642,0.8623853211009174,0.7805128205128204,0.6353535353535354,0.9533941236068897,0.6252525252525254,0
53,64.0,1.0,61.0,1.0,55,1.0,15,3,0,3,5.0,0,0.5421283041631277,0.7377558300658829,0.6361546381894616,0.009565671600495151,0.34876004696508334,0.5136060756408992,1
54,55.0,21.0,53.0,20.0,56,20.0,55,3,1,3,5.0,0,0.8731808731808731,0.48725790010193687,0.8512820512820513,0.494949494949495,0.5663627152988856,0.302020202020202,0
55,53.0,20.0,56.0,21.0,57,21.0,55,1,1,3,5.0,1,0.603950103950104,0.5739041794087666,0.8061538461538461,0.8646464646464647,0.8581560283687943,0.5555555555555557,0
56,60.0,6.0,59.0,6.0,58,6.0,1,3,1,3,4.0,0,0.8752598752598753,0.9174311926605505,0.14974358974358976,0.6383838383838385,1.0,0.9989898989898992,0
57,56.0,3.0,58.0,3.0,59,3.0,24,1,0,3,5.0,0,0.7349272349272349,0.8236493374108054,0.8584615384615385,0.6090909090909091,0.2978723404255319,0.3060606060606061,0
58,59.0,2.0,65.0,2.0,60,1.0,14,2,0,3,5.0,0,0.8386517251101678,1.4157157333668366,1.4187487452071879,1.0824472689057116,1.3742190904647673,1.401639188097631,1
59,62.0,4.0,60.0,4.0,61,5.0,8,3,1,3,5.0,0,0.7879417879417878,0.9347604485219163,0.5251282051282051,0.6515151515151516,0.8389057750759878,0.19292929292929295,0
60,57.0,10.0,54.0,10.0,62,10.0,54,0,1,3,4.0,0,0.7338877338877339,0.9398572884811416,0.5415384615384615,0.497979797979798,0.977710233029382,0.9909090909090911,0
61,66.0,2.0,62.0,2.0,63,2.0,15,3,1,3,5.0,0,0.9074844074844074,0.8287461773700306,0.5138461538461538,0.4515151515151516,0.6099290780141845,0.37070707070707076,0
62,58.0,2.0,57.0,2.0,64,2.0,31,0,1,3,5.0,0,0.8035343035343034,0.5514780835881753,0.43384615384615377,0.7565656565656568,0.7922998986828774,0.5202020202020203,0
63,67.0,23.0,63.0,22.0,65,22.0,55,3,1,3,5.0,0,0.9397089397089397,0.8297655453618756,0.09846153846153846,0.9333333333333336,0.05673758865248228,0.1777777777777778,0
64,68.0,3.0,64.0,3.0,66,3.0,15,0,1,3,5.0,0,0.7920997920997921,0.4964322120285423,0.9661538461538461,0.3414141414141414,0.5217831813576495,0.4363636363636364,0
65,65.0,11.0,70.0,11.0,67,11.0,54,0,1,3,5.0,0,0.7110187110187111,0.581039755351682,0.6276923076923077,0.5454545454545455,0.9361702127659576,0.9646464646464648,0
66,61.0,22.0,66.0,23.0,68,23.0,55,3,1,3,5.0,0,0.8555093555093554,0.5045871559633027,0.15282051282051282,0.991919191919192,0.552178318135765,0.398989898989899,0
67,76.0,1.0,72.0,1.0,69,1.0,49,3,1,3,4.0,0,0.8939708939708939,0.8205912334352702,0.40410256410256407,0.5929292929292931,0.19756838905775076,0.296969696969697,0
68,115.0,1.0,88.0,1.0,70,1.0,29,0,1,3,5.0,0,0.6694386694386695,0.7145769622833843,0.9046153846153846,0.4090909090909091,0.6231003039513678,0.5676767676767678,0
69,63.0,4.0,67.0,4.0,71,4.0,24,0,1,3,4.0,0,0.8004158004158003,0.6687054026503567,0.7979487179487179,0.4565656565656566,0.220871327254306,0.13434343434343435,0
70,70.0,25.0,69.0,24.0,72,24.0,55,0,0,3,5.0,0,0.6995841995841995,0.8134556574923547,0.12923076923076923,1.0,0.5987841945288754,0.6545454545454547,0
71,75.0,1.0,73.0,1.0,73,1.0,0,3,1,3,5.0,0,0.8669438669438669,0.9113149847094801,0.7682051282051282,0.01414141414141414,0.5005065856129687,0.6434343434343436,0
72,69.0,24.0,71.0,25.0,74,25.0,55,3,1,3,5.0,0,0.4764275493394088,0.16365747510144468,-0.29640682349496394,0.4523888253006849,-0.2268565156467838,0.25945953237139197,1
73,74.0,3.0,78.0,3.0,75,3.0,48,0,1,3,5.0,0,0.5696465696465697,0.6381243628950051,0.9969230769230769,0.3808080808080809,1.0,0.58989898989899,0
74,78.0,12.0,74.0,12.0,77,12.0,54,0,1,3,5.0,0,0.5561330561330561,0.910295616717635,0.3425641025641025,0.7767676767676769,0.9716312056737589,0.8707070707070709,0
75,83.0,13.0,76.0,13.0,78,13.0,54,0,1,3,5.0,0,0.5977130977130977,0.5790010193679919,0.6,0.6101010101010101,0.877406281661601,0.9404040404040405,0
76,71.0,1.0,81.0,1.0,79,1.0,4,3,1,3,5.0,0,0.7827442827442826,0.636085626911315,0.0953846153846154,0.8515151515151516,0.8986828774062817,0.36868686868686873,0
77,85.0,15.0,79.0,14.0,80,14.0,54,0,1,3,5.0,0,0.6424116424116423,0.783893985728848,0.5364102564102564,0.48787878787878786,0.916919959473151,0.8555555555555557,0
78,73.0,1.0,80.0,1.0,81,1.0,11,3,1,3,5.0,0,0.6891891891891891,0.42813455657492355,0.9999999999999999,0.24747474747474751,0.9250253292806484,0.2868686868686869,0
79,77.0,5.0,77.0,5.0,82,5.0,24,0,1,3,5.0,0,0.682952182952183,0.583078491335372,0.9815384615384616,0.42525252525252527,0.11550151975683891,0.1676767676767677,0
80,90.0,4.0,86.0,4.0,83,3.0,45,0,1,3,5.0,1,0.20662331714125604,0.36556843021480945,0.34514029565823445,-0.1340516235336846,-0.34069557060316363,-0.040112229594290616,1
81,82.0,1.0,85.0,1.0,84,1.0,32,0,1,3,5.0,0,0.8357588357588357,0.620795107033639,0.23076923076923075,0.44242424242424244,0.9432624113475179,0.9171717171717173,0
82,95.0,1.0,90.0,1.0,85,1.0,41,3,1,3,5.0,0,1.1330112186347039,1.253514926294375,1.4043625699860554,0.4700657556892411,0.576639087794488,0.9640051496286351,1
83,89.0,29.0,87.0,27.0,86,26.0,55,1,1,3,5.0,1,0.37733887733887733,0.21202854230377166,0.8358974358974359,0.9353535353535354,0.8966565349544073,0.9050505050505051,0
84,94.0,7.0,91.0,7.0,87,7.0,1,0,1,3,5.0,0,0.6091476091476091,0.5902140672782874,0.1876923076923077,0.881818181818182,1.0,0.986868686868687,0
85,72.0,3.0,83.0,3.0,88,4.0,45,2,2,3,3.0,1,0.38981288981288975,0.3965341488277268,0.998974358974359,0.9929292929292931,0.3444782168186423,0.026262626262626265,0
86,97.0,6.0,98.0,6.0,89,6.0,8,0,0,3,4.0,0,0.5446985446985447,0.2466870540265036,0.8061538461538461,0.984848484848485,0.15805471124620057,0.04747474747474748,0
87,80.0,26.0,84.0,26.0,90,27.0,55,3,1,3,5.0,0,0.6746361746361746,0.5239551478083587,0.88,0.4545454545454546,0.3475177304964539,0.10404040404040406,0
88,96.0,5.0,106.0,5.0,91,5.0,17,0,0,3,3.0,0,0.5977130977130977,0.42609582059123347,0.7343589743589742,0.4575757575757576,1.0,0.7454545454545455,0
89,79.0,1.0,92.0,1.0,92,1.0,47,0,1,3,5.0,0,0.6839916839916839,0.5341488277268093,0.4882051282051282,0.5141414141414142,0.8915906788247214,0.697979797979798,0
90,93.0,30.0,95.0,30.0,93,28.0,55,3,1,3,5.0,0,0.7557172557172557,0.8002038735983691,0.29846153846153844,0.6747474747474749,0.20364741641337383,0.37979797979797986,0
91,101.0,17.0,94.0,16.0,94,15.0,54,3,1,3,5.0,0,0.6798336798336798,0.8083588175331294,0.441025641025641,0.41010101010101013,0.8389057750759878,0.8161616161616162,0
92,108.0,6.0,101.0,5.0,95,5.0,45,0,1,3,5.0,1,0.5675675675675675,0.7410805300713557,0.8533333333333334,0.48787878787878786,0.20263424518743667,0.3747474747474748,0
93,84.0,14.0,82.0,15.0,96,16.0,54,3,1,3,5.0,0,0.5873180873180873,0.7268093781855249,0.5117948717948717,0.49191919191919203,0.9199594731509625,0.8191919191919192,0
94,103.0,18.0,96.0,17.0,97,17.0,54,0,1,3,5.0,0,0.4885654885654885,0.5158002038735984,0.5794871794871794,0.6777777777777778,0.9604863221884499,0.9272727272727274,0
95,81.0,27.0,93.0,29.0,98,29.0,55,0,1,3,5.0,1,0.6164241164241164,0.5667686034658511,0.5261538461538461,0.6171717171717173,0.32928064842958454,0.8848484848484849,0
96,98.0,2.0,104.0,2.0,99,2.0,47,0,0,3,5.0,0,0.4542619542619542,0.6778797145769623,0.6205128205128205,0.7252525252525254,0.9685916919959474,0.48181818181818187,0
97,92.0,16.0,97.0,18.0,100,18.0,54,1,1,3,5.0,0,0.4303534303534303,0.5066258919469928,0.6441025641025641,0.6707070707070709,0.9868287740628167,0.9979797979797981,0
98,86.0,28.0,89.0,28.0,101,30.0,55,3,1,3,5.0,0,0.6237006237006236,0.6666666666666666,0.6584615384615384,0.4070707070707071,0.8085106382978724,0.2686868686868687,0
99,104.0,3.0,99.0,3.0,102,3.0,31,1,2,3,4.0,0,0.28170478170478164,0.6523955147808359,0.6153846153846154,0.9707070707070707,0.9827760891590679,0.5707070707070708,0
100,123.0,1.0,113.0,1.0,103,1.0,30,3,1,3,5.0,0,0.9054054054054054,0.908256880733945,0.5651282051282052,0.028282828282828285,0.12664640324214793,0.03333333333333333,0
101,118.0,33.0,102.0,32.0,104,31.0,55,3,1,3,5.0,0,0.6912681912681912,0.32619775739041795,0.21333333333333335,0.8020202020202022,0.6484295845997974,0.6020202020202021,0
102,106.0,5.0,107.0,6.0,105,6.0,45,0,1,3,5.0,1,0.7714937505219394,0.9359457819464478,1.003302482330671,0.4561385351667241,0.3000057790339679,0.48139106041924934,1
103,110.0,8.0,114.0,8.0,106,8.0,1,0,1,3,5.0,0,0.5769230769230769,0.42609582059123347,0.26666666666666666,0.7343434343434345,0.9898682877406283,0.9909090909090911,0
104,102.0,1.0,110.0,1.0,107,1.0,13,0,0,3,5.0,0,0.6309771309771309,0.5392456676860347,0.6594871794871794,0.5101010101010102,0.5754812563323203,0.05858585858585858,0
105,88.0,1.0,105.0,1.0,108,1.0,21,0,1,3,5.0,0,0.604989604989605,0.5025484199796126,0.3415384615384615,0.5636363636363637,0.9949341438703142,0.9343434343434345,0
106,100.0,31.0,103.0,33.0,109,32.0,55,0,1,3,5.0,1,0.4158004158004157,0.1722731906218145,0.997948717948718,0.587878787878788,0.7862208713272544,0.5888888888888889,0
107,99.0,4.0,108.0,4.0,110,4.0,48,0,1,3,5.0,0,0.49168399168399163,0.22222222222222224,0.5138461538461538,0.7333333333333334,1.0,0.9777777777777779,0
108,105.0,32.0,100.0,31.0,111,33.0,55,3,1,3,5.0,0,0.6237006237006236,0.6829765545361876,0.29128205128205126,0.5515151515151516,0.9706180344478217,0.6070707070707072,0
109,117.0,2.0,112.0,2.0,112,2.0,11,1,2,3,5.0,0,0.27754677754677753,0.25688073394495414,0.998974358974359,0.6555555555555557,0.9949341438703142,0.8282828282828284,0
110,91.0,4.0,109.0,4.0,113,4.0,6,3,1,3,5.0,0,0.5634095634095634,0.4026503567787972,0.558974358974359,0.48282828282828283,0.9148936170212766,0.8060606060606061,0
111,113.0,6.0,120.0,4.0,114,4.0,31,0,1,3,5.0,0,0.9752417260345323,0.7191324057050285,1.1595244703172765,1.001886552679359,1.3965566579877622,1.4342097850025914,1
112,116.0,6.0,111.0,6.0,115,6.0,24,0,1,3,5.0,0,0.3977778606114476,0.18248882422149387,0.7119705148041018,0.1750474378810249,-0.025459147731943688,0.013431276264863318,1
113,121.0,1.0,118.0,1.0,116,1.0,5,3,1,3,4.0,0,0.5745678609077924,0.4240182287067842,-0.07099000465007302,0.041644027983959664,-0.22680950429935992,-0.27653779019785857,1
114,112.0,3.0,117.0,3.0,117,3.0,47,0,1,3,5.0,0,0.6444906444906444,0.3129459734964323,0.4482051282051282,0.5646464646464647,0.6504559270516718,0.36464646464646466,0
115,109.0,4.0,122.0,5.0,118,5.0,31,3,1,3,5.0,0,0.5448719097393981,0.1732094922054212,0.16064460551209409,0.5190439839114724,0.6891677136096703,0.3463167111841998,1
116,142.0,1.0,135.0,1.0,119,1.0,33,0,1,3,5.0,0,0.5072765072765073,0.20795107033639146,0.7712820512820513,0.48686868686868695,0.8703140830800407,0.297979797979798,0
117,120.0,5.0,121.0,5.0,120,4.0,15,3,1,0,5.0,0,0.8783783783783783,0.5310907237512742,0.0994871794871795,0.33232323232323235,0.5227963525835867,0.3393939393939394,0
118,114.0,7.0,123.0,7.0,121,7.0,8,3,1,3,5.0,0,0.5914760914760915,0.28950050968399593,0.29230769230769227,0.8404040404040406,0.6818642350557245,0.10202020202020202,0
119,111.0,5.0,124.0,6.0,122,6.0,31,3,1,3,5.0,0,0.6133056133056133,0.30988786952089703,0.41025641025641024,0.6565656565656567,0.5612968591691997,0.2737373737373738,0
120,167.0,7.0,139.0,5.0,123,5.0,48,1,0,3,5.0,0,-0.14655054484071028,-0.05198773926873035,0.20567398738382192,0.48303218474201937,0.5779816796915143,0.03858774029757489,1
121,107.0,4.0,116.0,4.0,124,5.0,15,0,0,3,4.0,0,0.44178794178794173,0.8868501529051989,0.2769230769230769,0.7232323232323233,0.5947315096251267,0.6393939393939395,0
122,133.0,4.0,128.0,4.0,125,4.0,47,1,0,3,5.0,1,0.27754677754677753,0.6065239551478083,0.6543589743589743,0.7282828282828283,0.9675785207700102,0.5555555555555557,0
123,124.0,7.0,125.0,7.0,126,7.0,31,0,2,3,5.0,0,0.34927234927234924,0.2048929663608563,0.9548717948717947,0.5727272727272729,0.3779128672745694,0.8191919191919192,0
124,127.0,19.0,119.0,19.0,127,19.0,54,0,1,3,5.0,0,0.5072765072765073,0.40774719673802245,0.32717948717948714,0.5838383838383839,0.9848024316109423,0.978787878787879,0
125,139.0,1.0,132.0,1.0,128,1.0,7,0,1,3,5.0,1,0.8461538461538461,0.9541284403669724,0.2676923076923077,0.12727272727272726,0.18338399189463017,0.03232323232323232,0
126,135.0,20.0,131.0,20.0,129,20.0,54,0,1,3,4.0,0,0.7113982385600852,0.586802224055814,0.8437613709232176,1.033971161133008,1.27521644067616,1.3036681308299776,1
127,132.0,35.0,115.0,34.0,130,34.0,55,3,1,3,5.0,1,0.5686070686070686,0.5922528032619776,0.2687179487179487,0.6414141414141415,0.2066869300911854,0.7474747474747476,0
128,125.0,6.0,130.0,6.0,131,6.0,15,3,1,0,4.0,0,0.7941787941787942,0.48012232415902145,0.029743589743589746,0.4545454545454546,0.6231003039513678,0.48888888888888893,0
129,126.0,2.0,138.0,2.0,132,2.0,4,3,1,3,5.0,0,0.49999999999999994,0.3037716615698267,0.837948717948718,0.38383838383838387,0.6474164133738602,0.19292929292929295,0
130,122.0,7.0,129.0,8.0,133,7.0,24,0,1,3,5.0,0,0.5457380457380457,0.4607543323139654,0.8400000000000001,0.3353535353535354,0.18946301925025327,0.1414141414141414,0
131,128.0,8.0,126.0,7.0,134,8.0,24,0,1,3,5.0,0,0.5374220374220374,0.4821610601427116,0.8523076923076922,0.31919191919191925,0.17527862208713274,0.20707070707070707,0
132,137.0,2.0,140.0,2.0,135,2.0,13,0,2,3,1.0,0,0.37733887733887733,0.46381243628950053,0.5446153846153846,0.6959595959595961,0.8996960486322189,0.36767676767676766,0
133,134.0,36.0,133.0,36.0,136,35.0,55,0,0,3,5.0,0,0.6101871101871101,0.18552497451580025,0.12615384615384617,0.8606060606060607,0.6869300911854104,0.2888888888888889,0
134,129.0,34.0,127.0,35.0,137,36.0,55,3,1,3,5.0,0,0.5228690228690229,0.33537206931702346,0.4964102564102564,0.6969696969696971,0.254305977710233,0.25757575757575757,0
135,130.0,5.0,149.0,6.0,138,5.0,6,3,1,3,5.0,0,0.5343035343035343,0.54638124362895,0.5425641025641025,0.2676767676767677,0.9098277608915907,0.6141414141414142,0
136,141.0,7.0,144.0,7.0,139,7.0,15,3,1,3,5.0,0,0.5353430353430353,0.9714576962283384,0.1076923076923077,0.585858585858586,0.41641337386018235,0.6787878787878789,0
137,177.0,5.0,137.0,4.0,140,3.0,14,2,2,3,1.0,0,0.12474012474012472,0.9999999999999999,0.8841025641025642,0.4484848484848485,0.7173252279635258,0.9,0
138,140.0,6.0,146.0,5.0,141,6.0,6,0,1,3,5.0,0,0.38045738045738037,0.4138634046890928,0.8461538461538461,0.31717171717171716,0.9787234042553192,0.4454545454545455,0
139,143.0,37.0,136.0,37.0,142,37.0,55,0,1,3,5.0,0,0.4241164241164241,0.20387359836901123,0.961025641025641,0.48484848484848486,0.14184397163120568,0.2282828282828283,0
140,176.0,9.0,161.0,9.0,143,9.0,1,0,0,3,3.0,0,0.42099792099792094,0.8022426095820591,0.07794871794871794,0.6787878787878789,0.9827760891590679,0.9373737373737375,0
141,149.0,39.0,142.0,38.0,144,38.0,55,3,1,3,5.0,0,1.035711969651302,1.0831380124901888,0.5968900708294032,0.9711558050951374,1.0649938819119376,0.7873174212567536,1
142,119.0,3.0,141.0,3.0,145,3.0,11,0,1,3,4.0,0,0.5103950103950103,0.4464831804281346,0.3641025641025641,0.6232323232323234,0.8145896656534956,0.1676767676767677,0
143,162.0,26.0,143.0,22.0,146,21.0,54,0,1,3,4.0,0,-0.030137359050799006,0.31507447239956465,0.04675799784455792,0.011451082537642654,0.4808379604351589,0.4286227997093599,1
144,144.0,8.0,147.0,8.0,147,8.0,15,0,0,3,5.0,0,0.5207900207900208,0.7726809378185525,0.4625641025641026,0.29494949494949496,0.41236068895643363,0.68989898989899,0
145,136.0,21.0,134.0,21.0,148,22.0,54,0,1,3,4.0,0,0.39708939708939706,0.3965341488277268,0.5569230769230769,0.5080808080808081,0.9088145896656535,0.6565656565656567,0
146,170.0,1.0,156.0,1.0,149,1.0,23,3,2,3,5.0,0,0.5883575883575883,0.8399592252803262,0.038974358974358976,0.5646464646464647,0.4387031408308004,0.5404040404040404,0
147,155.0,7.0,151.0,7.0,150,7.0,45,0,1,3,4.0,1,0.4469854469854469,0.6778797145769623,0.7661538461538462,0.30101010101010106,0.24417426545086118,0.3414141414141414,0
148,150.0,6.0,160.0,7.0,151,6.0,48,1,1,3,5.0,0,0.27650727650727647,0.23547400611620795,0.362051282051282,0.9121212121212122,1.0,0.8626262626262629,0
149,179.0,2.0,162.0,1.0,152,1.0,18,1,0,3,4.0,0,0.527027027027027,0.7064220183486238,0.44410256410256405,0.5414141414141416,0.02127659574468085,0.006060606060606063,0
150,146.0,5.0,150.0,6.0,153,7.0,48,0,0,3,5.0,0,0.3274428274428274,0.21508664627930685,0.6758974358974359,0.5232323232323233,0.9918946301925026,0.686868686868687,0
151,138.0,22.0,145.0,23.0,154,23.0,54,0,1,3,5.0,0,0.46569646569646567,0.3710499490316004,0.5128205128205128,0.37272727272727274,0.7882472137791287,0.694949494949495,0
152,154.0,1.0,176.0,1.0,155,1.0,2,3,1,3,5.0,0,0.62993762993763,0.46279306829765543,0.24307692307692305,0.1707070707070707,0.9827760891590679,0.9242424242424244,0
153,147.0,38.0,148.0,39.0,156,39.0,55,0,1,3,5.0,1,0.24012474012474005,0.10091743119266056,0.9969230769230769,0.586868686868687,0.4873353596757852,0.4464646464646465,0
154,163.0,40.0,157.0,40.0,157,40.0,55,3,1,3,5.0,0,0.6486486486486487,0.2466870540265036,0.3015384615384615,0.577777777777778,0.05673758865248228,0.17979797979797982,0
155,199.0,2.0,178.0,2.0,158,2.0,30,0,1,0,4.0,1,0.344074844074844,0.8868501529051989,0.8923076923076922,0.03636363636363636,0.9817629179331308,0.17575757575757575,0
156,229.0,2.0,202.0,3.0,159,2.0,29,0,1,3,3.0,0,0.4261954261954261,0.4332313965341488,0.7251282051282051,0.201010101010101,0.5825734549138805,0.8212121212121213,0
157,157.0,4.0,153.0,5.0,160,4.0,14,2,0,3,5.0,0,0.32848232848232845,0.08664627930682978,0.9692307692307692,0.47373737373737373,0.5896656534954408,0.19494949494949496,0
158,230.0,3.0,184.0,2.0,161,3.0,29,0,1,3,3.0,0,0.4896049896049895,0.43628950050968407,0.8748717948717948,0.12222222222222225,0.22998986828774062,0.38282828282828285,0
159,145.0,1.0,154.0,1.0,162,1.0,22,0,1,3,5.0,0,0.37006237006237,0.3730886850152905,0.7733333333333333,0.4282828282828283,0.707193515704154,0.10707070707070708,0
160,165.0,2.0,171.0,2.0,163,2.0,33,1,1,3,4.0,0,0.31496881496881496,0.11314984709480123,0.7897435897435897,0.6040404040404042,0.8844984802431611,0.09191919191919193,0
161,159.0,24.0,155.0,25.0,164,24.0,54,0,1,3,4.0,0,0.36382536382536373,0.563710499490316,0.39999999999999997,0.48484848484848486,0.9189463019250254,0.8040404040404041,0
162,156.0,1.0,166.0,2.0,165,1.0,46,3,1,3,5.0,0,0.7068607068607068,0.4444444444444445,0.30769230769230765,0.29090909090909095,0.045592705167173245,0.3313131313131313,0
163,266.0,5.0,207.0,4.0,166,4.0,29,0,1,3,4.0,0,0.476091476091476,0.5158002038735984,0.7425641025641027,0.1686868686868687,0.3667679837892604,0.4545454545454546,0
164,213.0,51.0,186.0,45.0,167,41.0,55,1,1,3,5.0,1,0.1673596673596673,0.15494393476044854,0.9179487179487179,0.6545454545454547,0.5309017223910841,0.7363636363636366,0
165,153.0,3.0,165.0,3.0,168,3.0,4,0,1,3,3.0,1,0.49376299376299365,0.4444444444444445,0.08102564102564103,0.680808080808081,0.8885511651469099,0.4414141414141415,0
166,178.0,44.0,182.0,42.0,169,42.0,55,3,1,3,5.0,0,0.4896049896049895,0.47298674821610603,0.7333333333333333,0.2888888888888889,0.1762917933130699,0.12121212121212123,0
167,164.0,9.0,168.0,9.0,170,9.0,15,0,1,3,5.0,0,0.44178794178794173,0.24260958205912336,0.8912820512820513,0.1696969696969697,0.5916919959473151,0.31414141414141417,0
168,171.0,10.0,187.0,10.0,171,10.0,15,0,1,3,5.0,0,0.5114345114345115,0.22935779816513763,0.37025641025641026,0.5010101010101011,0.6443768996960487,0.4777777777777778,0
169,186.0,46.0,185.0,44.0,172,43.0,55,1,1,3,5.0,1,0.22037422037422033,0.05606523955147809,0.9999999999999999,0.4181818181818182,0.668693009118541,0.9050505050505051,0
170,160.0,25.0,158.0,26.0,173,25.0,54,0,0,3,4.0,0,0.344074844074844,0.6228338430173292,0.23692307692307693,0.5555555555555557,0.9817629179331308,0.9060606060606062,0
171,161.0,2.0,163.0,2.0,174,2.0,49,0,0,3,4.0,0,0.4542619542619542,0.5881753312945973,0.3046153846153846,0.6545454545454547,0.23606889564336372,0.1717171717171717,0
172,202.0,29.0,180.0,28.0,175,26.0,54,0,1,3,5.0,0,0.26091476091476085,0.34760448521916415,0.4205128205128205,0.6454545454545456,0.9949341438703142,0.9646464646464648,0
173,152.0,7.0,164.0,7.0,176,7.0,6,3,0,3,4.0,0,-0.07918455891183784,0.31224109398170496,-0.3958997356270145,0.23361075388347508,0.3248422174553641,0.39118651145923267,1
174,151.0,2.0,177.0,2.0,177,2.0,32,0,1,3,5.0,0,0.4979209979209979,0.4026503567787972,0.17538461538461542,0.47676767676767684,1.0,0.6252525252525254,0
175,188.0,2.0,181.0,4.0,179,2.0,23,3,1,3,5.0,0,0.900269338744105,0.6158624901170728,0.1991605376353038,0.6258893643641306,0.29193584743189016,0.28952572800049414,1
176,196.0,12.0,191.0,11.0,180,11.0,15,3,1,3,5.0,0,0.33264033264033255,0.691131498470948,0.842051282051282,0.20505050505050507,0.3768996960486322,0.36868686868686873,0
177,174.0,27.0,152.0,24.0,181,27.0,54,0,1,3,5.0,0,0.39916839916839914,0.3160040774719674,0.49230769230769234,0.3373737373737374,0.8632218844984804,0.9333333333333336,0
178,172.0,1.0,172.0,3.0,182,2.0,18,1,0,3,4.0,0,0.4469854469854469,0.6228338430173292,0.21333333333333335,0.8040404040404041,0.020263424518743665,0.00505050505050505,0
179,148.0,8.0,179.0,9.0,183,8.0,31,0,2,3,5.0,0,0.32640332640332637,0.5259938837920489,0.41128205128205125,0.5323232323232324,0.7497467071935158,0.6858585858585861,0
180,168.0,2.0,194.0,2.0,185,2.0,21,0,1,3,5.0,0,0.43866943866943864,0.4148827726809379,0.29435897435897435,0.4181818181818182,0.9756838905775076,0.6404040404040405,0
181,267.0,3.0,231.0,2.0,186,1.0,42,3,1,3,4.0,0,0.25675675675675674,0.35575942915392456,0.7056410256410256,0.37979797979797986,0.9898682877406283,0.6020202020202021,0
182,180.0,9.0,174.0,8.0,187,9.0,31,1,2,3,4.0,0,0.17983367983367982,0.33843017329255864,0.3825641025641025,0.8101010101010102,0.9432624113475179,0.8282828282828284,0
183,198.0,3.0,193.0,3.0,188,2.0,46,3,1,3,4.0,0,0.5956340956340956,0.3720693170234455,0.11897435897435898,0.5424242424242426,0.2978723404255319,0.25858585858585864,0
184,197.0,47.0,203.0,49.0,189,44.0,55,3,1,3,5.0,0,0.5935550935550935,0.5891946992864424,0.11282051282051284,0.5010101010101011,0.19250253292806485,0.11818181818181818,0
185,201.0,2.0,209.0,2.0,190,2.0,7,3,1,3,5.0,0,0.7047817047817047,0.9062181447502548,0.14153846153846156,0.13636363636363635,0.08915906788247215,0.07474747474747476,0
186,195.0,5.0,200.0,5.0,191,5.0,47,0,0,3,5.0,0,0.5291060291060291,0.15188583078491338,0.3302564102564103,0.4565656565656566,0.8206686930091186,0.14848484848484847,0
187,182.0,2.0,199.0,2.0,192,2.0,2,1,2,3,5.0,0,0.30249480249480243,0.5688073394495413,0.06256410256410255,0.784848484848485,0.7467071935157042,0.8747474747474748,0
188,187.0,2.0,159.0,1.0,193,3.0,46,0,1,3,4.0,0,0.5571725571725571,0.6330275229357798,0.44410256410256405,0.23232323232323232,0.08713272543059777,0.13232323232323231,0
189,158.0,23.0,173.0,27.0,194,28.0,54,0,1,3,5.0,0,0.26715176715176714,0.21712538226299696,0.3805128205128205,0.6323232323232324,0.9564336372847012,0.9818181818181819,0
190,185.0,4.0,188.0,4.0,195,4.0,4,1,1,3,5.0,0,0.22972972972972966,0.23241590214067281,0.8974358974358975,0.28989898989898993,0.8571428571428573,0.6464646464646465,0
191,181.0,11.0,197.0,12.0,196,12.0,15,3,1,3,5.0,0,0.49272349272349264,0.1743119266055046,0.6523076923076923,0.23333333333333336,0.44376899696048633,0.25858585858585864,0
192,191.0,1.0,201.0,1.0,197,1.0,44,0,1,3,5.0,0,0.4542619542619542,0.4658511722731907,0.2646153846153846,0.4383838383838384,0.7092198581560284,0.403030303030303,0
193,175.0,43.0,192.0,47.0,198,45.0,55,0,1,3,5.0,0,0.36798336798336795,0.4556574923547401,0.6338461538461538,0.4555555555555556,0.1347517730496454,0.14949494949494951,0
194,192.0,9.0,198.0,9.0,199,9.0,24,3,1,3,5.0,1,0.4948024948024948,0.7675840978593272,0.6123076923076923,0.08484848484848487,0.12056737588652482,0.10404040404040406,0
195,173.0,1.0,189.0,1.0,200,2.0,42,1,0,3,4.0,0,0.6757529783542259,0.6221927137847871,1.284872867474115,0.8316172342184818,1.4366677392689868,0.646768749369997,1
196,212.0,50.0,196.0,48.0,201,46.0,55,0,1,3,5.0,1,0.2536382536382536,0.23955147808358818,0.9999999999999999,0.35353535353535354,0.22695035460992907,0.3212121212121212,0
197,203.0,10.0,210.0,10.0,202,10.0,24,3,0,3,5.0,1,0.5696465696465697,0.8664627930682977,0.3046153846153846,0.06969696969696972,0.3069908814589666,0.3515151515151515,0
198,215.0,5.0,217.0,5.0,203,3.0,23,3,1,3,5.0,0,0.7182952182952184,0.3200815494393476,0.03282051282051282,0.43232323232323233,0.08915906788247215,0.07575757575757577,0
199,189.0,28.0,195.0,29.0,205,29.0,54,0,0,3,5.0,0,0.3056133056133056,0.3363914373088685,0.30974358974358973,0.5292929292929294,0.9392097264437691,0.887878787878788,0
200,184.0,45.0,190.0,46.0,206,47.0,55,3,0,3,5.0,0,0.3544698544698544,0.24057084607543328,0.6235897435897435,0.49898989898989904,0.3637284701114489,0.13232323232323231,0
201,236.0,1.0,220.0,1.0,207,1.0,25,0,0,0,4.0,0,0.3139293139293139,0.599388379204893,0.9856410256410256,0.0020202020202020193,0.4002026342451874,0.25353535353535356,0
202,169.0,42.0,183.0,43.0,208,48.0,55,1,1,3,5.0,1,0.1767151767151767,0.27522935779816515,0.762051282051282,0.7121212121212123,0.045592705167173245,0.3444444444444445,0
203,226.0,10.0,215.0,10.0,209,10.0,1,0,1,3,4.0,0,0.31496881496881496,0.29663608562691135,0.31076923076923074,0.5696969696969698,1.0,0.6303030303030304,0
204,216.0,52.0,213.0,51.0,210,49.0,55,0,0,3,5.0,1,0.27027027027027023,0.4148827726809379,0.6646153846153846,0.49292929292929294,0.4235055724417427,0.197979797979798,0
205,211.0,8.0,216.0,8.0,211,8.0,6,0,1,3,5.0,0,0.27650727650727647,0.6503567787971458,0.06769230769230769,0.7323232323232325,0.9837892603850051,0.495959595959596,0
206,233.0,4.0,206.0,4.0,212,4.0,46,3,1,3,5.0,0,0.6320166320166319,0.710499490316004,0.2471794871794872,0.13636363636363635,0.023302938196555222,0.23333333333333336,0
207,232.0,11.0,219.0,11.0,213,11.0,1,0,1,3,3.0,0,0.2827442827442827,0.3302752293577982,0.1958974358974359,0.6656565656565658,0.933130699088146,0.8626262626262629,0
208,183.0,2.0,205.0,2.0,214,2.0,5,0,1,3,4.0,0,0.6621621621621622,0.3323139653414883,0.1907692307692308,0.32020202020202027,0.08713272543059777,0.03333333333333333,0
209,209.0,49.0,212.0,50.0,215,50.0,55,3,0,3,5.0,0,0.39708939708939706,0.2854230377166157,0.0994871794871795,0.6757575757575759,0.6362715298885512,0.5616161616161617,0
210,219.0,4.0,222.0,3.0,216,3.0,32,0,0,3,5.0,0,0.44906444906444903,0.34760448521916415,0.1117948717948718,0.43737373737373736,0.9929078014184397,0.587878787878788,0
211,204.0,11.0,204.0,10.0,217,10.0,31,0,1,3,4.0,0,0.28378378378378377,0.13659531090723753,0.3784615384615384,0.7646464646464648,0.5379939209726444,0.2545454545454546,0
212,253.0,4.0,228.0,5.0,218,5.0,29,0,0,3,3.0,0,0.3128898128898128,0.4393476044852192,0.7261538461538461,0.2191919191919192,0.2634245187436677,0.5323232323232324,0
213,205.0,2.0,230.0,2.0,219,2.0,22,0,1,3,4.0,0,0.32848232848232845,0.3934760448521917,0.05435897435897436,0.9535353535353537,0.3434650455927052,0.10909090909090911,0
214,166.0,41.0,169.0,41.0,220,51.0,55,3,1,3,4.0,0,0.43139293139293133,0.1508664627930683,0.14769230769230768,0.6404040404040405,0.3657548125633232,0.6525252525252526,0
215,218.0,12.0,233.0,12.0,221,11.0,31,0,1,3,5.0,0,0.6387694714563383,0.3966844082703578,0.7227472954341624,0.7165157492026162,0.7108573414165488,0.45388948657635353,1
216,234.0,31.0,218.0,30.0,222,30.0,54,0,2,3,4.0,0,0.2723492723492723,0.6258919469928643,0.32717948717948714,0.397979797979798,0.8257345491388045,0.7181818181818183,0
217,210.0,6.0,224.0,5.0,223,5.0,4,0,1,3,3.0,0,-0.10471624187217435,-0.13628592023084346,0.535574818418886,0.008566271410339,0.39556390734414515,0.09341475625882384,1
218,247.0,13.0,245.0,12.0,224,12.0,1,3,0,3,3.0,0,0.4054054054054053,0.45871559633027525,0.07794871794871794,0.45353535353535357,0.9888551165146912,0.5212121212121213,0
219,222.0,4.0,234.0,4.0,226,3.0,49,0,1,3,4.0,0,0.3846153846153845,0.5249745158002038,0.41025641025641024,0.390909090909091,0.16616008105369806,0.25656565656565655,0
220,227.0,53.0,226.0,53.0,227,52.0,55,0,1,3,5.0,1,0.31600831600831597,0.4169215086646279,0.6676923076923076,0.2595959595959596,0.15501519756838905,0.4676767676767677,0
221,207.0,3.0,208.0,3.0,228,4.0,49,1,0,3,5.0,0,0.26091476091476085,0.5117227319062181,0.44410256410256405,0.5414141414141416,0.281661600810537,0.3080808080808081,0
222,223.0,13.0,223.0,13.0,229,13.0,15,3,1,3,5.0,0,0.45634095634095634,0.13863404689092765,0.39487179487179486,0.37777777777777777,0.44579533941236066,0.2181818181818182,0
223,214.0,3.0,232.0,4.0,230,4.0,32,0,0,3,5.0,0,0.36382536382536373,0.4271151885830785,0.1076923076923077,0.45353535353535357,1.0,0.6424242424242425,0
224,262.0,15.0,250.0,13.0,231,13.0,1,0,0,3,3.0,0,0.29729729729729726,0.46279306829765543,0.17435897435897438,0.5222222222222224,1.0,0.5131313131313132,0
225,250.0,3.0,244.0,3.0,232,2.0,41,1,0,3,4.0,0,0.2723492723492723,0.24974515800203873,0.9364102564102563,0.15555555555555556,0.10435663627152988,0.4858585858585859,0
226,208.0,48.0,214.0,52.0,233,53.0,55,0,1,3,5.0,0,0.44282744282744274,0.32415902140672787,0.42153846153846153,0.3575757575757576,0.11550151975683891,0.2181818181818182,0
227,217.0,9.0,229.0,9.0,234,9.0,6,3,1,3,4.0,0,0.31496881496881496,0.37818552497451585,0.2882051282051282,0.42626262626262634,0.8429584599797366,0.6080808080808082,0
228,241.0,2.0,235.0,2.0,235,3.0,41,0,1,3,5.0,0,0.3617463617463617,0.29969418960244654,0.875897435897436,0.050505050505050504,0.05673758865248228,0.3515151515151515,0
229,258.0,2.0,272.0,1.0,236,1.0,9,0,1,0,4.0,1,0.525987525987526,0.8766564729867483,0.25743589743589745,0.07171717171717172,0.3120567375886525,0.02121212121212121,0
230,297.0,6.0,249.0,6.0,237,4.0,23,3,1,3,5.0,0,0.13095117025053815,-0.02718544201451445,-0.29154363224426433,0.09061642991579782,-0.2888376857085306,-0.3507977114983436,1
231,240.0,12.0,251.0,14.0,238,14.0,1,0,1,3,4.0,0,0.27858627858627855,0.46279306829765543,0.21641025641025644,0.398989898989899,0.9645390070921986,0.9575757575757576,0
232,248.0,14.0,252.0,15.0,239,15.0,1,3,0,3,3.0,0,0.34615384615384615,0.6238532110091743,0.10051282051282054,0.28484848484848485,1.0,0.9313131313131314,0
233,200.0,10.0,211.0,11.0,240,12.0,31,0,0,3,3.0,0,0.1902286902286902,0.20591233435270137,0.2266666666666667,0.6474747474747475,0.9736575481256333,1.0,0
234,224.0,10.0,239.0,10.0,241,10.0,6,0,1,3,5.0,0,0.33679833679833676,0.6931702344546382,0.06358974358974359,0.5303030303030304,0.7244174265450861,0.24646464646464644,0
235,238.0,32.0,225.0,31.0,242,31.0,54,0,1,3,4.0,0,0.21621621621621617,0.16921508664627932,0.43076923076923074,0.47979797979797983,0.828774062816616,0.88989898989899,0
236,220.0,6.0,221.0,6.0,243,5.0,14,1,3,3,5.0,0,0.1923076923076923,0.3129459734964323,0.8882051282051281,0.04141414141414141,0.5542046605876394,0.991919191919192,0
237,239.0,14.0,255.0,15.0,244,14.0,15,3,1,3,5.0,0,0.476091476091476,0.1508664627930683,0.4523076923076923,0.21515151515151518,0.4012158054711246,0.25656565656565655,0
238,235.0,1.0,237.0,1.0,245,1.0,26,1,1,3,5.0,1,0.21621621621621617,0.5198776758409785,0.6215384615384615,0.14343434343434344,0.9007092198581561,0.6424242424242425,0
239,271.0,5.0,242.0,5.0,246,5.0,46,1,1,3,4.0,1,0.2827442827442827,0.7461773700305809,0.42666666666666664,0.2505050505050505,0.20567375886524825,0.6777777777777778,0
240,228.0,30.0,227.0,32.0,247,32.0,54,0,1,0,4.0,0,0.25883575883575877,0.09276248725790011,0.27487179487179486,0.5070707070707072,0.9685916919959474,0.9555555555555556,0
241,245.0,1.0,271.0,1.0,248,1.0,50,3,1,0,5.0,0,0.6091476091476091,0.5565749235474006,0.23692307692307693,0.07575757575757577,0.1033434650455927,0.015151515151515154,0
242,257.0,8.0,265.0,8.0,249,8.0,45,0,1,3,4.0,1,0.2422037422037422,0.31090723751274213,0.8748717948717948,0.17575757575757575,0.14083080040526846,0.4050505050505051,0
243,270.0,10.0,263.0,8.0,250,6.0,14,2,2,3,5.0,0,0.05093555093555092,0.5300713557594291,0.9189743589743589,0.19393939393939394,0.26139817629179335,0.9969696969696972,0
244,265.0,5.0,257.0,5.0,251,5.0,49,1,2,3,3.0,0,0.2141372141372141,0.2925586136595311,0.6328205128205129,0.43030303030303035,0.23302938196555217,0.36060606060606065,0
245,206.0,5.0,240.0,6.0,252,6.0,4,0,1,3,5.0,0,0.31185031185031176,0.5779816513761468,0.08717948717948718,0.37373737373737376,0.7092198581560284,0.9545454545454547,0
246,244.0,55.0,238.0,54.0,253,54.0,55,1,1,3,5.0,1,0.17047817047817043,0.08053007135575943,0.7835897435897436,0.4515151515151516,0.2847011144883485,0.3787878787878788,0
247,254.0,1.0,275.0,2.0,254,2.0,9,3,1,0,5.0,0,0.5997920997920998,0.8950050968399592,0.08820512820512821,0.043434343434343436,0.07092198581560284,0.0030303030303030307,0
248,285.0,6.0,270.0,6.0,256,6.0,47,0,1,3,5.0,0,0.3523908523908524,0.10499490316004077,0.5599999999999999,0.31313131313131315,0.4295845997973658,0.1676767676767677,0
249,225.0,3.0,247.0,3.0,257,3.0,22,0,1,3,5.0,0,0.2557172557172557,0.33435270132517847,0.2266666666666667,0.691919191919192,0.635258358662614,0.028282828282828285,0
250,282.0,9.0,258.0,8.0,258,8.0,8,3,1,3,5.0,0,0.3555093555093555,0.5035677879714576,0.19692307692307692,0.4595959595959596,0.5005065856129687,0.09797979797979799,0
251,243.0,3.0,260.0,3.0,259,3.0,21,0,1,0,5.0,0,0.1933471933471933,0.22935779816513763,0.7302564102564103,0.15252525252525254,0.9078014184397164,0.6070707070707072,0
252,272.0,17.0,253.0,14.0,260,15.0,15,0,2,3,5.0,0,0.16839916839916838,0.7054026503567787,0.041025641025641026,0.7262626262626264,0.5126646403242149,0.6464646464646465,0
253,300.0,6.0,277.0,6.0,261,6.0,17,1,1,3,3.0,0,0.15384615384615383,0.13761467889908258,0.39999999999999997,0.49292929292929294,0.998986828774063,0.9030303030303032,0
254,283.0,59.0,284.0,59.0,262,55.0,55,3,0,3,5.0,0,0.37006237006237,0.3068297655453619,0.48,0.22525252525252526,0.26139817629179335,0.35959595959595964,0
255,242.0,8.0,241.0,7.0,263,7.0,14,0,0,3,5.0,0,0.2422037422037422,0.11314984709480123,0.798974358974359,0.20505050505050507,0.42147922998986825,0.396969696969697,0
256,231.0,54.0,246.0,56.0,264,56.0,55,3,1,3,5.0,0,0.396049896049896,0.18552497451580025,0.36,0.4131313131313131,0.2066869300911854,0.16666666666666669,0
257,317.0,10.0,291.0,10.0,265,9.0,8,3,1,3,5.0,0,0.29521829521829523,0.07849133537206932,0.24307692307692305,0.5797979797979799,0.889564336372847,0.2717171717171717,0
258,286.0,3.0,282.0,3.0,266,3.0,2,0,1,0,5.0,0,0.1725571725571725,0.1834862385321101,0.6523076923076923,0.15151515151515152,0.9837892603850051,0.9929292929292931,0
259,292.0,5.0,274.0,5.0,267,5.0,32,1,0,3,4.0,0,0.3723770156709464,0.36917586109364503,0.3342758375697683,0.9576014008953316,1.184806583419663,0.9879044311983619,1
260,453.0,3.0,316.0,1.0,268,1.0,53,2,3,3,2.0,0,0.05717255717255717,0.07951070336391437,0.7671794871794871,0.41616161616161623,1.0,0.5515151515151516,0
261,323.0,5.0,278.0,4.0,269,4.0,41,1,0,3,5.0,0,0.17359667359667358,0.15698267074413866,0.997948717948718,0.03535353535353535,0.22391084093211752,0.887878787878788,0
262,251.0,11.0,262.0,11.0,270,11.0,24,0,1,3,3.0,0,0.3243243243243243,0.11416921508664628,0.6953846153846154,0.21515151515151518,0.14893617021276595,0.296969696969697,0
263,293.0,17.0,309.0,18.0,271,16.0,1,3,1,3,3.0,0,0.2733887733887734,0.4311926605504588,0.04,0.47070707070707074,0.9706180344478217,0.7676767676767677,0
264,264.0,4.0,264.0,4.0,272,4.0,18,1,0,3,4.0,0,0.3274428274428274,0.46279306829765543,0.2615384615384615,0.5595959595959596,0.02127659574468085,0.006060606060606063,0
265,252.0,57.0,243.0,55.0,273,57.0,55,0,1,3,4.0,1,0.19126819126819122,0.2232415902140673,0.6174358974358974,0.48686868686868695,0.06382978723404255,0.3878787878787879,0
266,280.0,16.0,267.0,16.0,274,17.0,1,0,0,3,3.0,0,0.2214137214137214,0.1834862385321101,0.2564102564102564,0.5141414141414142,1.0,0.577777777777778,0
267,273.0,35.0,248.0,34.0,275,33.0,54,0,0,3,4.0,0,0.19438669438669437,0.2793068297655454,0.23487179487179485,0.44747474747474747,0.9655521783181358,0.9696969696969698,0
268,349.0,1.0,334.0,1.0,276,1.0,40,1,1,3,3.0,0,0.13617463617463613,0.26911314984709483,0.6553846153846155,0.13434343434343435,1.0,0.9828282828282829,0
269,256.0,8.0,292.0,11.0,277,10.0,8,0,0,3,5.0,0,0.36590436590436587,0.10601427115188584,0.29435897435897435,0.48080808080808085,0.2259371833839919,0.30707070707070705,0
270,326.0,12.0,285.0,9.0,278,11.0,8,3,2,3,4.0,0,0.1871101871101871,0.05504587155963303,0.5138461538461538,0.7262626262626264,0.09625126646403244,0.09090909090909093,0
271,261.0,16.0,261.0,16.0,279,16.0,15,0,0,3,5.0,0,0.23076923076923073,0.5412844036697247,0.05846153846153846,0.6555555555555557,0.33333333333333337,0.6080808080808082,0
272,279.0,12.0,279.0,12.0,280,11.0,6,0,1,3,5.0,0,0.15904365904365902,0.17533129459734967,0.21743589743589745,0.6141414141414142,1.0,0.7313131313131315,0
273,309.0,6.0,295.0,6.0,281,5.0,18,1,2,3,4.0,0,0.23700623700623696,0.399592252803262,0.1958974358974359,0.781818181818182,0.040526849037487336,0.0,0
274,221.0,2.0,256.0,3.0,282,3.0,42,3,1,3,4.0,0,0.25467775467775466,0.15188583078491338,0.6820512820512821,0.1505050505050505,0.9138804457953394,0.10404040404040406,0
275,290.0,13.0,290.0,13.0,283,12.0,6,3,1,3,5.0,0,0.2224532224532224,0.35983690112130484,0.0523076923076923,0.6161616161616162,0.9118541033434651,0.5626262626262627,0
276,291.0,4.0,299.0,5.0,284,5.0,41,0,0,0,5.0,0,0.17879417879417878,0.5249745158002038,0.9999999999999999,0.0020202020202020193,0.07294832826747721,0.11515151515151516,0
277,263.0,58.0,280.0,58.0,285,58.0,55,3,0,3,5.0,0,0.2931392931392931,0.18144750254842,0.28512820512820514,0.4727272727272727,0.6018237082066871,0.2838383838383839,0
278,298.0,8.0,298.0,8.0,286,6.0,46,1,0,3,3.0,0,0.28898128898128894,0.29561671763506625,0.1517948717948718,0.5515151515151516,0.6585612968591692,0.2505050505050505,0
279,316.0,6.0,333.0,7.0,287,6.0,32,1,0,3,4.0,0,0.262993762993763,0.29357798165137616,0.2235897435897436,0.2696969696969697,0.9858156028368794,0.9474747474747476,0
280,329.0,7.0,293.0,6.0,288,6.0,49,2,1,3,3.0,0,0.2939899224957052,0.3367080110853535,1.1827771712829542,0.5090553375611204,0.2293955174757683,0.25248968099546376,1
281,320.0,11.0,296.0,12.0,289,12.0,8,3,1,3,4.0,0,0.3274428274428274,0.3190621814475026,0.48410256410256414,0.3151515151515152,0.10233029381965553,0.06666666666666668,0
282,276.0,3.0,286.0,3.0,290,3.0,13,0,1,3,4.0,0,0.2318087318087318,0.4026503567787972,0.5897435897435898,0.32222222222222224,0.2624113475177305,0.04747474747474748,0
283,314.0,1.0,317.0,1.0,291,1.0,10,3,1,3,5.0,0,0.3929313929313929,0.36289500509684,0.41743589743589743,0.10808080808080808,0.18338399189463017,0.46060606060606063,0
284,294.0,5.0,283.0,5.0,292,6.0,18,1,0,3,4.0,0,0.27130977130977124,0.31090723751274213,0.11897435897435898,0.8212121212121213,0.006079027355623098,0.0030303030303030307,0
285,260.0,33.0,236.0,33.0,293,34.0,54,1,0,3,5.0,0,0.15384615384615383,0.10703363914373089,0.24923076923076923,0.5454545454545455,0.9797365754812564,0.9515151515151516,0
286,255.0,15.0,281.0,17.0,294,17.0,15,3,1,3,5.0,0,0.47920997920997915,0.35575942915392456,0.21743589743589745,0.18181818181818182,0.1469098277608916,0.3282828282828283,0
287,313.0,18.0,287.0,17.0,295,18.0,1,0,0,3,5.0,0,0.17879417879417878,0.08358817533129459,0.1907692307692308,0.5818181818181819,0.9067882472137792,0.9616161616161618,0
288,277.0,1.0,294.0,1.0,296,1.0,19,3,1,0,5.0,0,0.6293546315261367,0.7210458287219211,0.6777399399114452,0.2673436695151748,1.2025283429977207,0.2986568008283061,1
289,278.0,37.0,268.0,35.0,297,35.0,54,0,0,3,4.0,0,0.2318087318087318,0.4648318042813456,0.24512820512820513,0.27474747474747474,0.9392097264437691,0.7515151515151517,0
290,281.0,7.0,254.0,6.0,298,7.0,46,0,2,3,3.0,0,0.27754677754677753,0.5056065239551478,0.5969230769230769,0.08787878787878789,0.3566362715298885,0.24444444444444446,0
291,275.0,6.0,276.0,7.0,300,8.0,46,0,0,3,3.0,0,0.3212058212058212,0.33944954128440374,0.518974358974359,0.21313131313131314,0.0921985815602837,0.28080808080808084,0
292,315.0,1.0,322.0,1.0,301,1.0,12,1,1,3,5.0,0,0.20686070686070682,0.20387359836901123,0.8225641025641026,0.1696969696969697,0.2624113475177305,0.22525252525252526,0
293,355.0,6.0,312.0,6.0,302,6.0,41,1,2,3,4.0,0,0.11538461538461536,0.26401630988786956,0.9784615384615386,0.10505050505050507,0.3181357649442756,0.38686868686868686,0
294,327.0,8.0,325.0,7.0,303,5.0,23,3,1,3,4.0,0,0.46361746361746353,0.21814475025484203,0.08410256410256409,0.4626262626262626,0.09625126646403244,0.07373737373737375,0
295,268.0,34.0,273.0,37.0,304,36.0,54,0,1,0,4.0,0,0.15904365904365902,0.08460754332313965,0.6635897435897437,0.23434343434343435,0.8632218844984804,0.5787878787878789,0
296,269.0,9.0,301.0,11.0,305,8.0,14,3,2,0,5.0,0,0.5665280665280665,0.471967380224261,0.03076923076923077,0.026262626262626265,0.19959473150962512,0.6080808080808082,0
297,249.0,56.0,259.0,57.0,306,59.0,55,0,0,3,5.0,0,0.39812889812889807,0.14984709480122327,0.16000000000000003,0.5080808080808081,0.1509625126646403,0.1717171717171717,0
298,345.0,14.0,314.0,13.0,307,13.0,8,3,1,3,5.0,0,0.21829521829521825,0.2701325178389399,0.42358974358974355,0.5353535353535355,0.19858156028368792,0.10707070707070708,0
299,333.0,20.0,307.0,19.0,308,18.0,15,3,1,3,5.0,0,0.35758835758835755,0.417940876656473,0.2676923076923077,0.19595959595959594,0.5258358662613982,0.37070707070707076,0
300,296.0,38.0,288.0,38.0,309,37.0,54,2,3,3,5.0,0,0.1954261954261954,0.10091743119266056,0.4615384615384615,0.19494949494949496,1.0,1.0,0
301,284.0,4.0,341.0,4.0,310,4.0,21,0,1,3,5.0,0,0.25987525987525983,0.2864424057084608,0.3446153846153846,0.23333333333333336,0.9290780141843973,0.4626262626262626,0
302,304.0,61.0,323.0,63.0,313,60.0,55,3,1,3,5.0,0,0.22243935583657914,0.06924063841767827,0.12604295944018273,0.08532811872534202,0.28465881167305623,0.077247310644534,1
303,312.0,40.0,302.0,39.0,314,38.0,54,1,0,3,4.0,0,-0.22410978272417575,-0.04191947668065865,-0.07903701765141069,0.08059002197562898,0.6512817416035189,0.6088728502584574,1
304,335.0,2.0,380.0,2.0,315,2.0,50,0,1,3,4.0,0,0.3648648648648648,0.3190621814475026,0.604102564102564,0.05757575757575758,0.07700101317122594,0.0494949494949495,0
305,246.0,11.0,266.0,11.0,316,13.0,6,0,0,3,4.0,0,0.20686070686070682,0.21508664627930685,0.04,0.5505050505050506,0.9159067882472138,0.9141414141414143,0
306,389.0,24.0,340.0,23.0,317,19.0,15,1,2,3,5.0,0,0.1476091476091476,0.6289500509683996,0.043076923076923075,0.7595959595959597,0.3434650455927052,0.27070707070707073,0
307,274.0,36.0,269.0,36.0,318,39.0,54,0,1,0,4.0,0,0.16008316008316006,0.07033639143730888,0.362051282051282,0.47373737373737373,0.8095238095238096,0.7080808080808081,0
308,288.0,18.0,300.0,18.0,319,20.0,15,3,1,3,5.0,0,0.1923076923076923,0.17737003058103978,0.00923076923076923,0.9525252525252527,0.26139817629179335,0.24646464646464644,0
309,325.0,19.0,329.0,19.0,320,19.0,1,3,1,3,3.0,0,-0.22097170539147376,-0.24812906741122107,-0.35551085993062825,0.0418162573964892,0.5236006668404731,-0.060203944623712924,1
310,406.0,3.0,391.0,3.0,321,2.0,19,3,1,2,4.0,0,0.38981288981288975,0.35474006116207957,0.5005128205128204,0.006060606060606063,0.42147922998986825,0.015151515151515154,0
311,340.0,10.0,315.0,9.0,322,9.0,45,2,2,3,3.0,0,0.07484407484407485,0.020387359836901122,0.35179487179487173,1.0,0.08915906788247215,0.06262626262626264,0
312,382.0,9.0,344.0,8.0,323,7.0,41,3,2,3,3.0,0,0.1954261954261954,0.31702344546381245,0.9466666666666667,0.011111111111111112,0.08409321175278622,0.15858585858585858,0
313,379.0,4.0,343.0,4.0,324,4.0,11,0,1,3,3.0,0,0.1424116424116424,0.3119266055045872,0.4328205128205128,0.42929292929292934,0.6940222897669707,0.30101010101010106,0
314,287.0,7.0,303.0,7.0,325,7.0,47,0,0,3,4.0,0,0.16528066528066526,0.2344546381243629,0.38769230769230767,0.5101010101010102,0.6545086119554205,0.1696969696969697,0
315,342.0,66.0,304.0,60.0,326,61.0,55,0,1,3,5.0,0,0.13305613305613304,0.07543323139653416,0.5794871794871794,0.4636363636363637,0.6089159067882473,0.19191919191919193,0
316,371.0,70.0,342.0,66.0,327,62.0,55,3,1,3,5.0,0,0.26715176715176714,0.35677879714576965,0.281025641025641,0.36767676767676766,0.43059777102330293,0.28585858585858587,0
317,308.0,39.0,306.0,40.0,328,40.0,54,1,2,3,5.0,0,0.11018711018711017,0.034658511722731905,0.2082051282051282,0.595959595959596,0.9604863221884499,0.9686868686868688,0
318,375.0,8.0,330.0,7.0,329,8.0,41,1,2,3,4.0,0,0.06237006237006237,0.1304791029561672,0.9753846153846154,0.05757575757575758,0.4549138804457954,0.7383838383838385,0
319,390.0,1.0,350.0,2.0,330,2.0,53,1,1,0,3.0,0,0.1725571725571725,0.2579001019367992,0.5702564102564103,0.10909090909090911,1.0,0.4787878787878788,0
320,331.0,2.0,359.0,2.0,331,3.0,19,0,0,3,4.0,0,0.36902286902286896,0.38634046890927626,0.5005128205128204,0.027272727272727275,0.2826747720364742,0.006060606060606063,0
321,299.0,9.0,319.0,10.0,332,10.0,45,0,1,0,5.0,1,0.1933471933471933,0.1488277268093782,0.8225641025641026,0.12424242424242428,0.09321175278622088,0.36262626262626263,0
322,289.0,6.0,308.0,7.0,333,7.0,49,1,0,3,4.0,0,0.25987525987525983,0.09683995922528033,0.7005128205128205,0.10101010101010102,0.1398176291793313,0.48484848484848486,0
323,322.0,12.0,321.0,12.0,334,12.0,24,0,1,3,4.0,0,0.211018711018711,0.07951070336391437,0.8369230769230769,0.14545454545454548,0.12664640324214793,0.16262626262626265,0
324,353.0,68.0,345.0,67.0,336,63.0,55,0,1,3,5.0,1,0.24740124740124736,0.2466870540265036,0.3528205128205128,0.31212121212121213,0.3667679837892604,0.5252525252525253,0
325,376.0,9.0,310.0,9.0,337,10.0,46,0,0,3,4.0,0,0.1975051975051975,0.16106014271151886,0.803076923076923,0.17474747474747476,0.045592705167173245,0.17979797979797982,0
326,461.0,2.0,411.0,2.0,338,1.0,38,3,1,0,5.0,0,0.31185031185031176,0.3832823649337411,0.5825641025641025,0.05555555555555556,0.035460992907801414,0.1676767676767677,0
327,306.0,2.0,358.0,2.0,339,1.0,39,3,1,3,1.0,0,0.38149688149688143,0.26707441386340475,0.13435897435897437,0.3757575757575758,0.06788247213779129,0.3181818181818182,0
328,338.0,8.0,339.0,8.0,340,8.0,47,0,1,3,4.0,0,0.5918043993456368,0.5083147699844477,1.2482285157697532,0.6834421909834284,0.7257252034792068,0.5622300697713072,1
329,358.0,22.0,335.0,22.0,342,21.0,15,1,0,3,4.0,0,0.041580041580041575,0.05198776758409786,0.8246153846153846,0.36565656565656574,0.4812563323201621,0.27474747474747474,0
330,318.0,62.0,313.0,62.0,343,64.0,55,0,1,3,5.0,0,0.15904365904365902,0.10805300713557593,0.06769230769230769,0.7010101010101012,0.8601823708206688,0.5171717171717173,0
331,347.0,67.0,326.0,64.0,344,65.0,55,0,0,3,5.0,1,0.15696465696465692,0.16615698267074416,0.18564102564102566,0.4494949494949495,0.851063829787234,0.9373737373737375,0
332,364.0,4.0,370.0,3.0,345,2.0,0,0,1,1,4.0,1,0.14449064449064447,0.4322120285423038,0.9517948717948718,0.0010101010101010114,0.016210739614994932,0.12323232323232323,0
333,359.0,4.0,337.0,4.0,346,4.0,13,1,0,3,4.0,0,0.5360196618750404,0.4395802443347054,1.2675234733788519,0.6119368377922163,0.7838105905170327,0.4483004741558526,1
334,310.0,19.0,331.0,21.0,347,22.0,15,3,1,3,5.0,0,0.32224532224532215,0.29867482161060144,0.4071794871794872,0.19191919191919193,0.24822695035460995,0.08484848484848487,0
335,307.0,7.0,388.0,8.0,348,6.0,23,3,2,3,5.0,0,0.29937629937629934,0.5056065239551478,0.00717948717948718,0.5252525252525253,0.026342451874366766,0.29393939393939394,0
336,419.0,1.0,395.0,1.0,350,2.0,38,3,0,3,5.0,0,0.37941787941787936,0.4607543323139654,0.3712820512820513,0.05858585858585858,0.08004052684903748,0.11111111111111112,0
337,334.0,1.0,354.0,1.0,351,1.0,3,0,2,0,4.0,0,0.1476091476091476,0.31090723751274213,0.9405128205128205,0.007070707070707069,0.04255319148936171,0.197979797979798,0
338,237.0,7.0,289.0,9.0,352,10.0,14,3,1,3,1.0,0,0.42515592515592515,0.07543323139653416,0.1117948717948718,0.3252525252525253,0.24113475177304966,0.30101010101010106,0
339,302.0,1.0,328.0,1.0,353,2.0,39,0,1,3,5.0,0,0.3451143451143451,0.2273190621814475,0.1394871794871795,0.4686868686868687,0.04255319148936171,0.11818181818181818,0
340,393.0,73.0,347.0,69.0,354,66.0,55,0,1,3,5.0,0,0.13617463617463613,0.06320081549439348,0.6092307692307692,0.4444444444444445,0.243161094224924,0.11212121212121214,0
341,319.0,7.0,318.0,6.0,356,7.0,32,2,0,3,5.0,0,0.05093555093555092,0.08256880733944955,0.4256410256410256,0.37272727272727274,0.9584599797365756,0.987878787878788,0
342,369.0,1.0,386.0,1.0,357,1.0,37,3,1,2,5.0,0,0.31600831600831597,0.3832823649337411,0.6102564102564102,0.011111111111111112,0.005065856129685919,0.00505050505050505,0
343,311.0,3.0,361.0,3.0,358,3.0,5,3,1,3,4.0,0,0.5197505197505197,0.18042813455657494,0.19282051282051282,0.10606060606060608,0.05775075987841946,0.010101010101010102,0
344,346.0,42.0,332.0,41.0,359,42.0,54,0,0,3,4.0,0,0.08108108108108106,0.12945973496432214,0.13230769230769232,0.5616161616161617,0.9929078014184397,0.976767676767677,0
345,259.0,3.0,363.0,3.0,360,3.0,33,3,1,3,5.0,0,0.2744282744282744,0.24872579001019368,0.29128205128205126,0.26161616161616164,0.696048632218845,0.11919191919191922,0
346,383.0,71.0,349.0,70.0,361,67.0,55,0,1,3,4.0,0,0.1777546777546777,0.07849133537206932,0.33641025641025635,0.390909090909091,0.42147922998986825,0.788888888888889,0
347,368.0,14.0,353.0,14.0,362,13.0,24,2,2,3,4.0,0,0.43119685462883695,0.3858741854529568,1.3542737777057599,0.5643747878067702,0.3775767159023153,0.5128596362916187,1
348,348.0,14.0,360.0,14.0,364,14.0,6,0,0,3,4.0,0,0.1268191268191268,0.08970438328236492,0.03487179487179488,0.7191919191919194,0.9229989868287742,0.5060606060606062,0
349,501.0,13.0,414.0,12.0,365,9.0,41,0,0,3,4.0,0,0.14449064449064447,0.12945973496432214,0.9384615384615385,0.011111111111111112,0.1458966565349544,0.34040404040404043,0
350,374.0,7.0,355.0,9.0,366,10.0,41,1,3,2,4.0,0,0.06340956340956341,0.24260958205912336,0.998974358974359,0.0010101010101010114,0.1448834853090172,0.5424242424242426,0
351,301.0,60.0,336.0,65.0,367,68.0,55,0,0,3,4.0,0,0.1663201663201663,0.06116207951070336,0.09641025641025641,0.78989898989899,0.44072948328267475,0.17878787878787877,0
352,344.0,13.0,338.0,14.0,368,14.0,8,0,1,3,5.0,0,0.1923076923076923,0.03567787971457696,0.2656410256410256,0.6282828282828284,0.2998986828774063,0.07070707070707072,0
353,377.0,46.0,357.0,44.0,369,43.0,54,0,0,3,4.0,0,0.1715176715176715,0.08664627930682978,0.2061538461538462,0.36060606060606065,0.9817629179331308,0.7424242424242425,0
354,354.0,43.0,356.0,43.0,370,44.0,54,0,0,0,4.0,0,0.1611226611226611,0.07237512742099898,0.10974358974358975,0.4131313131313131,0.9969604863221885,0.9939393939393942,0
355,411.0,2.0,376.0,3.0,371,3.0,53,2,1,0,2.0,1,0.1507276507276507,0.33843017329255864,0.28410256410256407,0.12525252525252525,1.0,1.0,0
356,357.0,13.0,320.0,13.0,372,13.0,31,1,2,3,4.0,0,0.1164241164241164,0.22629969418960247,0.10153846153846155,0.6212121212121213,0.8399189463019251,0.3808080808080809,0
357,387.0,72.0,368.0,71.0,373,69.0,55,0,1,3,5.0,0,0.11954261954261952,0.1396534148827727,0.8205128205128205,0.17676767676767677,0.13576494427558256,0.13232323232323231,0
358,384.0,5.0,379.0,5.0,374,5.0,11,0,2,3,4.0,0,0.30574353056101167,0.31281658809278484,0.5282106130280941,0.4597723845898658,0.8771436657909342,0.4678531926706738,1
359,418.0,6.0,378.0,6.0,375,5.0,13,1,1,3,4.0,0,0.12889812889812888,0.19673802242609584,0.4358974358974359,0.4414141414141415,0.4235055724417427,0.08282828282828283,0
360,361.0,44.0,364.0,45.0,377,45.0,54,0,0,0,3.0,0,0.6971748914867288,1.0289558608823772,0.5924624867743241,0.5894321837440211,1.0710845739070498,1.1773109716228092,1
361,367.0,21.0,369.0,20.0,378,20.0,1,0,1,0,3.0,0,0.1164241164241164,0.10091743119266056,0.07282051282051283,0.5565656565656567,0.9392097264437691,0.7767676767676769,0
362,427.0,80.0,374.0,72.0,379,70.0,55,0,1,3,5.0,0,0.12577962577962576,0.07441386340468908,0.12820512820512822,0.694949494949495,0.6494427558257346,0.2676767676767677,0
363,454.0,1.0,452.0,1.0,380,1.0,34,1,1,0,3.0,0,0.08627858627858626,0.13149847094801226,0.7384615384615384,0.10303030303030304,1.0,0.06666666666666668,0
364,400.0,10.0,362.0,8.0,381,8.0,49,1,2,3,4.0,1,0.06029106029106029,0.10601427115188584,0.8666666666666667,0.20808080808080812,0.21073961499493415,0.17979797979797982,0
365,303.0,12.0,348.0,13.0,382,11.0,14,3,1,0,2.0,0,0.42099792099792094,0.0489296636085627,0.05846153846153846,0.22626262626262625,0.38703140830800403,0.42121212121212126,0
366,365.0,69.0,346.0,68.0,385,71.0,55,1,0,3,5.0,1,0.06548856548856546,0.0672782874617737,0.28410256410256407,0.6575757575757576,0.3738601823708207,0.5141414141414142,0
367,424.0,22.0,389.0,21.0,386,21.0,1,0,0,3,3.0,0,-0.08950339392998427,-0.012106660569948136,-0.02429202871861902,0.17508637065978036,0.7841250860814745,0.7124601080335179,1
368,440.0,5.0,421.0,5.0,387,3.0,0,1,2,2,3.0,1,0.06237006237006237,0.07849133537206932,0.842051282051282,0.0020202020202020193,0.342451874366768,0.9747474747474749,0
369,386.0,10.0,373.0,10.0,388,11.0,41,1,2,3,5.0,0,0.05405405405405405,0.12945973496432214,0.88,0.03838383838383838,0.1225937183383992,0.8484848484848486,0
370,544.0,1.0,445.0,1.0,389,1.0,28,1,2,3,3.0,0,0.0769230769230769,0.045871559633027525,0.2235897435897436,0.43333333333333335,1.0,0.9616161616161618,0
371,448.0,10.0,427.0,10.0,390,7.0,23,0,0,3,4.0,0,0.22349272349272348,0.09989806320081548,0.14051282051282052,0.6030303030303031,0.29685916919959476,0.05757575757575758,0
372,426.0,9.0,424.0,9.0,391,8.0,23,3,1,3,5.0,0,0.38357588357588357,0.18246687054026506,0.09128205128205127,0.35959595959595964,0.05572441742654509,0.045454545454545456,0
373,370.0,4.0,371.0,4.0,392,4.0,33,0,1,0,4.0,0,0.10187110187110185,0.009174311926605505,0.8133333333333332,0.11212121212121214,0.6919959473150963,0.09393939393939396,0
374,444.0,12.0,439.0,13.0,393,12.0,41,0,2,3,5.0,0,0.14968814968814967,0.06218144750254842,0.8184615384615385,0.025252525252525256,0.0851063829787234,0.5262626262626263,0
375,394.0,74.0,401.0,77.0,395,72.0,55,0,1,3,5.0,0,0.05093555093555092,0.06931702344546381,0.9999999999999999,0.1505050505050505,0.037487335359675786,0.11414141414141417,0
376,351.0,13.0,352.0,13.0,396,14.0,24,0,1,3,4.0,0,0.21621621621621617,0.25993883792048933,0.5723076923076923,0.14545454545454548,0.09017223910840932,0.08080808080808081,0
377,372.0,8.0,375.0,8.0,399,8.0,48,1,3,3,5.0,0,0.06133056133056131,0.6574923547400612,0.057435897435897436,0.3111111111111111,1.0,0.9343434343434345,0
378,420.0,78.0,390.0,75.0,400,73.0,55,1,1,3,5.0,1,-0.42029756657653694,-0.38198437688720044,0.5578729115939411,-0.2542483005272709,-0.38032364362389054,-0.2885917348707052,1
379,473.0,18.0,415.0,15.0,401,15.0,8,3,1,3,4.0,0,0.16008316008316006,0.21916411824668705,0.1517948717948718,0.6777777777777778,0.11550151975683891,0.05656565656565656,0
380,360.0,20.0,398.0,22.0,402,22.0,1,0,0,3,4.0,0,0.2978402455515496,0.3364130455922396,0.19203289974420382,0.45677260448390855,1.108217141034828,1.090105937817242,1
381,437.0,1.0,417.0,2.0,403,1.0,35,1,0,3,3.0,0,0.13097713097713093,0.382262996941896,0.7599999999999999,0.08282828282828283,0.0243161094224924,0.04444444444444445,0
382,332.0,2.0,367.0,2.0,404,4.0,0,2,0,2,3.0,1,0.12266112266112264,0.35677879714576965,0.8400000000000001,0.009090909090909092,0.048632218844984795,0.11313131313131314,0
383,366.0,3.0,383.0,2.0,405,2.0,44,0,1,3,5.0,0,0.21933471933471926,0.35677879714576965,0.09435897435897436,0.36767676767676766,0.8328267477203648,0.09090909090909093,0
384,410.0,76.0,393.0,76.0,406,74.0,55,0,1,3,5.0,0,0.2557172557172557,0.21916411824668705,0.1641025641025641,0.3494949494949495,0.6149949341438704,0.09696969696969698,0
385,407.0,4.0,410.0,4.0,407,3.0,39,0,1,3,5.0,0,0.2733887733887734,0.11416921508664628,0.16923076923076924,0.36464646464646466,0.11246200607902736,0.5676767676767678,0
386,397.0,11.0,387.0,11.0,408,11.0,45,0,0,0,4.0,1,0.0873180873180873,0.18552497451580025,0.8225641025641026,0.012121212121212125,0.39513677811550146,0.403030303030303,0
387,479.0,1.0,434.0,1.0,409,1.0,20,1,2,3,4.0,0,0.08316008316008316,0.22222222222222224,0.12,0.881818181818182,0.03951367781155016,0.010101010101010102,0
388,460.0,87.0,419.0,79.0,410,75.0,55,0,1,3,5.0,0,0.08627858627858626,0.26707441386340475,0.17230769230769233,0.790909090909091,0.044579533941236066,0.03535353535353535,0
389,399.0,25.0,408.0,26.0,411,23.0,15,3,1,3,5.0,0,-0.18500317699242033,-0.2783315088528623,0.16327125128200792,-0.17110326309250642,-0.03574051709146253,-0.1519113439005872,1
390,388.0,8.0,403.0,9.0,412,9.0,49,1,0,3,3.0,0,0.21725571725571724,0.17838939857288483,0.3487179487179487,0.36969696969696975,0.1448834853090172,0.07676767676767678,0
391,962.0,30.0,397.0,12.0,413,12.0,45,0,1,0,5.0,1,-0.19600406277312304,-0.1073540154074793,0.46410681733775705,-0.20206256883162907,-0.14907064349927823,-0.014183780952841174,1
392,475.0,4.0,458.0,5.0,414,4.0,2,1,0,3,4.0,0,0.0769230769230769,0.2772680937818553,0.5076923076923077,0.24444444444444446,0.7710233029381967,0.197979797979798,0
393,423.0,15.0,423.0,16.0,415,16.0,8,3,0,3,3.0,0,0.22037422037422033,0.045871559633027525,0.5374358974358974,0.1676767676767677,0.4559270516717325,0.04242424242424243,0
394,378.0,15.0,402.0,15.0,416,15.0,6,0,1,3,5.0,0,0.1819126819126819,0.1977573904179409,0.2892307692307692,0.2888888888888889,0.6869300911854104,0.2797979797979798,0
395,398.0,47.0,396.0,47.0,417,46.0,54,1,2,3,5.0,0,0.17359667359667358,0.06116207951070336,0.18256410256410258,0.25757575757575757,0.8642350557244174,0.9565656565656567,0
396,336.0,2.0,394.0,2.0,418,2.0,25,0,2,0,2.0,0,0.09459459459459457,0.13149847094801226,0.9282051282051282,0.00404040404040404,0.3140830800405268,0.051515151515151514,0
397,352.0,4.0,407.0,4.0,419,4.0,22,0,1,3,4.0,0,0.13097713097713093,0.17533129459734967,0.16102564102564101,0.5282828282828284,0.6970618034447822,0.20505050505050507,0
398,455.0,86.0,412.0,78.0,420,76.0,55,1,1,3,5.0,1,0.07068607068607066,0.03261977573904179,0.8533333333333334,0.16363636363636364,0.1651469098277609,0.21313131313131314,0
399,396.0,75.0,426.0,80.0,421,77.0,55,1,0,3,5.0,1,0.1372141372141372,0.05606523955147809,0.1394871794871795,0.5121212121212122,0.220871327254306,1.0,0
400,363.0,3.0,406.0,3.0,422,4.0,39,0,1,3,3.0,0,0.24012474012474005,0.26401630988786956,0.2635897435897436,0.21616161616161617,0.2573454913880446,0.43232323232323233,0
401,429.0,82.0,438.0,84.0,423,78.0,55,0,1,3,5.0,0,0.1933471933471933,0.11314984709480123,0.41743589743589743,0.32222222222222224,0.15805471124620057,0.16161616161616163,0
402,560.0,25.0,478.0,24.0,424,23.0,1,0,1,0,4.0,0,0.10914760914760913,0.07033639143730888,0.06256410256410255,0.48383838383838385,0.9128672745694023,0.8797979797979799,0
403,488.0,14.0,474.0,11.0,425,9.0,23,3,1,3,5.0,0,0.28898128898128894,0.13761467889908258,0.0358974358974359,0.5696969696969698,0.0182370820668693,0.0010101010101010114,0
404,385.0,23.0,400.0,25.0,426,24.0,15,1,0,3,4.0,0,0.21205821205821201,0.0672782874617737,0.36,0.23434343434343435,0.5612968591691997,0.2676767676767677,0
405,392.0,9.0,416.0,10.0,427,10.0,49,1,0,3,4.0,0,0.19958419958419957,0.1794087665647299,0.31076923076923074,0.3565656565656566,0.19655521783181357,0.19494949494949496,0
406,362.0,2.0,405.0,3.0,428,3.0,44,0,1,3,5.0,0,0.22972972972972966,0.29663608562691135,0.020512820512820516,0.5010101010101011,0.3738601823708207,0.10707070707070708,0
407,391.0,5.0,422.0,5.0,429,5.0,21,0,0,0,3.0,0,0.13513513513513511,0.24464831804281345,0.37538461538461537,0.15353535353535352,0.7933130699088146,0.5050505050505052,0
408,480.0,19.0,444.0,17.0,430,17.0,8,3,0,3,5.0,0,0.14656964656964652,0.0163098878695209,0.19487179487179487,0.7131313131313132,0.07801418439716312,0.052525252525252523,0
409,321.0,7.0,392.0,7.0,431,7.0,4,0,1,3,5.0,0,0.1528066528066528,0.24057084607543328,0.23384615384615384,0.3282828282828283,0.45187436676798376,0.5737373737373738,0
410,339.0,65.0,377.0,73.0,432,79.0,55,0,0,0,5.0,1,0.1985446985446985,0.1957186544342508,0.358974358974359,0.2282828282828283,0.4285714285714286,0.18686868686868688,0
411,404.0,27.0,372.0,24.0,433,25.0,15,3,1,3,4.0,0,0.1975051975051975,0.1508664627930683,0.0,0.5919191919191921,0.3343465045592705,0.3313131313131313,0
412,465.0,10.0,413.0,10.0,434,11.0,46,0,1,3,5.0,0,0.16008316008316006,0.08154943934760449,0.7415384615384615,0.11111111111111112,0.035460992907801414,0.051515151515151514,0
413,451.0,17.0,465.0,18.0,436,18.0,8,0,2,3,4.0,0,-0.19492946985595225,-0.3206963800265321,-0.03832517325165563,0.10105322612674378,-0.33519681225095416,-0.3009669758934582,1
414,611.0,19.0,514.0,17.0,437,14.0,41,1,2,3,5.0,0,0.06237006237006237,0.12028542303771662,0.8287179487179487,0.05353535353535354,0.17223910840932116,0.4353535353535354,0
415,337.0,3.0,384.0,4.0,438,5.0,0,1,0,1,4.0,1,0.37910415283333004,0.5128755388982942,1.2277943815235588,0.33957371330289055,0.3953012009452718,0.8920989658281431,1
416,403.0,11.0,404.0,11.0,439,15.0,41,0,2,3,5.0,0,0.06964656964656965,0.08766564729867482,0.7661538461538462,0.02323232323232323,0.15704154002026344,0.7787878787878788,0
417,529.0,7.0,469.0,4.0,440,4.0,5,0,1,3,4.0,0,0.0821205821205821,0.03261977573904179,0.9282051282051282,0.09090909090909093,0.04255319148936171,0.008080808080808083,0
418,458.0,18.0,463.0,16.0,441,16.0,6,0,1,3,5.0,0,0.08004158004158005,0.08460754332313965,0.29538461538461536,0.38686868686868686,0.7315096251266464,0.5313131313131314,0
419,373.0,45.0,381.0,46.0,442,47.0,54,0,0,0,4.0,0,0.07380457380457381,0.40774719673802245,0.10974358974358975,0.35050505050505054,0.9726443768996961,0.5393939393939394,0
420,442.0,8.0,464.0,8.0,443,8.0,32,0,0,0,2.0,0,0.16424116424116422,0.24464831804281345,0.12512820512820513,0.11919191919191922,0.9949341438703142,1.0,0
421,431.0,23.0,443.0,23.0,444,24.0,1,2,1,0,3.0,1,0.0031185031185031117,0.06625891946992865,0.45948717948717943,0.19494949494949496,0.9858156028368794,0.9909090909090911,0
422,504.0,16.0,466.0,17.0,445,15.0,24,0,1,3,5.0,0,0.11226611226611224,0.030581039755351685,0.7928205128205128,0.1383838383838384,0.07294832826747721,0.051515151515151514,0
423,484.0,92.0,450.0,87.0,446,80.0,55,0,0,3,5.0,0,0.14968814968814967,0.19266055045871563,0.4461538461538461,0.2595959595959596,0.2998986828774063,0.07575757575757577,0
424,434.0,84.0,472.0,91.0,448,81.0,55,3,1,3,5.0,0,0.24012474012474005,0.42201834862385323,0.09743589743589745,0.3474747474747475,0.16717325227963525,0.04747474747474748,0
425,422.0,15.0,457.0,15.0,449,16.0,24,1,3,0,5.0,0,0.18087318087318083,0.6615698267074414,0.3425641025641025,0.03333333333333333,0.2826747720364742,0.20707070707070707,0
426,466.0,11.0,512.0,13.0,450,10.0,23,3,1,3,4.0,0,0.31600831600831597,0.04383282364933741,0.08307692307692308,0.3858585858585859,0.07294832826747721,0.19494949494949496,0
427,436.0,2.0,449.0,1.0,451,1.0,51,1,0,3,3.0,1,0.12993762993762992,0.3007135575942915,0.4851282051282051,0.17575757575757575,0.39108409321175275,0.05757575757575758,0
428,517.0,14.0,476.0,15.0,452,16.0,41,1,0,3,4.0,0,0.05717255717255717,0.1488277268093782,0.7343589743589742,0.06363636363636364,0.0982776089159068,0.6777777777777778,0
429,441.0,16.0,477.0,20.0,453,19.0,8,3,1,3,4.0,0,0.2318087318087318,0.02140672782874618,0.24615384615384614,0.4353535353535354,0.06382978723404255,0.03535353535353535,0
430,472.0,13.0,433.0,13.0,454,13.0,45,0,1,0,5.0,1,0.06860706860706861,0.05198776758409786,0.8153846153846154,0.08181818181818183,0.13272543059777103,0.3444444444444445,0
431,402.0,1.0,446.0,1.0,455,1.0,16,0,2,3,5.0,0,0.15488565488565487,0.4393476044852192,0.06666666666666668,0.5585858585858586,0.0030395136778115506,0.06363636363636364,0
432,447.0,12.0,436.0,14.0,456,14.0,45,1,0,3,4.0,1,0.15384615384615383,0.3282364933741081,0.5066666666666666,0.12121212121212123,0.10638297872340427,0.20202020202020202,0
433,324.0,63.0,385.0,74.0,457,82.0,55,0,1,3,4.0,0,0.13617463617463613,0.10703363914373089,0.14461538461538465,0.5686868686868688,0.44072948328267475,0.08989898989898991,0
434,536.0,21.0,490.0,17.0,458,12.0,14,3,2,3,1.0,0,0.3004158004158004,0.038735983690112136,0.27076923076923076,0.05555555555555556,0.507598784194529,0.41010101010101013,0
435,409.0,1.0,488.0,1.0,459,1.0,27,0,1,0,5.0,0,0.15384615384615383,0.21406727828746178,0.6871794871794872,0.04242424242424243,0.08004052684903748,0.051515151515151514,0
436,491.0,93.0,455.0,89.0,460,83.0,55,1,1,3,4.0,0,0.06756756756756757,0.03567787971457696,0.1035897435897436,0.8353535353535355,0.13779128672745694,0.12424242424242428,0
437,445.0,85.0,451.0,88.0,461,84.0,55,0,0,3,5.0,0,0.14656964656964652,0.06116207951070336,0.27794871794871795,0.36969696969696975,0.5572441742654509,0.20202020202020202,0
438,554.0,24.0,491.0,21.0,462,20.0,8,0,0,3,4.0,0,0.1216216216216216,0.041794087665647295,0.3005128205128205,0.5535353535353535,0.08915906788247215,0.052525252525252523,0
439,433.0,16.0,467.0,17.0,463,17.0,6,3,0,3,3.0,0,0.11954261954261952,0.3496432212028543,0.029743589743589746,0.27272727272727276,0.8419452887537995,0.894949494949495,0
440,485.0,31.0,524.0,32.0,464,26.0,15,0,1,3,5.0,0,0.12474012474012472,0.041794087665647295,0.07692307692307693,0.6565656565656567,0.47213779128672745,0.11818181818181818,0
441,439.0,48.0,437.0,51.0,465,48.0,54,0,1,0,4.0,0,0.09459459459459457,0.11213047910295616,0.32102564102564096,0.2515151515151515,0.7355623100303953,0.6060606060606062,0
442,526.0,16.0,459.0,15.0,466,15.0,45,1,1,3,5.0,1,0.009355509355509356,0.0,0.9641025641025641,0.16262626262626265,0.019250253292806486,0.03333333333333333,0
443,596.0,30.0,503.0,22.0,467,21.0,8,0,0,3,4.0,0,0.16008316008316006,0.031600407747196746,0.14871794871794872,0.6525252525252526,0.032421479229989864,0.031313131313131314,0
444,413.0,77.0,429.0,82.0,468,85.0,55,1,0,3,4.0,1,0.0821205821205821,0.09276248725790011,0.39692307692307693,0.2656565656565657,0.2867274569402229,0.8070707070707073,0
445,463.0,4.0,527.0,4.0,469,3.0,9,0,1,2,5.0,1,0.3139293139293139,0.7003058103975535,0.14871794871794872,0.015151515151515154,0.05268490374873354,0.010101010101010102,0
446,575.0,27.0,546.0,27.0,470,22.0,8,3,1,3,5.0,0,0.38362484557974563,0.3392939939094445,0.5090579710128711,0.8051729671278673,0.3337014126775894,0.2981022600571602,1
447,531.0,34.0,462.0,28.0,471,27.0,15,0,1,0,4.0,0,0.0841995841995842,0.03975535168195719,0.5682051282051281,0.17575757575757575,0.4002026342451874,0.4676767676767677,0
448,602.0,27.0,499.0,25.0,472,25.0,1,3,1,0,3.0,0,0.1507276507276507,0.24464831804281345,0.06358974358974359,0.27575757575757576,1.0,0.5464646464646465,0
449,550.0,18.0,460.0,16.0,473,17.0,24,2,0,3,5.0,0,0.022869022869022863,0.005096839959225281,0.998974358974359,0.09090909090909093,0.03343465045592704,0.01616161616161616,0
450,438.0,1.0,556.0,1.0,474,1.0,36,0,2,0,5.0,1,0.33991683991683985,0.5545361875637105,0.1712820512820513,0.007070707070707069,0.05775075987841946,0.013131313131313131,0
451,425.0,79.0,431.0,83.0,475,86.0,55,3,1,3,5.0,0,0.21517671517671516,0.24872579001019368,0.1394871794871795,0.35959595959595964,0.3120567375886525,0.05656565656565656,0
452,490.0,8.0,487.0,9.0,476,7.0,18,0,1,0,4.0,0,0.34615384615384615,0.42609582059123347,0.09846153846153846,0.14747474747474748,0.004052684903748733,0.008080808080808083,0
453,446.0,3.0,500.0,3.0,477,3.0,43,1,3,0,2.0,0,0.1112266112266112,0.2436289500509684,0.13538461538461538,0.23535353535353537,1.0,0.6747474747474749,0
454,432.0,28.0,453.0,27.0,478,28.0,15,0,1,3,5.0,0,0.1476091476091476,0.028542303771661576,0.5394871794871795,0.23333333333333336,0.10435663627152988,0.11818181818181818,0
455,459.0,50.0,418.0,48.0,479,49.0,54,1,0,3,4.0,0,0.07068607068607066,0.08868501529051988,0.1907692307692308,0.40101010101010104,0.7558257345491389,0.6494949494949496,0
456,577.0,29.0,547.0,28.0,480,23.0,8,3,0,3,4.0,0,0.08627858627858626,0.020387359836901122,0.19179487179487179,0.7101010101010102,0.12360688956433637,0.03333333333333333,0
457,405.0,3.0,409.0,3.0,481,4.0,9,0,0,1,5.0,1,0.21807619187698693,0.5432471638369498,0.9578821516829468,0.1650616388624339,0.3231163501086345,0.17718285098364603,1
458,498.0,4.0,492.0,5.0,482,5.0,5,3,1,3,3.0,0,0.2848232848232848,0.13863404689092765,0.3384615384615384,0.1383838383838384,0.04660587639311044,0.012121212121212125,0
459,635.0,6.0,530.0,7.0,483,7.0,29,1,3,3,2.0,1,0.09147609147609145,0.24770642201834864,0.3384615384615384,0.201010101010101,0.8196555217831815,0.29393939393939394,0
460,481.0,51.0,432.0,49.0,484,50.0,54,1,0,3,5.0,0,0.06340956340956341,0.041794087665647295,0.2615384615384615,0.4151515151515152,0.5927051671732523,0.5686868686868688,0
461,483.0,11.0,430.0,11.0,485,11.0,49,1,2,3,3.0,1,0.0,0.02650356778797146,0.5825641025641025,0.496969696969697,0.0243161094224924,0.07171717171717172,0
462,494.0,21.0,475.0,19.0,486,24.0,8,3,1,3,4.0,0,0.13305613305613304,0.109072375127421,0.518974358974359,0.24444444444444446,0.1276595744680851,0.0202020202020202,0
463,590.0,26.0,641.0,28.0,487,26.0,1,1,0,3,3.0,0,0.1216216216216216,0.109072375127421,0.027692307692307697,0.3808080808080809,0.9544072948328268,0.683838383838384,0
464,470.0,89.0,441.0,86.0,488,87.0,55,0,1,3,5.0,0,0.06237006237006237,0.019367991845056064,0.7189743589743589,0.19292929292929295,0.17426545086119555,0.12424242424242428,0
465,502.0,2.0,498.0,2.0,489,2.0,20,1,2,3,4.0,0,0.009355509355509356,0.13353720693170237,0.05025641025641026,0.9484848484848487,0.05775075987841946,0.01616161616161616,0
466,456.0,3.0,519.0,3.0,490,3.0,7,0,1,2,5.0,0,0.3305613305613305,0.5942915392456677,0.10871794871794871,0.03737373737373738,0.06990881458966565,0.012121212121212125,0
467,514.0,5.0,480.0,4.0,493,3.0,25,0,0,2,4.0,0,0.03326403326403326,0.04281345565749235,0.9394871794871794,0.0,0.160081053698075,0.1686868686868687,0
468,528.0,1.0,539.0,1.0,494,1.0,56,2,1,1,2.0,1,0.09979209979209977,0.15698267074413866,0.7856410256410256,0.0030303030303030307,0.1702127659574468,0.027272727272727275,0
469,417.0,17.0,454.0,15.0,495,13.0,14,3,1,3,1.0,0,0.3128898128898128,0.030581039755351685,0.11282051282051284,0.24242424242424243,0.2259371833839919,0.25858585858585864,0
470,428.0,81.0,440.0,85.0,496,88.0,55,0,0,3,5.0,0,0.07484407484407485,0.08460754332313965,0.09333333333333332,0.6676767676767678,0.38500506585612965,0.21717171717171718,0
471,408.0,1.0,485.0,1.0,497,1.0,52,0,1,2,5.0,0,0.07276507276507277,0.09683995922528033,0.7148717948717949,0.008080808080808083,0.0,0.781818181818182,0
472,493.0,2.0,533.0,2.0,498,3.0,10,0,3,3,5.0,0,0.15488565488565487,0.38532110091743127,0.32205128205128203,0.09696969696969698,0.17122593718338397,0.5707070707070708,0
473,381.0,16.0,425.0,14.0,499,14.0,14,3,0,3,1.0,0,0.1715176715176715,0.1722731906218145,0.10871794871794871,0.4222222222222222,0.1904761904761905,0.38686868686868686,0
474,457.0,7.0,484.0,7.0,500,6.0,13,1,0,3,3.0,0,0.1112266112266112,0.08766564729867482,0.42358974358974355,0.3282828282828283,0.2695035460992908,0.08181818181818183,0
