,World2018,National2018,World2019,National2019,Country,SIZE,FOCUS,RESEARCH INTENSITY,AGE,STATUS,Academic Reputation,Employer Reputation,Faculty Student,Citations per Faculty,International Faculty,International Students,World2020,National2020
0,1.0,1.0,1.0,1.0,55,1,0,3,5.0,1,100.0,100.0,100.0,99.8,100.0,94.1,1,1.0
1,2.0,2.0,2.0,2.0,55,0,1,3,5.0,1,100.0,100.0,100.0,98.6,99.8,67.7,2,2.0
2,3.0,3.0,3.0,3.0,55,0,1,3,5.0,1,100.0,100.0,98.7,99.6,86.3,62.2,3,3.0
3,6.0,2.0,5.0,1.0,54,0,1,3,5.0,0,100.0,100.0,100.0,84.7,99.7,98.5,4,1.0
4,4.0,4.0,4.0,4.0,55,2,0,3,5.0,1,97.8,81.2,100.0,100.0,99.4,87.3,5,4.0
5,10.0,1.0,7.0,1.0,48,0,0,3,5.0,0,98.4,96.7,85.0,98.4,100.0,98.0,6,1.0
6,5.0,1.0,6.0,2.0,54,0,1,3,5.0,0,100.0,100.0,100.0,74.2,100.0,97.6,7,2.0
7,7.0,3.0,10.0,4.0,54,3,1,3,5.0,0,99.3,98.7,98.1,76.7,99.1,100.0,8,3.0
8,8.0,4.0,8.0,3.0,54,0,1,3,5.0,0,98.6,99.9,99.8,72.1,100.0,100.0,9,4.0
9,9.0,5.0,9.0,5.0,55,0,1,3,5.0,1,99.5,93.7,96.5,78.5,70.2,81.0,10,5.0
10,11.0,1.0,12.0,2.0,43,0,1,3,3.0,0,92.1,93.8,93.9,88.8,100.0,74.2,11,1.0
11,15.0,2.0,11.0,1.0,43,3,1,3,5.0,0,99.8,99.2,88.3,75.7,100.0,76.4,12,2.0
12,13.0,6.0,13.0,6.0,55,1,0,3,5.0,1,99.9,98.6,70.7,100.0,64.9,67.6,13,6.0
13,14.0,7.0,14.0,7.0,55,0,1,3,5.0,1,98.7,90.4,65.7,95.1,93.8,72.3,14,7.0
14,19.0,11.0,19.0,10.0,55,0,1,3,5.0,1,95.8,93.7,100.0,67.6,84.0,63.6,15,8.0
15,25.0,1.0,17.0,1.0,8,3,1,3,5.0,0,97.4,99.1,92.4,80.4,68.0,30.1,16,1.0
16,16.0,8.0,15.0,8.0,55,0,1,3,5.0,1,99.9,99.9,100.0,53.5,78.1,57.4,17,9.0
17,18.0,10.0,16.0,9.0,55,0,1,3,5.0,1,99.7,97.6,100.0,53.0,40.1,96.9,18,10.0
18,12.0,2.0,22.0,2.0,48,1,2,3,5.0,0,75.6,77.6,96.6,98.9,100.0,100.0,19,2.0
19,24.0,6.0,18.0,5.0,54,3,1,3,5.0,0,97.5,93.7,85.6,53.0,98.0,98.6,20,5.0
20,22.0,13.0,20.0,11.0,55,3,1,3,5.0,0,98.9,94.4,91.0,61.6,79.7,44.1,21,11.0
21,38.0,2.0,30.0,2.0,8,3,1,3,5.0,0,99.1,99.6,72.3,73.0,70.7,36.9,22,2.0
22,29.0,1.0,23.0,1.0,24,0,1,3,5.0,0,100.0,99.1,93.3,67.9,11.1,26.2,23,1.0
23,17.0,9.0,21.0,12.0,55,0,1,3,5.0,1,88.3,52.6,100.0,77.6,68.8,81.5,24,12.0
24,21.0,12.0,26.0,13.0,55,0,1,3,5.0,1,89.0,84.2,99.4,80.3,12.4,59.3,25,13.0
25,26.0,1.0,25.0,1.0,17,0,1,3,5.0,0,97.3,82.6,87.2,44.5,100.0,99.1,26,1.0
26,34.0,7.0,29.0,6.0,54,3,1,3,5.0,0,94.9,97.7,74.1,51.5,92.6,98.6,27,6.0
27,27.0,14.0,27.0,14.0,55,3,1,3,5.0,0,100.0,99.9,30.9,97.7,92.4,39.7,28,14.0
28,20.0,1.0,24.0,1.0,1,0,1,3,4.0,0,96.9,81.3,37.5,87.4,100.0,99.8,29,1.0
29,31.0,1.0,28.0,1.0,6,3,1,3,5.0,0,98.9,96.3,71.5,43.9,97.7,93.0,30,1.0
30,28.0,15.0,34.0,16.0,55,0,1,3,5.0,1,85.9,80.2,100.0,62.8,76.1,49.0,31,15.0
31,30.0,2.0,37.0,2.0,17,1,0,3,3.0,0,85.0,71.3,59.5,89.5,100.0,87.5,32,2.0
32,23.0,5.0,31.0,7.0,54,0,1,3,5.0,0,88.5,80.4,82.3,52.0,98.5,99.8,33,7.0
33,36.0,2.0,35.0,2.0,24,0,1,3,5.0,0,98.7,92.5,96.3,53.2,15.4,17.5,34,2.0
34,32.0,2.0,33.0,2.0,6,0,1,3,5.0,0,92.2,93.8,63.3,58.4,93.7,96.2,35,2.0
35,33.0,16.0,32.0,15.0,55,3,1,3,5.0,0,100.0,99.7,40.6,88.3,50.4,38.2,36,16.0
36,37.0,1.0,36.0,1.0,45,0,1,3,4.0,0,96.9,91.1,88.0,61.6,19.2,11.9,37,1.0
37,42.0,2.0,39.0,2.0,1,3,1,3,5.0,0,99.2,98.1,24.1,75.0,97.6,100.0,38,2.0
38,52.0,19.0,43.0,18.0,55,3,1,3,5.0,1,95.9,95.6,97.6,24.0,33.5,93.4,39,17.0
39,40.0,3.0,44.0,3.0,8,3,1,3,5.0,0,83.4,93.8,86.5,57.8,92.7,42.9,40,3.0
40,41.0,2.0,40.0,2.0,45,1,0,3,3.0,0,85.0,74.5,73.9,98.1,25.8,10.1,41,2.0
41,50.0,5.0,42.0,3.0,1,3,1,3,5.0,0,97.5,96.4,23.6,70.9,100.0,100.0,42,3.0
42,45.0,3.0,45.0,4.0,1,3,1,3,4.0,0,91.2,95.7,19.8,84.5,100.0,98.5,43,4.0
43,35.0,8.0,38.0,8.0,54,1,3,3,5.0,0,78.9,99.7,34.8,91.1,100.0,100.0,44,8.0
44,39.0,17.0,41.0,17.0,55,3,1,3,4.0,0,92.2,51.8,60.3,78.4,60.8,70.3,45,18.0
45,46.0,3.0,49.0,3.0,17,0,1,3,4.0,0,87.9,61.5,67.7,56.2,100.0,91.7,46,3.0
46,48.0,4.0,48.0,5.0,1,3,1,3,5.0,0,88.5,82.2,27.7,81.8,100.0,99.5,47,5.0
47,47.0,18.0,46.0,19.0,55,0,1,3,5.0,1,75.2,77.5,43.5,94.3,83.6,99.9,48,19.0
48,44.0,9.0,51.0,9.0,54,0,1,3,5.0,0,76.6,84.2,72.8,61.8,89.4,75.6,49,9.0
49,54.0,1.0,52.0,1.0,31,0,0,3,5.0,0,71.2,88.2,46.4,90.0,99.3,87.8,50,1.0
50,51.0,3.0,47.0,3.0,6,3,1,3,5.0,0,97.0,89.0,46.0,42.2,90.8,79.3,51,3.0
51,49.0,4.0,55.0,4.0,17,1,0,3,3.0,0,59.0,41.3,89.7,89.4,100.0,95.3,52,4.0
52,87.0,5.0,68.0,5.0,8,3,1,3,5.0,0,67.7,86.5,78.6,63.9,95.4,62.9,54,4.0
53,64.0,1.0,61.0,1.0,15,3,0,3,5.0,0,80.2,99.0,89.1,26.9,60.6,76.8,55,1.0
54,55.0,21.0,53.0,20.0,55,3,1,3,5.0,0,87.8,49.7,85.5,50.0,57.2,30.9,56,20.0
55,53.0,20.0,56.0,21.0,55,1,1,3,5.0,1,61.9,58.2,81.1,86.6,86.0,56.0,57,21.0
56,60.0,6.0,59.0,6.0,1,3,1,3,4.0,0,88.0,91.9,17.1,64.2,100.0,99.9,58,6.0
57,56.0,3.0,58.0,3.0,24,1,0,3,5.0,0,74.5,82.7,86.2,61.3,30.7,31.3,59,3.0
58,59.0,2.0,65.0,2.0,14,2,0,3,5.0,0,43.8,99.3,99.6,66.3,95.2,97.9,60,1.0
59,62.0,4.0,60.0,4.0,8,3,1,3,5.0,0,79.6,93.6,53.7,65.5,84.1,20.1,61,5.0
60,57.0,10.0,54.0,10.0,54,0,1,3,4.0,0,74.4,94.1,55.3,50.3,97.8,99.1,62,10.0
61,66.0,2.0,62.0,2.0,15,3,1,3,5.0,0,91.1,83.2,52.6,45.7,61.5,37.7,63,2.0
62,58.0,2.0,57.0,2.0,31,0,1,3,5.0,0,81.1,56.0,44.8,75.9,79.5,52.5,64,2.0
63,67.0,23.0,63.0,22.0,55,3,1,3,5.0,0,94.2,83.3,12.1,93.4,6.9,18.6,65,22.0
64,68.0,3.0,64.0,3.0,15,0,1,3,5.0,0,80.0,50.6,96.7,34.8,52.8,44.2,66,3.0
65,65.0,11.0,70.0,11.0,54,0,1,3,5.0,0,72.2,58.9,63.7,55.0,93.7,96.5,67,11.0
66,61.0,22.0,66.0,23.0,55,3,1,3,5.0,0,86.1,51.4,17.4,99.2,55.8,40.5,68,23.0
67,76.0,1.0,72.0,1.0,49,3,1,3,4.0,0,89.8,82.4,41.9,59.7,20.8,30.4,69,1.0
68,115.0,1.0,88.0,1.0,29,0,1,3,5.0,0,68.2,72.0,90.7,41.5,62.8,57.2,70,1.0
69,63.0,4.0,67.0,4.0,24,0,1,3,4.0,0,80.8,67.5,80.3,46.2,23.1,14.3,71,4.0
70,70.0,25.0,69.0,24.0,55,0,0,3,5.0,0,71.1,81.7,15.1,100.0,60.4,65.8,72,24.0
71,75.0,1.0,73.0,1.0,0,3,1,3,5.0,0,87.2,91.3,77.4,2.4,50.7,64.7,73,1.0
72,69.0,24.0,71.0,25.0,55,3,1,3,5.0,0,89.0,58.1,13.5,86.3,19.3,67.2,74,25.0
73,74.0,3.0,78.0,3.0,48,0,1,3,5.0,0,58.6,64.5,99.7,38.7,100.0,59.4,75,3.0
74,78.0,12.0,74.0,12.0,54,0,1,3,5.0,0,57.3,91.2,35.9,77.9,97.2,87.2,77,12.0
75,83.0,13.0,76.0,13.0,54,0,1,3,5.0,0,61.3,58.7,61.0,61.4,87.9,94.1,78,13.0
76,71.0,1.0,81.0,1.0,4,3,1,3,5.0,0,79.1,64.3,11.8,85.3,90.0,37.5,79,1.0
77,85.0,15.0,79.0,14.0,54,0,1,3,5.0,0,65.6,78.8,54.8,49.3,91.8,85.7,80,14.0
78,73.0,1.0,80.0,1.0,11,3,1,3,5.0,0,70.1,43.9,100.0,25.5,92.6,29.4,81,1.0
79,77.0,5.0,77.0,5.0,24,0,1,3,5.0,0,69.5,59.1,98.2,43.1,12.7,17.6,82,5.0
80,90.0,4.0,86.0,4.0,45,0,1,3,5.0,1,70.0,85.0,83.1,35.4,15.2,44.7,83,3.0
81,82.0,1.0,85.0,1.0,32,0,1,3,5.0,0,84.2,62.8,25.0,44.8,94.4,91.8,84,1.0
82,95.0,1.0,90.0,1.0,41,3,1,3,5.0,0,73.6,84.9,99.7,7.2,18.0,56.1,85,1.0
83,89.0,29.0,87.0,27.0,55,1,1,3,5.0,1,40.1,22.7,84.0,93.6,89.8,90.6,86,26.0
84,94.0,7.0,91.0,7.0,1,0,1,3,5.0,0,62.4,59.8,20.8,88.3,100.0,98.7,87,7.0
85,72.0,3.0,83.0,3.0,45,2,2,3,3.0,1,41.3,40.8,99.9,99.3,35.3,3.6,88,4.0
86,97.0,6.0,98.0,6.0,8,0,0,3,4.0,0,56.2,26.1,81.1,98.5,16.9,5.7,89,6.0
87,80.0,26.0,84.0,26.0,55,3,1,3,5.0,0,68.7,53.3,88.3,46.0,35.6,11.3,90,27.0
88,96.0,5.0,106.0,5.0,17,0,0,3,3.0,0,61.3,43.7,74.1,46.3,100.0,74.8,91,5.0
89,79.0,1.0,92.0,1.0,47,0,1,3,5.0,0,69.6,54.3,50.1,51.9,89.3,70.1,92,1.0
90,93.0,30.0,95.0,30.0,55,3,1,3,5.0,0,76.5,80.4,31.6,67.8,21.4,38.6,93,28.0
91,101.0,17.0,94.0,16.0,54,3,1,3,5.0,0,69.2,81.2,45.5,41.6,84.1,81.8,94,15.0
92,108.0,6.0,101.0,5.0,45,0,1,3,5.0,1,58.4,74.6,85.7,49.3,21.3,38.1,95,5.0
93,84.0,14.0,82.0,15.0,54,3,1,3,5.0,0,60.3,73.2,52.4,49.7,92.1,82.1,96,16.0
94,103.0,18.0,96.0,17.0,54,0,1,3,5.0,0,50.8,52.5,59.0,68.1,96.1,92.8,97,17.0
95,81.0,27.0,93.0,29.0,55,0,1,3,5.0,1,63.1,57.5,53.8,62.1,33.8,88.6,98,29.0
96,98.0,2.0,104.0,2.0,47,0,0,3,5.0,0,47.5,68.4,63.0,72.8,96.9,48.7,99,2.0
97,92.0,16.0,97.0,18.0,54,1,1,3,5.0,0,45.2,51.6,65.3,67.4,98.7,99.8,100,18.0
98,86.0,28.0,89.0,28.0,55,3,1,3,5.0,0,63.8,67.3,66.7,41.3,81.1,27.6,101,30.0
99,104.0,3.0,99.0,3.0,31,1,2,3,4.0,0,30.9,65.9,62.5,97.1,98.3,57.5,102,3.0
100,123.0,1.0,113.0,1.0,30,3,1,3,5.0,0,90.9,91.0,57.6,3.8,13.8,4.3,103,1.0
101,118.0,33.0,102.0,32.0,55,3,1,3,5.0,0,70.3,33.9,23.3,80.4,65.3,60.6,104,31.0
102,106.0,5.0,107.0,6.0,45,0,1,3,5.0,1,62.9,78.3,85.0,30.6,15.4,33.1,105,6.0
103,110.0,8.0,114.0,8.0,1,0,1,3,5.0,0,59.3,43.7,28.5,73.7,99.0,99.1,106,8.0
104,102.0,1.0,110.0,1.0,13,0,0,3,5.0,0,64.5,54.8,66.8,51.5,58.1,6.8,107,1.0
105,88.0,1.0,105.0,1.0,21,0,1,3,5.0,0,62.0,51.2,35.8,56.8,99.5,93.5,108,1.0
106,100.0,31.0,103.0,33.0,55,0,1,3,5.0,1,43.8,18.8,99.8,59.2,78.9,59.3,109,32.0
107,99.0,4.0,108.0,4.0,48,0,1,3,5.0,0,51.1,23.7,52.6,73.6,100.0,97.8,110,4.0
108,105.0,32.0,100.0,31.0,55,3,1,3,5.0,0,63.8,68.9,30.9,55.6,97.1,61.1,111,33.0
109,117.0,2.0,112.0,2.0,11,1,2,3,5.0,0,30.5,27.1,99.9,65.9,99.5,83.0,112,2.0
110,91.0,4.0,109.0,4.0,6,3,1,3,5.0,0,58.0,41.4,57.0,48.8,91.6,80.8,113,4.0
111,113.0,6.0,120.0,4.0,31,0,1,3,5.0,0,50.6,24.5,67.9,51.8,90.9,94.6,114,4.0
112,116.0,6.0,111.0,6.0,24,0,1,3,5.0,0,60.5,38.6,90.6,37.3,17.7,21.3,115,6.0
113,121.0,1.0,118.0,1.0,5,3,1,3,4.0,0,88.3,73.3,25.2,35.2,8.9,3.7,116,1.0
114,112.0,3.0,117.0,3.0,47,0,1,3,5.0,0,65.8,32.6,46.2,56.9,65.5,37.1,117,3.0
115,109.0,4.0,122.0,5.0,31,3,1,3,5.0,0,67.6,30.5,29.7,64.1,81.0,47.0,118,5.0
116,142.0,1.0,135.0,1.0,33,0,1,3,5.0,0,52.6,22.3,77.7,49.2,87.2,30.5,119,1.0
117,120.0,5.0,121.0,5.0,15,3,1,0,5.0,0,88.3,54.0,12.2,33.9,52.9,34.6,120,4.0
118,114.0,7.0,123.0,7.0,8,3,1,3,5.0,0,60.7,30.3,31.0,84.2,68.6,11.1,121,7.0
119,111.0,5.0,124.0,6.0,31,3,1,3,5.0,0,62.8,32.3,42.5,66.0,56.7,28.1,122,6.0
120,167.0,7.0,139.0,5.0,48,1,0,3,5.0,0,30.3,38.2,63.7,90.6,100.0,46.6,123,5.0
121,107.0,4.0,116.0,4.0,15,0,0,3,4.0,0,46.3,88.9,29.5,72.6,60.0,64.3,124,5.0
122,133.0,4.0,128.0,4.0,47,1,0,3,5.0,1,30.5,61.4,66.3,73.1,96.8,56.0,125,4.0
123,124.0,7.0,125.0,7.0,31,0,2,3,5.0,0,37.4,22.0,95.6,57.7,38.6,82.1,126,7.0
124,127.0,19.0,119.0,19.0,54,0,1,3,5.0,0,52.6,41.9,34.4,58.8,98.5,97.9,127,19.0
125,139.0,1.0,132.0,1.0,7,0,1,3,5.0,1,85.2,95.5,28.6,13.6,19.4,4.2,128,1.0
126,135.0,20.0,131.0,20.0,54,0,1,3,4.0,0,40.4,27.0,52.5,70.6,94.5,97.3,129,20.0
127,132.0,35.0,115.0,34.0,55,3,1,3,5.0,1,58.5,60.0,28.7,64.5,21.7,75.0,130,34.0
128,125.0,6.0,130.0,6.0,15,3,1,0,4.0,0,80.2,49.0,5.4,46.0,62.8,49.4,131,6.0
129,126.0,2.0,138.0,2.0,4,3,1,3,5.0,0,51.9,31.7,84.2,39.0,65.2,20.1,132,2.0
130,122.0,7.0,129.0,8.0,24,0,1,3,5.0,0,56.3,47.1,84.4,34.2,20.0,15.0,133,7.0
131,128.0,8.0,126.0,7.0,24,0,1,3,5.0,0,55.5,49.2,85.6,32.6,18.6,21.5,134,8.0
132,137.0,2.0,140.0,2.0,13,0,2,3,1.0,0,40.1,47.4,55.6,69.9,90.1,37.4,135,2.0
133,134.0,36.0,133.0,36.0,55,0,0,3,5.0,0,62.5,20.1,14.8,86.2,69.1,29.6,136,35.0
134,129.0,34.0,127.0,35.0,55,3,1,3,5.0,0,54.1,34.8,50.9,70.0,26.4,26.5,137,36.0
135,130.0,5.0,149.0,6.0,6,3,1,3,5.0,0,55.2,55.5,55.4,27.5,91.1,61.8,138,5.0
136,141.0,7.0,144.0,7.0,15,3,1,3,5.0,0,55.3,97.2,13.0,59.0,42.4,68.2,139,7.0
137,177.0,5.0,137.0,4.0,14,2,2,3,1.0,0,15.8,100.0,88.7,45.4,72.1,90.1,140,3.0
138,140.0,6.0,146.0,5.0,6,0,1,3,5.0,0,40.4,42.5,85.0,32.4,97.9,45.1,141,6.0
139,143.0,37.0,136.0,37.0,55,0,1,3,5.0,0,44.6,21.9,96.2,49.0,15.3,23.6,142,37.0
140,176.0,9.0,161.0,9.0,1,0,0,3,3.0,0,44.3,80.6,10.1,68.2,98.3,93.8,143,9.0
141,149.0,39.0,142.0,38.0,55,3,1,3,5.0,0,61.9,65.8,18.6,54.4,63.8,36.2,144,38.0
142,119.0,3.0,141.0,3.0,11,0,1,3,4.0,0,52.9,45.7,38.0,62.7,81.7,17.6,145,3.0
143,162.0,26.0,143.0,22.0,54,0,1,3,4.0,0,41.0,73.7,47.7,43.4,89.9,84.7,146,21.0
144,144.0,8.0,147.0,8.0,15,0,0,3,5.0,0,53.9,77.7,47.6,30.2,42.0,69.3,147,8.0
145,136.0,21.0,134.0,21.0,54,0,1,3,4.0,0,42.0,40.8,56.8,51.3,91.0,66.0,148,22.0
146,170.0,1.0,156.0,1.0,23,3,2,3,5.0,0,60.4,84.3,6.3,56.9,44.6,54.5,149,1.0
147,155.0,7.0,151.0,7.0,45,0,1,3,4.0,1,46.8,68.4,77.2,30.8,25.4,34.8,150,7.0
148,150.0,6.0,160.0,7.0,48,1,1,3,5.0,0,30.4,25.0,37.8,91.3,100.0,86.4,151,6.0
149,179.0,2.0,162.0,1.0,18,1,0,3,4.0,0,54.5,71.2,45.8,54.6,3.4,1.6,152,1.0
150,146.0,5.0,150.0,6.0,48,0,0,3,5.0,0,35.3,23.0,68.4,52.8,99.2,69.0,153,7.0
151,138.0,22.0,145.0,23.0,54,0,1,3,5.0,0,48.6,38.3,52.5,37.9,79.1,69.8,154,23.0
152,154.0,1.0,176.0,1.0,2,3,1,3,5.0,0,64.4,47.3,26.2,17.9,98.3,92.5,155,1.0
153,147.0,38.0,148.0,39.0,55,0,1,3,5.0,1,26.9,11.8,99.7,59.1,49.4,45.2,156,39.0
154,163.0,40.0,157.0,40.0,55,3,1,3,5.0,0,66.2,26.1,31.9,58.2,6.9,18.8,157,40.0
155,199.0,2.0,178.0,2.0,30,0,1,0,4.0,1,36.9,88.9,89.5,4.6,98.2,18.4,158,2.0
156,229.0,2.0,202.0,3.0,29,0,1,3,3.0,0,44.8,44.4,73.2,20.9,58.8,82.3,159,2.0
157,157.0,4.0,153.0,5.0,14,2,0,3,5.0,0,35.4,10.4,97.0,47.9,59.5,20.3,160,4.0
158,230.0,3.0,184.0,2.0,29,0,1,3,3.0,0,50.9,44.7,87.8,13.1,24.0,38.9,161,3.0
159,145.0,1.0,154.0,1.0,22,0,1,3,5.0,0,39.4,38.5,77.9,43.4,71.1,11.6,162,1.0
160,165.0,2.0,171.0,2.0,33,1,1,3,4.0,0,34.1,13.0,79.5,60.8,88.6,10.1,163,2.0
161,159.0,24.0,155.0,25.0,54,0,1,3,4.0,0,38.8,57.2,41.5,49.0,92.0,80.6,164,24.0
162,156.0,1.0,166.0,2.0,46,3,1,3,5.0,0,71.8,45.5,32.5,29.8,5.8,33.8,165,1.0
163,266.0,5.0,207.0,4.0,29,0,1,3,4.0,0,49.6,52.5,74.9,17.7,37.5,46.0,166,4.0
164,213.0,51.0,186.0,45.0,55,1,1,3,5.0,1,19.9,17.1,92.0,65.8,53.7,73.9,167,41.0
165,153.0,3.0,165.0,3.0,4,0,1,3,3.0,1,51.3,45.5,10.4,68.4,89.0,44.7,168,3.0
166,178.0,44.0,182.0,42.0,55,3,1,3,5.0,0,50.9,48.3,74.0,29.6,18.7,13.0,169,42.0
167,164.0,9.0,168.0,9.0,15,0,1,3,5.0,0,46.3,25.7,89.4,17.8,59.7,32.1,170,9.0
168,171.0,10.0,187.0,10.0,15,0,1,3,5.0,0,53.0,24.4,38.6,50.6,64.9,48.3,171,10.0
169,186.0,46.0,185.0,44.0,55,1,1,3,5.0,1,25.0,7.4,100.0,42.4,67.3,90.6,172,43.0
170,160.0,25.0,158.0,26.0,54,0,0,3,4.0,0,36.9,63.0,25.6,56.0,98.2,90.7,173,25.0
171,161.0,2.0,163.0,2.0,49,0,0,3,4.0,0,47.5,59.6,32.2,65.8,24.6,18.0,174,2.0
172,202.0,29.0,180.0,28.0,54,0,1,3,5.0,0,28.9,36.0,43.5,64.9,99.5,96.5,175,26.0
173,152.0,7.0,164.0,7.0,6,3,0,3,4.0,0,39.3,76.5,7.6,68.5,77.6,84.1,176,7.0
174,151.0,2.0,177.0,2.0,32,0,1,3,5.0,0,51.7,41.4,19.6,48.2,100.0,62.9,177,2.0
175,188.0,2.0,181.0,4.0,23,3,1,3,5.0,0,74.7,46.3,6.0,46.8,14.0,13.5,179,2.0
176,196.0,12.0,191.0,11.0,15,3,1,3,5.0,0,35.8,69.7,84.6,21.3,38.5,37.5,180,11.0
177,174.0,27.0,152.0,24.0,54,0,1,3,5.0,0,42.2,32.9,50.5,34.4,86.5,93.4,181,27.0
178,172.0,1.0,172.0,3.0,18,1,0,3,4.0,0,46.8,63.0,23.3,80.6,3.3,1.5,182,2.0
179,148.0,8.0,179.0,9.0,31,0,2,3,5.0,0,35.2,53.5,42.6,53.7,75.3,68.9,183,8.0
180,168.0,2.0,194.0,2.0,21,0,1,3,5.0,0,46.0,42.6,31.2,42.4,97.6,64.4,185,2.0
181,267.0,3.0,231.0,2.0,42,3,1,3,4.0,0,28.5,36.8,71.3,38.6,99.0,60.6,186,1.0
182,180.0,9.0,174.0,8.0,31,1,2,3,4.0,0,21.1,35.1,39.8,81.2,94.4,83.0,187,9.0
183,198.0,3.0,193.0,3.0,46,3,1,3,4.0,0,61.1,38.4,14.1,54.7,30.7,26.6,188,2.0
184,197.0,47.0,203.0,49.0,55,3,1,3,5.0,0,60.9,59.7,13.5,50.6,20.3,12.7,189,44.0
185,201.0,2.0,209.0,2.0,7,3,1,3,5.0,0,71.6,90.8,16.3,14.5,10.1,8.4,190,2.0
186,195.0,5.0,200.0,5.0,47,0,0,3,5.0,0,54.7,16.8,34.7,46.2,82.3,15.7,191,5.0
187,182.0,2.0,199.0,2.0,2,1,2,3,5.0,0,32.9,57.7,8.6,78.7,75.0,87.6,192,2.0
188,187.0,2.0,159.0,1.0,46,0,1,3,4.0,0,57.4,64.0,45.8,24.0,9.9,14.1,193,3.0
189,158.0,23.0,173.0,27.0,54,0,1,3,5.0,0,29.5,23.2,39.6,63.6,95.7,98.2,194,28.0
190,185.0,4.0,188.0,4.0,4,1,1,3,5.0,0,25.9,24.7,90.0,29.7,85.9,65.0,195,4.0
191,181.0,11.0,197.0,12.0,15,3,1,3,5.0,0,51.2,19.0,66.1,24.1,45.1,26.6,196,12.0
192,191.0,1.0,201.0,1.0,44,0,1,3,5.0,0,47.5,47.6,28.3,44.4,71.3,40.9,197,1.0
193,175.0,43.0,192.0,47.0,55,0,1,3,5.0,0,39.2,46.6,64.3,46.1,14.6,15.8,198,45.0
194,192.0,9.0,198.0,9.0,24,3,1,3,5.0,1,51.4,77.2,62.2,9.4,13.2,11.3,199,9.0
195,173.0,1.0,189.0,1.0,42,1,0,3,4.0,0,26.8,20.1,85.2,40.1,100.0,21.8,200,2.0
196,212.0,50.0,196.0,48.0,55,0,1,3,5.0,1,28.2,25.4,100.0,36.0,23.7,32.8,201,46.0
197,203.0,10.0,210.0,10.0,24,3,0,3,5.0,1,58.6,86.9,32.2,7.9,31.6,35.8,202,10.0
198,215.0,5.0,217.0,5.0,23,3,1,3,5.0,0,72.9,33.3,5.7,43.8,10.1,8.5,203,3.0
199,189.0,28.0,195.0,29.0,54,0,0,3,5.0,0,33.2,34.9,32.7,53.4,94.0,88.9,205,29.0
200,184.0,45.0,190.0,46.0,55,3,0,3,5.0,0,37.9,25.5,63.3,50.4,37.2,14.1,206,47.0
201,236.0,1.0,220.0,1.0,25,0,0,0,4.0,0,34.0,60.7,98.6,1.2,40.8,26.1,207,1.0
202,169.0,42.0,183.0,43.0,55,1,1,3,5.0,1,20.8,28.9,76.8,71.5,5.8,35.1,208,48.0
203,226.0,10.0,215.0,10.0,1,0,1,3,4.0,0,34.1,31.0,32.8,57.4,100.0,63.4,209,10.0
204,216.0,52.0,213.0,51.0,55,0,0,3,5.0,1,29.8,42.6,67.3,49.8,43.1,20.6,210,49.0
205,211.0,8.0,216.0,8.0,6,0,1,3,5.0,0,30.4,65.7,9.1,73.5,98.4,50.1,211,8.0
206,233.0,4.0,206.0,4.0,46,3,1,3,5.0,0,64.6,71.6,26.6,14.5,3.6,24.1,212,4.0
207,232.0,11.0,219.0,11.0,1,0,1,3,3.0,0,31.0,34.3,21.6,66.9,93.4,86.4,213,11.0
208,183.0,2.0,205.0,2.0,5,0,1,3,4.0,0,67.5,34.5,21.1,32.7,9.9,4.3,214,2.0
209,209.0,49.0,212.0,50.0,55,3,0,3,5.0,0,42.0,29.9,12.2,67.9,64.1,56.6,215,50.0
210,219.0,4.0,222.0,3.0,32,0,0,3,5.0,0,47.0,36.0,13.4,44.3,99.3,59.2,216,3.0
211,204.0,11.0,204.0,10.0,31,0,1,3,4.0,0,31.1,15.3,39.4,76.7,54.4,26.2,217,10.0
212,253.0,4.0,228.0,5.0,29,0,0,3,3.0,0,33.9,45.0,73.3,22.7,27.3,53.7,218,5.0
213,205.0,2.0,230.0,2.0,22,0,1,3,4.0,0,35.4,40.5,7.8,95.4,35.2,11.8,219,2.0
214,166.0,41.0,169.0,41.0,55,3,1,3,4.0,0,45.3,16.7,16.9,64.4,37.4,65.6,220,51.0
215,218.0,12.0,233.0,12.0,31,0,1,3,5.0,0,41.7,16.8,49.1,47.7,47.3,21.7,221,11.0
216,234.0,31.0,218.0,30.0,54,0,2,3,4.0,0,30.0,63.3,34.4,40.4,82.8,72.1,222,30.0
217,210.0,6.0,224.0,5.0,4,0,1,3,3.0,0,23.9,19.3,85.3,32.9,71.3,41.3,223,5.0
218,247.0,13.0,245.0,12.0,1,3,0,3,3.0,0,42.8,46.9,10.1,45.9,98.9,52.6,224,12.0
219,222.0,4.0,234.0,4.0,49,0,1,3,4.0,0,40.8,53.4,42.5,39.7,17.7,26.4,226,3.0
220,227.0,53.0,226.0,53.0,55,0,1,3,5.0,1,34.2,42.8,67.6,26.7,16.6,47.3,227,52.0
221,207.0,3.0,208.0,3.0,49,1,0,3,5.0,0,28.9,52.1,45.8,54.6,29.1,31.5,228,4.0
222,223.0,13.0,223.0,13.0,15,3,1,3,5.0,0,47.7,15.5,41.0,38.4,45.3,22.6,229,13.0
223,214.0,3.0,232.0,4.0,32,0,0,3,5.0,0,38.8,43.8,13.0,45.9,100.0,64.6,230,4.0
224,262.0,15.0,250.0,13.0,1,0,0,3,3.0,0,32.4,47.3,19.5,52.7,100.0,51.8,231,13.0
225,250.0,3.0,244.0,3.0,41,1,0,3,4.0,0,30.0,26.4,93.8,16.4,11.6,49.1,232,2.0
226,208.0,48.0,214.0,52.0,55,0,1,3,5.0,0,46.4,33.7,43.6,36.4,12.7,22.6,233,53.0
227,217.0,9.0,229.0,9.0,6,3,1,3,4.0,0,34.1,39.0,30.6,43.2,84.5,61.2,234,9.0
228,241.0,2.0,235.0,2.0,41,0,1,3,5.0,0,38.6,31.3,87.9,6.0,6.9,35.8,235,3.0
229,258.0,2.0,272.0,1.0,9,0,1,0,4.0,1,54.4,87.9,27.6,8.1,32.1,3.1,236,1.0
230,297.0,6.0,249.0,6.0,23,3,1,3,5.0,0,55.1,38.7,13.3,49.8,12.5,6.1,237,4.0
231,240.0,12.0,251.0,14.0,1,0,1,3,4.0,0,30.6,47.3,23.6,40.5,96.5,95.8,238,14.0
232,248.0,14.0,252.0,15.0,1,3,0,3,3.0,0,37.1,63.1,12.3,29.2,100.0,93.2,239,15.0
233,200.0,10.0,211.0,11.0,31,0,0,3,3.0,0,22.1,22.1,24.6,65.1,97.4,100.0,240,12.0
234,224.0,10.0,239.0,10.0,6,0,1,3,5.0,0,36.2,69.9,8.7,53.5,72.8,25.4,241,10.0
235,238.0,32.0,225.0,31.0,54,0,1,3,4.0,0,24.6,18.5,44.5,48.5,83.1,89.1,242,31.0
236,220.0,6.0,221.0,6.0,14,1,3,3,5.0,0,22.3,32.6,89.1,5.1,56.0,99.2,243,5.0
237,239.0,14.0,255.0,15.0,15,3,1,3,5.0,0,49.6,16.7,46.6,22.3,40.9,26.4,244,14.0
238,235.0,1.0,237.0,1.0,26,1,1,3,5.0,1,24.6,52.9,63.1,15.2,90.2,64.6,245,1.0
239,271.0,5.0,242.0,5.0,46,1,1,3,4.0,1,31.0,75.1,44.1,25.8,21.6,68.1,246,5.0
240,228.0,30.0,227.0,32.0,54,0,1,0,4.0,0,28.7,11.0,29.3,51.2,96.9,95.6,247,32.0
241,245.0,1.0,271.0,1.0,50,3,1,0,5.0,0,62.4,56.5,25.6,8.5,11.5,2.5,248,1.0
242,257.0,8.0,265.0,8.0,45,0,1,3,4.0,1,27.1,32.4,87.8,18.4,15.2,41.1,249,8.0
243,270.0,10.0,263.0,8.0,14,2,2,3,5.0,0,8.7,53.9,92.1,20.2,27.1,99.7,250,6.0
244,265.0,5.0,257.0,5.0,49,1,2,3,3.0,0,24.4,30.6,64.2,43.6,24.3,36.7,251,5.0
245,206.0,5.0,240.0,6.0,4,0,1,3,5.0,0,33.8,58.6,11.0,38.0,71.3,95.5,252,6.0
246,244.0,55.0,238.0,54.0,55,1,1,3,5.0,1,20.2,9.8,78.9,45.7,29.4,38.5,253,54.0
247,254.0,1.0,275.0,2.0,9,3,1,0,5.0,0,61.5,89.7,11.1,5.3,8.3,1.3,254,2.0
248,285.0,6.0,270.0,6.0,47,0,1,3,5.0,0,37.7,12.2,57.1,32.0,43.7,17.6,256,6.0
249,225.0,3.0,247.0,3.0,22,0,1,3,5.0,0,28.4,34.7,24.6,69.5,64.0,3.8,257,3.0
250,282.0,9.0,258.0,8.0,8,3,1,3,5.0,0,38.0,51.3,21.7,46.5,50.7,10.7,258,8.0
251,243.0,3.0,260.0,3.0,21,0,1,0,5.0,0,22.4,24.4,73.7,16.1,90.9,61.1,259,3.0
252,272.0,17.0,253.0,14.0,15,0,2,3,5.0,0,20.0,71.1,6.5,72.9,51.9,65.0,260,15.0
253,300.0,6.0,277.0,6.0,17,1,1,3,3.0,0,18.6,15.4,41.5,49.8,99.9,90.4,261,6.0
254,283.0,59.0,284.0,59.0,55,3,0,3,5.0,0,39.4,32.0,49.3,23.3,27.1,36.6,262,55.0
255,242.0,8.0,241.0,7.0,14,0,0,3,5.0,0,27.1,13.0,80.4,21.3,42.9,40.3,263,7.0
256,231.0,54.0,246.0,56.0,55,3,1,3,5.0,0,41.9,20.1,37.6,41.9,21.7,17.5,264,56.0
257,317.0,10.0,291.0,10.0,8,3,1,3,5.0,0,32.2,9.6,26.2,58.4,89.1,27.9,265,9.0
258,286.0,3.0,282.0,3.0,2,0,1,0,5.0,0,20.4,19.9,66.1,16.0,98.4,99.3,266,3.0
259,292.0,5.0,274.0,5.0,32,1,0,3,4.0,0,19.7,17.8,14.9,75.3,97.8,78.3,267,5.0
260,453.0,3.0,316.0,1.0,53,2,3,3,2.0,0,9.3,9.7,77.3,42.2,100.0,55.6,268,1.0
261,323.0,5.0,278.0,4.0,41,1,0,3,5.0,0,20.5,17.3,99.8,4.5,23.4,88.9,269,4.0
262,251.0,11.0,262.0,11.0,24,0,1,3,3.0,0,35.0,13.1,70.3,22.3,16.0,30.4,270,11.0
263,293.0,17.0,309.0,18.0,1,3,1,3,3.0,0,30.1,44.2,6.4,47.6,97.1,77.0,271,16.0
264,264.0,4.0,264.0,4.0,18,1,0,3,4.0,0,35.3,47.3,28.0,56.4,3.4,1.6,272,4.0
265,252.0,57.0,243.0,55.0,55,0,1,3,4.0,1,22.2,23.8,62.7,49.2,7.6,39.4,273,57.0
266,280.0,16.0,267.0,16.0,1,0,0,3,3.0,0,25.1,19.9,27.5,51.9,100.0,58.2,274,17.0
267,273.0,35.0,248.0,34.0,54,0,0,3,4.0,0,22.5,29.3,25.4,45.3,96.6,97.0,275,33.0
268,349.0,1.0,334.0,1.0,40,1,1,3,3.0,0,16.9,28.3,66.4,14.3,100.0,98.3,276,1.0
269,256.0,8.0,292.0,11.0,8,0,0,3,5.0,0,39.0,12.3,31.2,48.6,23.6,31.4,277,10.0
270,326.0,12.0,285.0,9.0,8,3,2,3,4.0,0,21.8,7.3,52.6,72.9,10.8,10.0,278,11.0
271,261.0,16.0,261.0,16.0,15,0,0,3,5.0,0,26.0,55.0,8.2,65.9,34.2,61.2,279,16.0
272,279.0,12.0,279.0,12.0,6,0,1,3,5.0,0,19.1,19.1,23.7,61.8,100.0,73.4,280,11.0
273,309.0,6.0,295.0,6.0,18,1,2,3,4.0,0,26.6,41.1,21.6,78.4,5.3,1.0,281,5.0
274,221.0,2.0,256.0,3.0,42,3,1,3,4.0,0,28.3,16.8,69.0,15.9,91.5,11.3,282,3.0
275,290.0,13.0,290.0,13.0,6,3,1,3,5.0,0,25.2,37.2,7.6,62.0,91.3,56.7,283,12.0
276,291.0,4.0,299.0,5.0,41,0,0,0,5.0,0,21.0,53.4,100.0,1.2,8.5,12.4,284,5.0
277,263.0,58.0,280.0,58.0,55,3,0,3,5.0,0,32.0,19.7,30.3,47.8,60.7,29.1,285,58.0
278,298.0,8.0,298.0,8.0,46,1,0,3,3.0,0,31.6,30.9,17.3,55.6,66.3,25.8,286,6.0
279,316.0,6.0,333.0,7.0,32,1,0,3,4.0,0,29.1,30.7,24.3,27.7,98.6,94.8,287,6.0
280,329.0,7.0,293.0,6.0,49,2,1,3,3.0,0,14.4,16.9,99.9,33.2,5.8,7.8,288,6.0
281,320.0,11.0,296.0,12.0,8,3,1,3,4.0,0,35.3,33.2,49.7,32.2,11.4,7.6,289,12.0
282,276.0,3.0,286.0,3.0,13,0,1,3,4.0,0,26.1,41.4,60.0,32.9,27.2,5.7,290,3.0
283,314.0,1.0,317.0,1.0,10,3,1,3,5.0,0,41.6,37.5,43.2,11.7,19.4,46.6,291,1.0
284,294.0,5.0,283.0,5.0,18,1,0,3,4.0,0,29.9,32.4,14.1,82.3,1.9,1.3,292,6.0
285,260.0,33.0,236.0,33.0,54,1,0,3,5.0,0,18.6,12.4,26.8,55.0,98.0,95.2,293,34.0
286,255.0,15.0,281.0,17.0,15,3,1,3,5.0,0,49.9,36.8,23.7,19.0,15.8,33.5,294,17.0
287,313.0,18.0,287.0,17.0,1,0,0,3,5.0,0,21.0,10.1,21.1,58.6,90.8,96.2,295,18.0
288,277.0,1.0,294.0,1.0,19,3,1,0,5.0,0,39.5,47.3,43.4,1.9,94.5,5.0,296,1.0
289,278.0,37.0,268.0,35.0,54,0,0,3,4.0,0,26.1,47.5,26.4,28.2,94.0,75.4,297,35.0
290,281.0,7.0,254.0,6.0,46,0,2,3,3.0,0,30.5,51.5,60.7,9.7,36.5,25.2,298,7.0
291,275.0,6.0,276.0,7.0,46,0,0,3,3.0,0,34.7,35.2,53.1,22.1,10.4,28.8,300,8.0
292,315.0,1.0,322.0,1.0,12,1,1,3,5.0,0,23.7,21.9,82.7,17.8,27.2,23.3,301,1.0
293,355.0,6.0,312.0,6.0,41,1,2,3,4.0,0,14.9,27.8,97.9,11.4,32.7,39.3,302,6.0
294,327.0,8.0,325.0,7.0,23,3,1,3,4.0,0,48.4,23.3,10.7,46.8,10.8,8.3,303,5.0
295,268.0,34.0,273.0,37.0,54,0,1,0,4.0,0,19.1,10.2,67.2,24.2,86.5,58.3,304,36.0
296,269.0,9.0,301.0,11.0,14,3,2,0,5.0,0,58.3,48.2,5.5,3.6,21.0,61.2,305,8.0
297,249.0,56.0,259.0,57.0,55,0,0,3,5.0,0,42.1,16.6,18.1,51.3,16.2,18.0,306,59.0
298,345.0,14.0,314.0,13.0,8,3,1,3,5.0,0,24.8,28.4,43.8,54.0,20.9,11.6,307,13.0
299,333.0,20.0,307.0,19.0,15,3,1,3,5.0,0,38.2,42.9,28.6,20.4,53.2,37.7,308,18.0
300,296.0,38.0,288.0,38.0,54,2,3,3,5.0,0,22.6,11.8,47.5,20.3,100.0,100.0,309,37.0
301,284.0,4.0,341.0,4.0,21,0,1,3,5.0,0,28.8,30.0,36.1,24.1,93.0,46.8,310,4.0
302,304.0,61.0,323.0,63.0,55,3,1,3,5.0,0,40.7,24.5,30.5,25.4,45.3,24.6,313,60.0
303,312.0,40.0,302.0,39.0,54,1,0,3,4.0,0,15.3,31.5,28.3,43.0,99.5,95.3,314,38.0
304,335.0,2.0,380.0,2.0,50,0,1,3,4.0,0,38.9,33.2,61.4,6.7,8.9,5.9,315,2.0
305,246.0,11.0,266.0,11.0,6,0,0,3,4.0,0,23.7,23.0,6.4,55.5,91.7,91.5,316,13.0
306,389.0,24.0,340.0,23.0,15,1,2,3,5.0,0,18.0,63.6,6.7,76.2,35.2,27.8,317,19.0
307,274.0,36.0,269.0,36.0,54,0,1,0,4.0,0,19.2,8.8,37.8,47.9,81.2,71.1,318,39.0
308,288.0,18.0,300.0,18.0,15,3,1,3,5.0,0,22.3,19.3,3.4,95.3,27.1,25.4,319,20.0
309,325.0,19.0,329.0,19.0,1,3,1,3,3.0,0,27.3,23.2,13.2,51.2,98.9,41.1,320,19.0
310,406.0,3.0,391.0,3.0,19,3,1,2,4.0,0,41.3,36.7,51.3,1.6,42.9,2.5,321,2.0
311,340.0,10.0,315.0,9.0,45,2,2,3,3.0,0,11.0,3.9,36.8,100.0,10.1,7.2,322,9.0
312,382.0,9.0,344.0,8.0,41,3,2,3,3.0,0,22.6,33.0,94.8,2.1,9.6,16.7,323,7.0
313,379.0,4.0,343.0,4.0,11,0,1,3,3.0,0,17.5,32.5,44.7,43.5,69.8,30.8,324,4.0
314,287.0,7.0,303.0,7.0,47,0,0,3,4.0,0,19.7,24.9,40.3,51.5,65.9,17.8,325,7.0
315,342.0,66.0,304.0,60.0,55,0,1,3,5.0,0,16.6,9.3,59.0,46.9,61.4,20.0,326,61.0
316,371.0,70.0,342.0,66.0,55,3,1,3,5.0,0,29.5,36.9,29.9,37.4,43.8,29.3,327,62.0
317,308.0,39.0,306.0,40.0,54,1,2,3,5.0,0,14.4,5.3,22.8,60.0,96.1,96.9,328,40.0
318,375.0,8.0,330.0,7.0,41,1,2,3,4.0,0,9.8,14.7,97.6,6.7,46.2,74.1,329,8.0
319,390.0,1.0,350.0,2.0,53,1,1,0,3.0,0,20.4,27.2,58.1,11.8,100.0,48.4,330,2.0
320,331.0,2.0,359.0,2.0,19,0,0,3,4.0,0,39.3,39.8,51.3,3.7,29.2,1.6,331,3.0
321,299.0,9.0,319.0,10.0,45,0,1,0,5.0,1,22.4,16.5,82.7,13.3,10.5,36.9,332,10.0
322,289.0,6.0,308.0,7.0,49,1,0,3,4.0,0,28.8,11.4,70.8,11.0,15.1,49.0,333,7.0
323,322.0,12.0,321.0,12.0,24,0,1,3,4.0,0,24.1,9.7,84.1,15.4,13.8,17.1,334,12.0
324,353.0,68.0,345.0,67.0,55,0,1,3,5.0,1,27.6,26.1,36.9,31.9,37.5,53.0,336,63.0
325,376.0,9.0,310.0,9.0,46,0,0,3,4.0,0,22.8,17.7,80.8,18.3,5.8,18.8,337,10.0
326,461.0,2.0,411.0,2.0,38,3,1,0,5.0,0,33.8,39.5,59.3,6.5,4.8,17.6,338,1.0
327,306.0,2.0,358.0,2.0,39,3,1,3,1.0,0,40.5,28.1,15.6,38.2,8.0,32.5,339,1.0
328,338.0,8.0,339.0,8.0,47,0,1,3,4.0,0,18.5,8.7,81.4,25.2,29.6,13.2,340,8.0
329,358.0,22.0,335.0,22.0,15,1,0,3,4.0,0,7.8,7.0,82.9,37.2,48.8,28.2,342,21.0
330,318.0,62.0,313.0,62.0,55,0,1,3,5.0,0,19.1,12.5,9.1,70.4,86.2,52.2,343,64.0
331,347.0,67.0,326.0,64.0,55,0,0,3,5.0,1,18.9,18.2,20.6,45.5,85.3,93.8,344,65.0
332,364.0,4.0,370.0,3.0,0,0,1,1,4.0,1,17.7,44.3,95.3,1.1,2.9,13.2,345,2.0
333,359.0,4.0,337.0,4.0,13,1,0,3,4.0,0,17.0,5.9,87.2,22.1,39.3,5.9,346,4.0
334,310.0,19.0,331.0,21.0,15,3,1,3,5.0,0,34.8,31.2,42.2,20.0,25.8,9.4,347,22.0
335,307.0,7.0,388.0,8.0,23,3,2,3,5.0,0,32.6,51.5,3.2,53.0,3.9,30.1,348,6.0
336,419.0,1.0,395.0,1.0,38,3,0,3,5.0,0,40.3,47.1,38.7,6.8,9.2,12.0,350,2.0
337,334.0,1.0,354.0,1.0,3,0,2,0,4.0,0,18.0,32.4,94.2,1.7,5.5,20.6,351,1.0
338,237.0,7.0,289.0,9.0,14,3,1,3,1.0,0,44.7,9.3,13.4,33.2,25.1,30.8,352,10.0
339,302.0,1.0,328.0,1.0,39,0,1,3,5.0,0,37.0,24.2,16.1,47.4,5.5,12.7,353,2.0
340,393.0,73.0,347.0,69.0,55,0,1,3,5.0,0,16.9,8.1,61.9,45.0,25.3,12.1,354,66.0
341,319.0,7.0,318.0,6.0,32,2,0,3,5.0,0,8.7,10.0,44.0,37.9,95.9,98.8,356,7.0
342,369.0,1.0,386.0,1.0,37,3,1,2,5.0,0,34.2,39.5,62.0,2.1,1.8,1.5,357,1.0
343,311.0,3.0,361.0,3.0,5,3,1,3,4.0,0,53.8,19.6,21.3,11.5,7.0,2.0,358,3.0
344,346.0,42.0,332.0,41.0,54,0,0,3,4.0,0,11.6,14.6,15.4,56.6,99.3,97.7,359,42.0
345,259.0,3.0,363.0,3.0,33,3,1,3,5.0,0,30.2,26.3,30.9,26.9,70.0,12.8,360,3.0
346,383.0,71.0,349.0,70.0,55,0,1,3,4.0,0,20.9,9.6,35.3,39.7,42.9,79.1,361,67.0
347,368.0,14.0,353.0,14.0,24,2,2,3,4.0,0,11.2,5.0,100.0,21.8,3.6,16.7,362,13.0
348,348.0,14.0,360.0,14.0,6,0,0,3,4.0,0,16.0,10.7,5.9,72.2,92.4,51.1,364,14.0
349,501.0,13.0,414.0,12.0,41,0,0,3,4.0,0,17.7,14.6,94.0,2.1,15.7,34.7,365,9.0
350,374.0,7.0,355.0,9.0,41,1,3,2,4.0,0,9.9,25.7,99.9,1.1,15.6,54.7,366,10.0
351,301.0,60.0,336.0,65.0,55,0,0,3,4.0,0,19.8,7.9,11.9,79.2,44.8,18.7,367,68.0
352,344.0,13.0,338.0,14.0,8,0,1,3,5.0,0,22.3,5.4,28.4,63.2,30.9,8.0,368,14.0
353,377.0,46.0,357.0,44.0,54,0,0,3,4.0,0,20.3,10.4,22.6,36.7,98.2,74.5,369,43.0
354,354.0,43.0,356.0,43.0,54,0,0,0,4.0,0,19.3,9.0,13.2,41.9,99.7,99.4,370,44.0
355,411.0,2.0,376.0,3.0,53,2,1,0,2.0,1,18.3,35.1,30.2,13.4,100.0,100.0,371,3.0
356,357.0,13.0,320.0,13.0,31,1,2,3,4.0,0,15.0,24.1,12.4,62.5,84.2,38.7,372,13.0
357,387.0,72.0,368.0,71.0,55,0,1,3,5.0,0,15.3,15.6,82.5,18.5,14.7,14.1,373,69.0
358,384.0,5.0,379.0,5.0,11,0,2,3,4.0,0,19.3,18.4,39.9,32.2,73.6,33.0,374,5.0
359,418.0,6.0,378.0,6.0,13,1,1,3,4.0,0,16.2,21.2,45.0,44.7,43.1,9.2,375,5.0
360,361.0,44.0,364.0,45.0,54,0,0,0,3.0,0,26.7,57.8,15.5,13.9,61.7,72.1,377,45.0
361,367.0,21.0,369.0,20.0,1,0,1,0,3.0,0,15.0,11.8,9.6,56.1,94.0,77.9,378,20.0
362,427.0,80.0,374.0,72.0,55,0,1,3,5.0,0,15.9,9.2,15.0,69.8,65.4,27.5,379,70.0
363,454.0,1.0,452.0,1.0,34,1,1,0,3.0,0,12.1,14.8,74.5,11.2,100.0,7.6,380,1.0
364,400.0,10.0,362.0,8.0,49,1,2,3,4.0,1,9.6,12.3,87.0,21.6,22.1,18.8,381,8.0
365,303.0,12.0,348.0,13.0,14,3,1,0,2.0,0,44.3,6.7,8.2,23.4,39.5,42.7,382,11.0
366,365.0,69.0,346.0,68.0,55,1,0,3,5.0,1,10.1,8.5,30.2,66.1,38.2,51.9,385,71.0
367,424.0,22.0,389.0,21.0,1,0,0,3,3.0,0,14.3,20.2,19.5,38.0,98.3,91.2,386,21.0
368,440.0,5.0,421.0,5.0,0,1,2,2,3.0,1,9.8,9.6,84.6,1.2,35.1,97.5,387,3.0
369,386.0,10.0,373.0,10.0,41,1,2,3,5.0,0,9.0,14.6,88.3,4.8,13.4,85.0,388,11.0
370,544.0,1.0,445.0,1.0,28,1,2,3,3.0,0,11.2,6.4,24.3,43.9,100.0,96.2,389,1.0
371,448.0,10.0,427.0,10.0,23,0,0,3,4.0,0,25.3,11.7,16.2,60.7,30.6,6.7,390,7.0
372,426.0,9.0,424.0,9.0,23,3,1,3,5.0,0,40.7,19.8,11.4,36.6,6.8,5.5,391,8.0
373,370.0,4.0,371.0,4.0,33,0,1,0,4.0,0,13.6,2.8,81.8,12.1,69.6,10.3,392,4.0
374,444.0,12.0,439.0,13.0,41,0,2,3,5.0,0,18.2,8.0,82.3,3.5,9.7,53.1,393,12.0
375,394.0,74.0,401.0,77.0,55,0,1,3,5.0,0,8.7,8.7,100.0,15.9,5.0,12.3,395,72.0
376,351.0,13.0,352.0,13.0,24,0,1,3,4.0,0,24.6,27.4,58.3,15.4,10.2,9.0,396,14.0
377,372.0,8.0,375.0,8.0,48,1,3,3,5.0,0,9.7,66.4,8.1,31.8,100.0,93.5,399,8.0
378,420.0,78.0,390.0,75.0,55,1,1,3,5.0,1,5.9,7.8,100.0,19.6,7.4,16.2,400,73.0
379,473.0,18.0,415.0,15.0,8,3,1,3,4.0,0,19.2,23.4,17.3,68.1,12.7,6.6,401,15.0
380,360.0,20.0,398.0,22.0,1,0,0,3,4.0,0,19.8,22.0,8.4,33.2,97.7,95.9,402,22.0
381,437.0,1.0,417.0,2.0,35,1,0,3,3.0,0,16.4,39.4,76.6,9.2,3.7,5.4,403,1.0
382,332.0,2.0,367.0,2.0,0,2,0,2,3.0,1,15.6,36.9,84.4,1.9,6.1,12.2,404,4.0
383,366.0,3.0,383.0,2.0,44,0,1,3,5.0,0,24.9,36.9,11.7,37.4,83.5,10.0,405,2.0
384,410.0,76.0,393.0,76.0,55,0,1,3,5.0,0,28.4,23.4,18.5,35.6,62.0,10.6,406,74.0
385,407.0,4.0,410.0,4.0,39,0,1,3,5.0,0,30.1,13.1,19.0,37.1,12.4,57.2,407,3.0
386,397.0,11.0,387.0,11.0,45,0,0,0,4.0,1,12.2,20.1,82.7,2.2,40.3,40.9,408,11.0
387,479.0,1.0,434.0,1.0,20,1,2,3,4.0,0,11.8,23.7,14.2,88.3,5.2,2.0,409,1.0
388,460.0,87.0,419.0,79.0,55,0,1,3,5.0,0,12.1,28.1,19.3,79.3,5.7,4.5,410,75.0
389,399.0,25.0,408.0,26.0,15,3,1,3,5.0,0,21.8,11.1,54.7,20.9,34.5,22.8,411,23.0
390,388.0,8.0,403.0,9.0,49,1,0,3,3.0,0,24.7,19.4,36.5,37.6,15.6,8.6,412,9.0
391,962.0,30.0,397.0,12.0,45,0,1,0,5.0,1,14.1,21.1,77.3,11.0,16.5,29.6,413,12.0
392,475.0,4.0,458.0,5.0,2,1,0,3,4.0,0,11.2,29.1,52.0,25.2,77.4,20.6,414,4.0
393,423.0,15.0,423.0,16.0,8,3,0,3,3.0,0,25.0,6.4,54.9,17.6,46.3,5.2,415,16.0
394,378.0,15.0,402.0,15.0,6,0,1,3,5.0,0,21.3,21.3,30.7,29.6,69.1,28.7,416,15.0
395,398.0,47.0,396.0,47.0,54,1,2,3,5.0,0,20.5,7.9,20.3,26.5,86.6,95.7,417,46.0
396,336.0,2.0,394.0,2.0,25,0,2,0,2.0,0,12.9,14.8,93.0,1.4,32.3,6.1,418,2.0
397,352.0,4.0,407.0,4.0,22,0,1,3,4.0,0,16.4,19.1,18.2,53.3,70.1,21.3,419,4.0
398,455.0,86.0,412.0,78.0,55,1,1,3,5.0,1,10.6,5.1,85.7,17.2,17.6,22.1,420,76.0
399,396.0,75.0,426.0,80.0,55,1,0,3,5.0,1,17.0,7.4,16.1,51.7,23.1,100.0,421,77.0
400,363.0,3.0,406.0,3.0,39,0,1,3,3.0,0,26.9,27.8,28.2,22.4,26.7,43.8,422,4.0
401,429.0,82.0,438.0,84.0,55,0,1,3,5.0,0,22.4,13.0,43.2,32.9,16.9,17.0,423,78.0
402,560.0,25.0,478.0,24.0,1,0,1,0,4.0,0,14.3,8.8,8.6,48.9,91.4,88.1,424,23.0
403,488.0,14.0,474.0,11.0,23,3,1,3,5.0,0,31.6,15.4,6.0,57.4,3.1,1.1,425,9.0
404,385.0,23.0,400.0,25.0,15,1,0,3,4.0,0,24.2,8.5,37.6,24.2,56.7,27.5,426,24.0
405,392.0,9.0,416.0,10.0,49,1,0,3,4.0,0,23.0,19.5,32.8,36.3,20.7,20.3,427,10.0
406,362.0,2.0,405.0,3.0,44,0,1,3,5.0,0,25.9,31.0,4.5,50.6,38.2,11.6,428,3.0
407,391.0,5.0,422.0,5.0,21,0,0,0,3.0,0,16.8,25.9,39.1,16.2,79.6,51.0,429,5.0
408,480.0,19.0,444.0,17.0,8,3,0,3,5.0,0,17.9,3.5,21.5,71.6,9.0,6.2,430,17.0
409,321.0,7.0,392.0,7.0,4,0,1,3,5.0,0,18.5,25.5,25.3,33.5,45.9,57.8,431,7.0
410,339.0,65.0,377.0,73.0,55,0,0,0,5.0,1,22.9,21.1,37.5,23.6,43.6,19.5,432,79.0
411,404.0,27.0,372.0,24.0,15,3,1,3,4.0,0,22.8,16.7,2.5,59.6,34.3,33.8,433,25.0
412,465.0,10.0,413.0,10.0,46,0,1,3,5.0,0,19.2,9.9,74.8,12.0,4.8,6.1,434,11.0
413,451.0,17.0,465.0,18.0,8,0,2,3,4.0,0,20.9,7.0,35.1,47.9,5.0,8.1,436,18.0
414,611.0,19.0,514.0,17.0,41,1,2,3,5.0,0,9.8,13.7,83.3,6.3,18.3,44.1,437,14.0
415,337.0,3.0,384.0,4.0,0,1,0,1,4.0,1,7.7,19.0,89.2,1.1,6.9,55.8,438,5.0
416,403.0,11.0,404.0,11.0,41,0,2,3,5.0,0,10.5,10.5,77.2,3.3,16.8,78.1,439,15.0
417,529.0,7.0,469.0,4.0,5,0,1,3,4.0,0,11.7,5.1,93.0,10.0,5.5,1.8,440,4.0
418,458.0,18.0,463.0,16.0,6,0,1,3,5.0,0,11.5,10.2,31.3,39.3,73.5,53.6,441,16.0
419,373.0,45.0,381.0,46.0,54,0,0,0,4.0,0,10.9,41.9,13.2,35.7,97.3,54.4,442,47.0
420,442.0,8.0,464.0,8.0,32,0,0,0,2.0,0,19.6,25.9,14.7,12.8,99.5,100.0,443,8.0
421,431.0,23.0,443.0,23.0,1,2,1,0,3.0,1,4.1,8.4,47.3,20.3,98.6,99.1,444,24.0
422,504.0,16.0,466.0,17.0,24,0,1,3,5.0,0,14.6,4.9,79.8,14.7,8.5,6.1,445,15.0
423,484.0,92.0,450.0,87.0,55,0,0,3,5.0,0,18.2,20.8,46.0,26.7,30.9,8.5,446,80.0
424,434.0,84.0,472.0,91.0,55,3,1,3,5.0,0,26.9,43.3,12.0,35.4,17.8,5.7,448,81.0
425,422.0,15.0,457.0,15.0,24,1,3,0,5.0,0,21.2,66.8,35.9,4.3,29.2,21.5,449,16.0
426,466.0,11.0,512.0,13.0,23,3,1,3,4.0,0,34.2,6.2,10.6,39.2,8.5,20.3,450,10.0
427,436.0,2.0,449.0,1.0,51,1,0,3,3.0,1,16.3,31.4,49.8,18.4,39.9,6.7,451,1.0
428,517.0,14.0,476.0,15.0,41,1,0,3,4.0,0,9.3,16.5,74.1,7.3,11.0,68.1,452,16.0
429,441.0,16.0,477.0,20.0,8,3,1,3,4.0,0,26.1,4.0,26.5,44.1,7.6,4.5,453,19.0
430,472.0,13.0,433.0,13.0,45,0,1,0,5.0,1,10.4,7.0,82.0,9.1,14.4,35.1,454,13.0
431,402.0,1.0,446.0,1.0,16,0,2,3,5.0,0,18.7,45.0,9.0,56.3,1.6,7.3,455,1.0
432,447.0,12.0,436.0,14.0,45,1,0,3,4.0,1,18.6,34.1,51.9,13.0,11.8,21.0,456,14.0
433,324.0,63.0,385.0,74.0,55,0,1,3,4.0,0,16.9,12.4,16.6,57.3,44.8,9.9,457,82.0
434,536.0,21.0,490.0,17.0,14,3,2,3,1.0,0,32.7,5.7,28.9,6.5,51.4,41.6,458,12.0
435,409.0,1.0,488.0,1.0,27,0,1,0,5.0,0,18.6,22.9,69.5,5.2,9.2,6.1,459,1.0
436,491.0,93.0,455.0,89.0,55,1,1,3,4.0,0,10.3,5.4,12.6,83.7,14.9,13.3,460,83.0
437,445.0,85.0,451.0,88.0,55,0,0,3,5.0,0,17.9,7.9,29.6,37.6,56.3,21.0,461,84.0
438,554.0,24.0,491.0,21.0,8,0,0,3,4.0,0,15.5,6.0,31.8,55.8,10.1,6.2,462,20.0
439,433.0,16.0,467.0,17.0,6,3,0,3,3.0,0,15.3,36.2,5.4,28.0,84.4,89.6,463,17.0
440,485.0,31.0,524.0,32.0,15,0,1,3,5.0,0,15.8,6.0,10.0,66.0,47.9,12.7,464,26.0
441,439.0,48.0,437.0,51.0,54,0,1,0,4.0,0,12.9,12.9,33.8,25.9,73.9,61.0,465,48.0
442,526.0,16.0,459.0,15.0,45,1,1,3,5.0,1,4.7,1.9,96.5,17.1,3.2,4.3,466,15.0
443,596.0,30.0,503.0,22.0,8,0,0,3,4.0,0,19.2,5.0,17.0,65.6,4.5,4.1,467,21.0
444,413.0,77.0,429.0,82.0,55,1,0,3,4.0,1,11.7,11.0,41.2,27.3,29.6,80.9,468,85.0
445,463.0,4.0,527.0,4.0,9,0,1,2,5.0,1,34.0,70.6,17.0,2.5,6.5,2.0,469,3.0
446,575.0,27.0,546.0,27.0,8,3,1,3,5.0,0,16.4,10.4,27.5,55.7,9.3,5.5,470,22.0
447,531.0,34.0,462.0,28.0,15,0,1,0,4.0,0,11.9,5.8,57.9,18.4,40.8,47.3,471,27.0
448,602.0,27.0,499.0,25.0,1,3,1,0,3.0,0,18.3,25.9,8.7,28.3,100.0,55.1,472,25.0
449,550.0,18.0,460.0,16.0,24,2,0,3,5.0,0,6.0,2.4,99.9,10.0,4.6,2.6,473,17.0
450,438.0,1.0,556.0,1.0,36,0,2,0,5.0,1,36.5,56.3,19.2,1.7,7.0,2.3,474,1.0
451,425.0,79.0,431.0,83.0,55,3,1,3,5.0,0,24.5,26.3,16.1,36.6,32.1,6.6,475,86.0
452,490.0,8.0,487.0,9.0,18,0,1,0,4.0,0,37.1,43.7,12.1,15.6,1.7,1.8,476,7.0
453,446.0,3.0,500.0,3.0,43,1,3,0,2.0,0,14.5,25.8,15.7,24.3,100.0,67.8,477,3.0
454,432.0,28.0,453.0,27.0,15,0,1,3,5.0,0,18.0,4.7,55.1,24.1,11.6,12.7,478,28.0
455,459.0,50.0,418.0,48.0,54,1,0,3,4.0,0,10.6,10.6,21.1,40.7,75.9,65.3,479,49.0
456,577.0,29.0,547.0,28.0,8,3,0,3,4.0,0,12.1,3.9,21.2,71.3,13.5,4.3,480,23.0
457,405.0,3.0,409.0,3.0,9,0,0,1,5.0,1,8.9,39.0,79.8,1.0,16.9,2.2,481,4.0
458,498.0,4.0,492.0,5.0,5,3,1,3,3.0,0,31.2,15.5,35.5,14.7,5.9,2.2,482,5.0
459,635.0,6.0,530.0,7.0,29,1,3,3,2.0,1,12.6,26.2,35.5,20.9,82.2,30.1,483,7.0
460,481.0,51.0,432.0,49.0,54,1,0,3,5.0,0,9.9,6.0,28.0,42.1,59.8,57.3,484,50.0
461,483.0,11.0,430.0,11.0,49,1,2,3,3.0,1,3.8,4.5,59.3,50.2,3.7,8.1,485,11.0
462,494.0,21.0,475.0,19.0,8,3,1,3,4.0,0,16.6,12.6,53.1,25.2,13.9,3.0,486,24.0
463,590.0,26.0,641.0,28.0,1,1,0,3,3.0,0,15.5,12.6,5.2,38.7,95.5,68.7,487,26.0
464,470.0,89.0,441.0,86.0,55,0,1,3,5.0,0,9.8,3.8,72.6,20.1,18.5,13.3,488,87.0
465,502.0,2.0,498.0,2.0,20,1,2,3,4.0,0,4.7,15.0,7.4,94.9,7.0,2.6,489,2.0
466,456.0,3.0,519.0,3.0,7,0,1,2,5.0,0,35.6,60.2,13.1,4.7,8.2,2.2,490,3.0
467,514.0,5.0,480.0,4.0,25,0,0,2,4.0,0,7.0,6.1,94.1,1.0,17.1,17.7,493,3.0
468,528.0,1.0,539.0,1.0,56,2,1,1,2.0,1,13.4,17.3,79.1,1.3,18.1,3.7,494,1.0
469,417.0,17.0,454.0,15.0,14,3,1,3,1.0,0,33.9,4.9,13.5,25.0,23.6,26.6,495,13.0
470,428.0,81.0,440.0,85.0,55,0,0,3,5.0,0,11.0,10.2,11.6,67.1,39.3,22.5,496,88.0
471,408.0,1.0,485.0,1.0,52,0,1,2,5.0,0,10.8,11.4,72.2,1.8,1.3,78.4,497,1.0
472,493.0,2.0,533.0,2.0,10,0,3,3,5.0,0,18.7,39.7,33.9,10.6,18.2,57.5,498,3.0
473,381.0,16.0,425.0,14.0,14,3,0,3,1.0,0,20.3,18.8,13.1,42.8,20.1,39.3,499,14.0
474,457.0,7.0,484.0,7.0,13,1,0,3,3.0,0,14.5,10.5,43.8,33.5,27.9,9.1,500,6.0
